InX,InY,OutX,OutY
-0.3251583497,6.753781355,0.3251583497,-6.753781355
1.671224779,6.873001045,2.321021118,-6.624057877
3.667618994,6.992223456,4.316872444,-6.494331439
5.663990703,7.111445867,6.312746277,-6.364605002
7.660373832,7.230665557,8.308609044,-6.234881524
9.656802533,7.349887968,10.30442588,-6.105155086
11.65318566,7.469107658,12.30028865,-5.975431609
13.64957702,7.588327839,14.29614312,-5.845707597
15.64599749,7.707549759,16.29196826,-5.715981694
17.6423716,7.826769983,18.28783997,-5.586257635
19.63876869,7.945994269,20.28368819,-5.456529159
21.63514654,8.065214271,22.27955619,-5.326805341
23.63152967,8.184433961,24.27541896,-5.197081863
25.62795837,8.303656372,26.2712358,-5.067355425
27.6243415,8.422876062,28.26709856,-4.937631949
29.62075528,8.542097582,30.26293044,-4.80790648
31.6171526,8.661318206,32.2587789,-4.678181986
33.61351759,8.780540574,34.25465946,-4.548455596
35.60991926,8.899762985,36.25050333,-4.418729158
37.60630238,9.018982675,38.2463661,-4.28900568
39.60269608,9.138202996,40.24221838,-4.159284077
41.5991144,9.257424787,42.23804589,-4.029561781
43.59549734,9.376644466,44.23390847,-3.899832288
45.5919261,9.49586688,46.22972537,-3.770107677
47.58828528,9.615088003,48.22561212,-3.64038611
49.58464667,9.734308994,50.22149667,-3.510664684
51.58107513,9.853531391,52.21731328,-3.380930596
53.57745837,9.972751088,54.21317615,-3.25121058
55.57387451,10.09197275,56.20900587,-3.121488426
57.5702704,10.2111932,58.20485596,-2.991767214
59.56666926,10.33041383,60.20070288,-2.862042715
61.56306634,10.44963623,62.1965511,-2.732312465
63.55941944,10.56885771,64.19244388,-2.602590505
65.55581532,10.68807816,66.18829382,-2.472866556
67.55223128,10.80729981,68.1841235,-2.343140946
69.54861441,10.9265195,70.17998627,-2.213417469
71.54504311,11.04574192,72.17580311,-2.083691031
73.54142624,11.1649616,74.17166588,-1.953967553
75.53784003,11.28418402,76.16749763,-1.824241115
77.53419898,11.40340602,78.16338427,-1.694515117
79.5305753,11.52262612,80.1592538,-1.5647912
81.52699358,11.64184791,82.15508114,-1.435065439
83.52338713,11.76106822,84.15093341,-1.305341286
85.51978823,11.88028898,86.14677806,-1.17561664
87.51619895,11.99951032,88.14261302,-1.04589137
89.51258208,12.11873001,90.13847579,-0.9161678923
91.50894941,12.23795242,92.13435401,-0.7864414552
93.50534801,12.35717483,94.13020095,-0.6567150172
95.50173114,12.47639452,96.12606371,-0.5269915396
97.49815984,12.59561693,98.12188055,-0.3972651024
99.49454297,12.71483662,100.1177433,-0.2675416248
101.4909665,12.83405872,102.1135654,-0.1378155229
103.4873549,12.95327873,104.109423,-0.008093909598
105.4837156,13.07249976,106.1053082,0.1216275583
107.4801126,13.19172306,108.1011563,0.2513606357
109.4765039,13.31094324,110.0970109,0.381083172
111.4729074,13.43016414,112.0928534,0.5108045031
113.4693159,13.54938535,114.0886907,0.6405261654
115.4656988,13.66860503,116.0845533,0.7702572906
117.4621276,13.78782745,118.0803702,0.8999802692
119.4584966,13.90704798,120.0762472,1.029701202
121.4548483,14.02626956,122.0721414,1.159423279
123.4512769,14.14549197,124.0679583,1.289149717
125.4476599,14.26471165,126.063821,1.418877366
127.4440858,14.3839339,128.0596409,1.548600154
129.4404719,14.50315376,130.0555007,1.67832311
131.436855,14.62237345,132.0513635,1.808046587
133.4332719,14.74159586,134.0471922,1.937773025
135.4296293,14.86081778,136.0430804,2.067498924
137.4260265,14.98003931,138.0389288,2.197224401
139.4224327,15.09926037,140.0347683,2.326949378
141.4188159,15.21848006,142.030631,2.456672855
143.4152446,15.33770248,144.0264479,2.586399293
145.4116277,15.45692216,146.0223106,2.716122771
147.4080132,15.57614199,148.018171,2.8458464
149.4044103,15.695366,150.0140193,2.975574573
151.4007768,15.81458668,152.0098986,3.105299123
153.3972048,15.93380905,154.0057161,3.235025518
155.3935886,16.05302878,156.0015782,3.364749038
157.3899717,16.17224847,157.9974409,3.494472516
159.3864004,16.29147088,159.9932578,3.624198954
161.3827835,16.41069057,161.9891205,3.753922431
163.3791704,16.52991298,163.9849792,3.883648869
165.3755495,16.64913539,165.9808457,4.013375307
167.3719327,16.76835508,167.9767085,4.14309694
169.3683615,16.8875775,169.9725255,4.272819918
171.3647444,17.00679718,171.9683881,4.402548699
173.3611322,17.12601715,173.9642463,4.532271357
175.3575564,17.24523929,175.9600678,4.661994037
177.3539269,17.36445974,177.9559433,4.791714871
179.3503241,17.48368403,179.9517916,4.921440277
181.3467054,17.6029038,181.9476557,5.051171119
183.3430887,17.7221235,183.9435186,5.180891133
185.3395175,17.84134592,185.9393356,5.310614112
187.3359006,17.96056561,187.9351983,5.44033725
189.3323106,18.0797869,189.9310337,5.570067009
191.328708,18.19900797,191.9268823,5.699788515
193.3250694,18.31823012,193.9227666,5.829513603
195.3214784,18.43745253,195.9186031,5.959240041
197.3178615,18.55667222,197.9144659,6.088963519
199.3142515,18.67589232,199.9103217,6.21868744
201.3106733,18.79511432,201.9061455,6.348413434
203.3070565,18.91433401,203.9020082,6.478136911
205.3034852,19.03355642,205.8978251,6.607863348
207.2998406,19.15277776,207.8937154,6.737588614
209.2962055,19.27199852,209.8895962,6.867313264
211.2926342,19.39122093,211.885413,6.997039702
213.2890173,19.51044062,213.8812758,7.126763179
215.2854297,19.62966206,215.8771091,7.256488557
217.2818292,19.74888272,217.8729554,7.386213094
219.2782244,19.86810314,219.868806,7.515937356
221.2746216,19.98732598,221.8646543,7.645664263
223.2709782,20.10654724,223.8605433,7.775389447
225.2673704,20.22576747,225.8563969,7.905113515
227.2637901,20.34498934,227.8522229,8.034839362
229.2601732,20.46420903,229.8480857,8.16456284
231.2566019,20.58343144,231.8439026,8.294287789
233.252985,20.70265113,233.8397653,8.424012755
235.2493915,20.82187354,235.8356044,8.553739192
237.2457541,20.94109577,237.8314874,8.683464668
239.2421342,21.06031565,239.8273534,8.813184887
241.2385489,21.17953723,241.8231845,8.94290695
243.2349462,21.29875776,243.8190332,9.072627913
245.2313435,21.41797829,245.8148813,9.202359937
247.2277579,21.53719986,247.8107127,9.332081984
249.2241383,21.65641972,249.8065784,9.461802183
251.2205012,21.77564196,251.8024611,9.591527744
253.216907,21.89486437,253.7983006,9.721259065
255.2132902,22.01408406,255.7941634,9.85097908
257.209719,22.13330648,257.7899803,9.980704096
259.2061021,22.25252617,259.7858431,10.11042757
261.202522,22.37174805,261.7816688,10.24015344
263.1989139,22.49096827,263.7775227,10.36987749
265.1952709,22.61018951,265.7734115,10.49960266
267.191668,22.72941238,267.7692598,10.6293296
269.188063,22.84863278,269.7651106,10.75905384
271.1844627,22.96785346,271.7609567,10.8887784
273.1808748,23.08707488,273.7567902,11.01850376
275.1772579,23.20629457,275.752653,11.14822724
277.1736866,23.32551698,277.7484698,11.27795367
279.1700518,23.44473773,279.7443504,11.4076783
281.166407,23.56395908,281.7402409,11.53740359
283.1628357,23.68318149,283.7360578,11.66713003
285.1592188,23.80240118,285.7319205,11.7968535
287.1556409,23.9216232,287.727744,11.92657951
289.1520306,24.04084329,289.7236001,12.05630342
291.1484138,24.16006297,291.7194629,12.1860269
293.1448233,24.27928539,293.7152989,12.31575333
295.1411844,24.39850752,295.7111835,12.44547834
297.1375817,24.51772861,297.7070319,12.57520447
299.1339915,24.6369499,299.7028677,12.70492969
301.1303747,24.75616959,301.6987305,12.83465276
303.1268035,24.87539201,303.6945474,12.96437574
305.1231867,24.9946117,305.6904103,13.09409575
307.1195686,25.11383148,307.6862745,13.22381585
309.1159655,25.23305575,309.6821225,13.35355198
311.1123357,25.35227621,311.6779982,13.48327283
313.1087602,25.47149837,313.6738195,13.61299553
315.1051477,25.59071832,315.6696779,13.74271824
317.1015307,25.709938,317.6655405,13.87244695
319.0979595,25.82916042,319.6613575,14.00216993
321.0943427,25.94838011,321.6572203,14.13189163
323.0907222,26.06760252,323.6530863,14.26161807
325.0871086,26.18682494,325.6489455,14.39134451
327.0834917,26.30604463,327.6448082,14.52106798
329.0799204,26.42526704,329.6406251,14.65079442
331.0763035,26.54448673,331.6364879,14.7805179
333.0726876,26.66370647,333.6323497,14.91024144
335.0691154,26.78292883,335.6281675,15.03996781
337.0794391,26.91495619,337.6091361,15.17126613
339.0495516,27.04613759,339.6302573,15.3046947
341.1237367,27.18400162,341.5472998,15.43134311
343.0961962,27.31254492,343.566338,15.56328347
345.0706306,27.44171306,345.5835272,15.69269617
347.1225834,27.57864383,347.5231281,15.8151694
349.0341359,27.70259506,349.6034061,15.94646963
351.098741,27.83760731,351.5305556,16.06747121
353.0772148,27.96510962,353.5440524,16.1931961
355.0565265,28.09472962,355.5566493,16.31750209
357.0369565,28.22441444,357.5680512,16.442987
359.0187282,28.35613427,359.5778298,16.57051605
360.9974165,28.48744646,361.5906955,16.69876175
362.9752039,28.62005762,363.604227,16.8294382
365.0540431,28.76213249,365.516357,16.95576154
367.0264504,28.90091149,367.5345728,17.09034471
368.9955909,29.04029361,369.5560077,17.22518001
370.9610327,29.18022328,371.5810781,17.36030921
373.026756,29.32876746,373.5058986,17.48644493
374.9895965,29.46957525,375.5335661,17.62079697
376.9539262,29.61203824,377.5594884,17.75730742
378.9164677,29.75406132,379.5871247,17.89523115
380.9784521,29.90624548,381.5149105,18.02846422
382.9388722,30.04773237,383.5446064,18.16778481
384.9705665,30.19691632,385.5029722,18.30032199
386.9601388,30.34283087,387.5035059,18.4350536
388.9183611,30.48605753,389.5354331,18.57217714
390.9740144,30.63784491,391.4699787,18.70001156
392.9295038,30.78212807,393.5047535,18.83427601
394.9562933,30.93444736,395.4681401,18.96160851
396.9376442,31.08153456,397.4772236,19.09026816
398.8900795,31.22473805,399.5152881,19.22233976
400.938476,31.37429912,401.4573375,19.34875358
402.8888519,31.51492818,403.4975987,19.48149206
404.9349317,31.66224163,405.4422065,19.60641029
406.8844595,31.80263403,407.4831834,19.74132954
408.9286779,31.94815428,409.4294134,19.8717432
410.8757217,32.08583088,411.4728343,20.00996215
412.9169649,32.2316451,413.4219645,20.14123473
414.8622991,32.37070236,415.4668627,20.28131838
416.8996891,32.5135668,417.4199021,20.41488402
418.9352948,32.65336134,419.3749896,20.54769093
420.8758105,32.78509674,421.425385,20.68524048
422.8907458,32.92235633,423.4014074,20.81666927
424.8656097,33.05737045,425.4175813,20.9491387
426.8779305,33.19562337,427.3965746,21.07411391
428.8134727,33.32905533,429.452258,21.20531949
430.8402355,33.47282529,431.4165301,21.32905206
432.8647275,33.61702203,433.3830916,21.45209822
434.8448225,33.75820844,435.3940348,21.57834492
436.8165911,33.8981346,437.4133142,21.70568119
438.8360523,34.04171948,439.3849197,21.82907698
440.8553062,34.18248743,441.3569382,21.95208453
442.8740622,34.3226868,443.3293865,22.07680435
444.8670889,34.45923312,445.3275701,22.20494747
446.8183154,34.59061651,447.3675875,22.33785437
448.8336742,34.72532097,449.3435337,22.46637638
450.8476701,34.85827013,451.3207861,22.59770052
452.8106681,34.98645283,453.3490228,22.73397032
454.7835291,35.11638031,455.3673132,22.86982896
456.7950259,35.24659022,457.3470633,23.00400047
458.8045644,35.37305744,459.3291303,23.13636652
460.8112334,35.49771163,461.3142179,23.26825415
462.8187477,35.62334947,463.2983566,23.40069913
464.8249,35.74704718,465.2838815,23.53478393
466.8298374,35.8694156,467.2707308,23.66842202
468.7472968,35.98775008,469.3449294,23.80816645
470.7499905,36.11494932,471.3335739,23.94373778
472.7523326,36.24496682,473.3223516,24.07994403
474.7549838,36.3775182,475.310686,24.21547113
476.7584987,36.5125625,477.2980596,24.35008126
478.763887,36.65029332,479.2834867,24.48314314
480.7049659,36.784488,481.3334669,24.61602692
482.7009222,36.92323722,483.3291063,24.73604964
484.7166194,37.06438297,485.3053656,24.84804795
486.7401067,37.20688879,487.274209,24.95220864
488.6876355,37.34454837,489.3189997,25.06162658
490.7161079,37.48822573,491.2821538,25.17579211
492.6679357,37.62749154,493.3209478,25.30999976
494.6979093,37.77348365,495.2807531,25.44937389
496.7264932,37.91987462,497.2411559,25.59942707
498.6851808,38.06249881,499.2703131,25.76817856
500.6467796,38.20798013,501.2952085,25.95089442
502.6756356,38.36613415,503.2508727,26.1440505
504.6337678,38.52032359,505.2746998,26.36842777
506.5882693,38.68029146,507.2992158,26.61722986
508.599345,38.85204961,509.2662361,26.86267653
510.5375855,39.0301034,511.3044001,27.11787364
512.4148832,39.23652487,513.3992377,27.38225498
514.2227034,39.49301399,515.5549357,27.66365398
515.9479003,39.80983529,517.7795224,27.97545563
517.6648237,40.22237364,519.9814323,28.35491985
519.3343031,40.73595723,522.1803259,28.84878929
520.9157752,41.35436113,524.3917054,29.4900518
522.4268437,42.07528027,526.5748059,30.29212969
523.7701275,42.8426647,528.8022401,31.31872023
525.0869677,43.75129756,530.8971387,32.48845058
526.2135956,44.68231079,533.0123692,33.89142715
527.2418853,45.68938708,535.0261275,35.47142569
528.1876288,46.77865324,536.9191317,37.18944557
529.0985987,48.02978216,538.6126725,38.96264706
529.8330893,49.2125261,540.2836148,40.96341154
530.4576604,50.42207021,541.8215331,43.10546075
530.9590229,51.59590419,543.2457463,45.42481401
531.3650783,52.77295025,544.4688064,47.89163971
531.6888602,54.03846011,545.4166497,50.41125164
531.9205674,55.34642314,546.0870989,52.99469229
532.09246,56.86903914,546.4566221,55.43237853
532.1894895,58.3469248,546.5890074,57.9465519
532.2041297,59.6278382,546.4652033,60.66277065
532.1298568,61.17372324,546.1192267,63.09286094
531.9719089,62.75509171,545.5746438,65.44535853
531.7692665,64.11380547,544.7640079,67.95053281
531.4533334,65.53293184,543.8052325,70.31509638
531.0716712,66.79747256,542.653329,72.74111625
530.6008584,68.0523541,541.3857773,75.08356041
529.9692698,69.43346608,540.0709591,77.1915465
529.3264834,70.60079583,538.537124,79.37669209
528.5005841,71.87102547,536.9803614,81.31545705
527.5592236,73.09694459,535.3231432,83.12729954
526.6640831,74.09198583,533.3560658,84.9218548
525.4146954,75.23940257,531.4990636,86.28773707
524.1814431,76.1907942,529.3942143,87.53112487
522.8716471,77.02335684,527.1717394,88.56515083
521.3534014,77.79700736,525.0263691,89.39060251
519.7776691,78.4556487,522.8480648,90.10985424
518.1974465,79.0132706,520.6161535,90.76071201
516.5008487,79.48626367,518.4460758,91.31044354
514.7311821,79.88175957,516.3161242,91.80400829
512.8599168,80.22978233,514.2643444,92.23502865
511.0970796,80.52417352,512.0888987,92.63648347
509.0750116,80.83523539,510.1632288,92.96419196
507.2906225,81.08975784,507.9957866,93.32034306
505.3678648,81.33712066,505.9597149,93.63020214
503.3883249,81.58408188,503.9799536,93.93024804
501.4474326,81.82870941,501.9608357,94.224771
499.3963557,82.10755374,500.0509988,94.48716237
497.415273,82.38386203,498.0724195,94.76074718
495.3501248,82.69432718,496.1812592,95.0273799
493.3559873,82.99935624,494.2200753,95.30838175
491.283787,83.32798603,492.337356,95.57172907
489.2827202,83.65573875,490.3850079,95.84795758
487.265716,83.98118101,488.4477138,96.12387056
485.2773202,84.29744055,486.4805956,96.4015992
483.2221125,84.62445546,484.5808697,96.67295162
481.2956986,84.92927736,482.5523423,96.96676778
479.3033182,85.23941886,480.5894685,97.25311781
477.3077837,85.5512677,478.6305475,97.5430409
475.3614431,85.85190688,476.6233971,97.85040563
473.4078221,86.15137197,474.6240208,98.16211927
471.4233493,86.4609729,472.6567803,98.47187101
469.4310514,86.76588354,470.6978133,98.78894939
467.5235867,87.05570624,468.6546312,99.12502673
465.534717,87.36252027,466.6942589,99.45230414
463.5195274,87.66488317,464.7594394,99.77891159
461.5480714,87.95811646,462.7817473,100.1202172
459.5500178,88.27218765,460.8332671,100.4564002
457.5942351,88.58728586,458.8428951,100.7942784
455.6070982,88.91629858,456.885232,101.1263355
453.5885097,89.25468544,454.9595909,101.4524634
451.6226335,89.5868246,452.9817152,101.7877736
449.6955677,89.92006699,450.9652275,102.1226995
447.7119964,90.26943406,449.0058514,102.4457458
445.7196743,90.61843964,447.0542101,102.7626356
443.7688467,90.95535633,445.0586765,103.077979
441.7915451,91.28994643,443.0879403,103.3841066
439.8428648,91.61235696,441.0857842,103.6856818
437.8923126,91.93562753,439.0851913,103.9846492
435.9099741,92.26037866,437.1166955,104.282429
433.8722041,92.59217178,435.2041776,104.5784005
431.964589,92.90842537,433.1638664,104.9021748
429.9493831,93.2443912,431.236047,105.232318
427.9371242,93.61200417,429.3228338,105.6251012
425.8287237,94.04816472,427.5288922,106.060191
423.7047725,94.5827502,425.790418,106.5590194
421.5719034,95.25777993,424.1317622,107.1514446
419.3482916,96.14762833,422.6736577,107.8173033
417.1585412,97.2791553,421.348573,108.5877273
415.0424142,98.66432584,420.1575314,109.4463198
413.0959848,100.250626,419.0604356,110.4497887
411.261802,102.1257664,418.1624656,111.4903245
409.5926723,104.3134401,417.4815059,112.5337217
408.1620789,106.7710087,416.9741671,113.5708738
407.0298592,109.3582868,416.6009371,114.6851754
406.190535,112.1449691,416.3833597,115.7522699
405.7391159,114.6144857,416.2615539,117.2354903
405.5276984,117.3341585,416.3063781,118.5056383
405.5782019,120.0707351,416.4917756,119.7536586
405.8575476,122.6862998,416.8067625,121.0848961
406.3058087,125.0635878,417.2732316,122.5928413
406.9622959,127.5690647,417.741947,123.9182299
407.7144372,129.8159473,418.3139704,125.440506
408.4665353,131.8048485,418.9867999,127.1852728
409.21903,133.750558,419.6847754,128.9633847
409.9250992,135.5899246,420.4146525,130.8542382
410.6693196,137.5356249,421.1087505,132.6377365
411.3938922,139.4386538,421.818839,134.4665349
412.1708388,141.4651006,422.4607832,136.1784177
412.8752647,143.3164676,423.1681386,138.0688128
413.5917935,145.2017811,423.8483869,139.9312043
414.3255274,147.1538953,424.5000575,141.731203
415.0445456,149.0723841,425.1640589,143.5657794
415.6982519,150.8398361,425.8777153,145.5572318
416.3914772,152.7252693,426.5512387,147.4309226
417.1163127,154.6996494,427.1961692,149.2145708
417.8311842,156.6309114,427.8631782,151.0369803
418.5234943,158.4778695,428.5659043,152.9388162
419.2471191,160.391627,429.2490239,154.7694998
419.9719145,162.2967898,429.939002,156.6057453
420.6813659,164.1445134,430.6517265,158.4966527
421.4118829,166.0348262,431.3525754,160.3414556
422.1398642,167.9056004,432.066438,162.2017638
422.8691486,169.771361,432.7845858,164.0649156
423.6119684,171.6624408,433.4914246,165.9018646
424.3445972,173.5235207,434.2095786,167.7683923
425.0752459,175.3888076,434.9226387,169.6334606
425.7727407,177.1710288,435.6653905,171.5829415
426.5258034,179.0990784,436.3464433,173.3889269
427.2431507,180.9453988,437.0590644,175.2782513
427.937994,182.7388074,437.7887296,177.2225761
428.6614464,184.6237472,438.4819467,179.0783292
429.3313814,186.4172818,439.2030871,181.0350738
429.8951457,188.0345368,439.9600926,183.1933312
430.393044,189.6577593,440.6571428,185.3871207
430.7988368,191.2270096,441.2981523,187.6780578
431.1061646,192.7381289,441.8549659,190.0717327
431.3000782,194.1412371,442.3033867,192.6156112
431.3836047,195.5027949,442.5538828,195.238603
431.3595258,196.8223127,442.5726188,197.917703
431.2421679,198.0026829,442.3206625,200.7184139
430.9805891,199.374303,441.8185162,203.2714534
430.6502026,200.6185711,441.0417253,205.8695669
430.1819381,201.9111763,440.0450491,208.2968237
429.6552575,203.0315276,438.7180415,210.7186233
428.9607225,204.1983949,437.1736091,212.8629485
428.1395335,205.2930776,435.3896058,214.8001113
427.196755,206.3217985,433.4255595,216.515252
426.1229382,207.2691753,431.3172187,217.9868597
424.8361807,208.1714765,429.1883021,219.1612547
423.5407132,208.8876288,426.8687347,220.1524004
422.0573327,209.5079259,424.5906207,220.8866969
420.5575989,209.950668,422.2177436,221.4387407
418.8938018,210.2557516,419.9363749,221.7861677
417.2827815,210.4102368,417.5638253,221.9825065
415.4261157,210.4615955,415.4222711,222.02308
413.5555436,210.4427625,413.2935452,221.9914893
411.6891594,210.3937822,411.1626956,221.9073153
409.8292021,210.3097054,409.0293077,221.8017378
407.9485525,210.2180726,406.917082,221.7060036
406.0032732,210.1062093,404.8718834,221.6095415
404.1176931,209.985242,402.7685904,221.5163569
402.0525759,209.849433,400.8466057,221.4254801
400.0855955,209.7288105,398.8240283,221.3419909
398.0760467,209.5927662,396.8453604,221.2473699
396.0611367,209.4657027,394.8706343,221.1630222
394.0079644,209.3271633,392.9346783,221.0748257
391.9426795,209.2006124,391.0090676,220.9868838
390.0092322,209.0954358,388.9498991,220.8822441
387.9421796,208.9794842,387.0251456,220.7793301
385.8221566,208.8632703,385.1525973,220.6817845
383.887333,208.7627385,383.0940543,220.5723336
381.858343,208.6590525,381.1294497,220.468138
379.798528,208.5524066,379.195606,220.3668378
377.7676035,208.4487203,377.2324894,220.2655377
375.8419617,208.3559298,375.1635983,220.1585558
373.7739922,208.2533876,373.2370244,220.0609324
371.6905759,208.1479262,371.3260627,219.9633162
369.7193703,208.0534476,369.3022664,219.8625634
367.6776945,207.9595574,367.3485356,219.7682228
365.7498592,207.872497,365.2809912,219.6658764
363.6752074,207.7778365,363.3602266,219.5718021
361.6870001,207.6882347,361.3530117,219.4726015
359.7109941,207.5973898,359.3335351,219.3748612
357.7312098,207.5039132,357.3177959,219.2803026
355.744556,207.4077026,355.3087793,219.1919549
353.7485447,207.3131969,353.3088084,219.1092626
351.7208191,207.2194,351.3404766,219.0269903
349.7219572,207.132949,349.3427677,218.948804
347.7216759,207.0466001,347.3465393,218.8686619
345.7183679,206.9606881,345.353405,218.7863162
343.6464014,206.8783703,343.4286449,218.7070738
341.7077448,206.8052594,341.3704536,218.6217552
339.6997833,206.7311622,339.3815274,218.5387525
337.6916622,206.6576032,337.3927914,218.4540616
335.6859315,206.5844082,335.4015408,218.3722287
333.679389,206.5134682,333.4110265,218.2903867
331.6733416,206.4384165,331.4202409,218.2067812
329.704952,206.3631676,329.3922559,218.1118735
327.7310132,206.2848799,327.3698784,218.0189998
325.7240913,206.2024087,325.3804937,217.9298495
323.717698,206.1148782,323.3907524,217.842319
321.7103693,206.0287135,321.4018063,217.7565482
319.7406429,205.9416883,319.3754345,217.6673557
317.7325431,205.8515344,317.3876188,217.5771875
315.7598818,205.7618938,315.3641973,217.4904477
313.7495636,205.6719446,313.3784873,217.4026736
311.7832237,205.5768805,311.3491597,217.3122486
309.8004186,205.4793306,309.3364578,217.2208956
307.7297044,205.3758643,307.411949,217.1296857
305.7397509,205.2743945,305.4067398,217.0350537
303.7800902,205.1728436,303.3715706,216.9339525
301.8266886,205.0699637,301.3304728,216.8275294
299.7839655,204.9594965,299.3791356,216.7204345
297.7579289,204.8495877,297.4117831,216.600708
295.8042743,204.7431125,295.372601,216.4681322
293.7874627,204.6337634,293.3968519,216.3338834
291.8526546,204.5277087,291.339375,216.1918052
289.7791066,204.4122853,289.4209147,216.055084
287.8542013,204.3032068,287.3545812,215.9002853
285.8640739,204.1846712,285.354121,215.7449619
283.9033352,204.0565393,283.3257975,215.5780402
281.9344993,203.9132655,281.3069459,215.4080498
279.9565208,203.7514365,279.2989802,215.2354238
277.9047463,203.5722892,277.3660185,215.0658342
275.9878704,203.3995082,275.299322,214.8771334
274.0030479,203.2108182,273.3015299,214.6937988
272.0237283,203.0145072,271.2995459,214.5044817
270.0534533,202.8099659,269.290163,214.3068312
268.1048043,202.5991577,267.2608575,214.0987771
266.1136776,202.3774031,265.2760633,213.8836026
264.1180525,202.1544954,263.2968623,213.6588267
262.1725828,201.9286247,261.2697897,213.4173709
260.1714941,201.6866245,259.3000855,213.1771588
258.2442373,201.4417698,257.2595672,212.9156013
256.3130805,201.1825041,255.2256119,212.6479888
254.3262592,200.9013311,253.2515179,212.3719181
252.4056806,200.6133066,251.2152103,212.0745564
250.4753464,200.3098004,249.1930076,211.7642707
248.4979643,199.9836139,247.222038,211.4499965
246.5164188,199.6463144,245.2585666,211.1269811
244.596502,199.3069254,243.2371513,210.7841632
242.6882239,198.9635491,241.2074645,210.426211
240.700966,198.6012648,239.2587801,210.0757545
238.7158418,198.2328376,237.310272,209.7188069
236.7436878,197.8582537,235.3512566,209.3548405
234.8332257,197.4877047,233.3333204,208.9721894
232.935479,197.116371,231.3044716,208.5808982
230.9326165,196.7166051,229.3831578,208.2057419
228.9844254,196.3192121,227.4112706,207.8079548
227.0931441,195.931025,225.3854292,207.3862535
225.1229772,195.5207939,223.4419754,206.9700073
223.1553257,195.1020946,221.5001446,206.5426308
221.2707062,194.6949588,219.4787759,206.0879691
219.3093819,194.2638833,217.5373087,205.6426261
217.3491588,193.8198205,215.599215,205.1906738
215.3915025,193.3669173,213.6627251,204.7296156
213.5217711,192.9249516,211.6425782,204.2395371
211.5329999,192.4431321,209.7467609,203.7675692
209.6197932,191.9729932,207.7785683,203.2709746
207.7334986,191.499599,205.788771,202.7565561
205.8177409,191.0080115,203.8339637,202.2388977
203.8792384,190.4999632,201.906919,201.7187305
201.9561865,189.9825663,199.9692801,201.1897053
200.0971588,189.471083,197.9724426,200.6371971
198.1702547,188.9259549,196.0491817,200.0979137
196.3329662,188.3983864,194.0407488,199.5253891
194.3731271,187.8265231,192.1595965,198.9807237
192.4967239,187.2707167,190.1985164,198.4080207
190.5607901,186.6886261,188.3010431,197.8479167
188.6711587,186.1108924,186.3619875,197.2677018
186.761821,185.5197993,184.4463413,196.6886973
184.9339016,184.9456786,182.4531234,196.0801638
183.0000567,184.3308652,180.5700291,195.4988355
181.1330895,183.7286517,178.6247841,194.889945
179.2342942,183.1063259,176.7165941,194.2848261
177.338058,182.4734023,174.8124381,193.6700371
175.5266413,181.8549047,172.8313506,193.0170758
173.6403765,181.1980948,170.9333422,192.378073
171.7525541,180.5291798,169.0441763,191.7301976
169.9313873,179.8755633,167.0939316,191.051019
167.9924574,179.1674649,165.2689804,190.4052778
166.1840229,178.5011596,163.318274,189.7046331
164.3040125,177.7994975,161.4457149,189.021337
162.4261029,177.0923681,159.5759374,188.330451
160.5487509,176.3794981,157.7107559,187.6314657
158.7559631,175.692214,155.7671735,186.8906695
156.8399463,174.9505413,153.9533682,186.1872549
155.0072678,174.2360998,152.0629427,185.4393565
153.1797579,173.5173204,150.1752636,184.6758026
151.3471012,172.7897413,148.2994337,183.9043523
149.478576,172.0401533,146.4661925,183.1384163
147.6452071,171.2930368,144.6059088,182.3503377
145.831216,170.5464904,142.7325786,181.5465227
143.9708012,169.7737181,140.9103682,180.7578052
142.1926153,169.0303822,139.0099313,179.9302605
140.3364312,168.2461305,137.1935615,179.1295029
138.5592234,167.4829081,135.3067032,178.288222
136.7142411,166.6790447,133.4945864,177.4717596
134.86718,165.863532,131.69184,176.6505639
133.1034959,165.0762688,129.8138461,175.7831104
131.2635798,164.2439107,128.0191817,174.9452214
129.5059752,163.4348786,126.1519111,174.0630355
127.7272786,162.6018009,124.313065,173.1892675
125.9301507,161.7457841,122.4985922,172.3259028
124.1871251,160.9035901,120.636293,171.4355965
122.3701235,160.0136399,118.85357,170.5814299
120.5758248,159.123136,117.0523574,169.7191843
118.8257882,158.247679,115.2096476,168.8363133
117.079574,157.3685981,113.3666228,167.9498842
115.2855378,156.4596552,111.5774783,167.081057
113.4905141,155.5440335,109.7945837,166.208302
111.6933787,154.6229609,108.0176604,165.3332727
109.9738554,153.7382279,106.1645366,164.4191276
108.181687,152.8130148,104.3874418,163.5387667
106.3914622,151.8877733,102.6092024,162.6567939
104.6032548,150.963826,100.8307031,161.7700594
102.8195654,150.0408037,99.04957668,160.8787434
101.037026,149.1211279,97.26751873,159.9836424
99.25632518,148.2053511,95.48575887,159.0804186
97.48155673,147.2932497,93.70010025,158.1695385
95.71089583,146.3835149,91.91169835,157.2536338
93.89240023,145.4531793,90.16929405,156.3619055
92.10981745,144.5453028,88.3888815,155.4518097
90.31174128,143.6347492,86.62200908,154.548241
88.5241422,142.7359515,84.84104172,153.6400408
86.76231208,141.8549893,83.03091485,152.7207244
84.9540215,140.9558068,81.26316908,151.8277196
83.13936363,140.0571955,79.50011115,150.9374998
81.3281786,139.1669031,77.7288563,150.0484563
79.52038977,138.2801818,75.95134768,149.1615993
77.71498715,137.404532,74.16542996,148.2759308
75.91280872,136.53922,72.36755049,147.3978543
74.04389434,135.6542096,70.6245262,146.5642303
72.17326532,134.7909803,68.86428284,145.7492078
70.29442215,133.9539513,67.08879815,144.9597577
68.40231575,133.1473981,65.30123172,144.1980425
66.42630608,132.3525589,63.56678234,143.4990086
64.48301976,131.6241011,61.76439801,142.8243541
62.48964334,130.9386934,59.97696145,142.2042931
60.46149735,130.3012099,58.19129178,141.6360321
58.4878605,129.7325314,56.32152009,141.0969859
56.38933985,129.1837678,54.54984769,140.6354944
54.32465708,128.7087033,52.71747474,140.2096547
52.29521706,128.3013417,50.82671934,139.8227303
50.21371709,127.9462088,48.96666365,139.4975113
48.09889455,127.6513338,47.1213103,139.2306297
46.03386825,127.4211959,45.21210199,139.0087485
43.93724307,127.2436528,43.32353527,138.8442565
41.805769,127.1163284,41.46178325,138.7411787
39.73814629,127.0464507,39.53133694,138.6921142
37.56632625,127.0352801,37.70334092,138.6967127
35.51878008,127.0839264,35.7526448,138.7601029
33.3680298,127.1957414,33.90998151,138.8741319
31.23464937,127.3699773,32.05845886,139.0450344
29.15506505,127.6031642,30.16484762,139.2730075
27.09822324,127.8908319,28.26261434,139.5546882
25.0145858,128.2412577,26.40434956,139.882503
22.89181888,128.6622083,24.60669382,140.2543476
20.84354858,129.1360556,22.76008446,140.6906762
18.7441383,129.6940768,20.99486093,141.1637032
16.73033102,130.3003016,19.17816831,141.7088823
14.68645569,130.9843416,17.42869795,142.2933631
12.69318757,131.7182391,15.66546152,142.9333237
10.73876083,132.5009214,13.90205392,143.6259706
8.829286777,133.3250911,12.13212503,144.3705729
6.927111033,134.2017426,10.39221455,145.1475784
5.042491361,135.1115033,8.667855313,145.9624324
3.216512173,136.0264744,6.916981211,146.8377263
1.377259611,136.9732761,5.207572163,147.7363774
-0.4413094003,137.9296971,3.498809256,148.6659626
-2.118739736,138.8287057,1.667645507,149.6874987
-3.968557989,139.8345952,0.02075223243,150.6236442
-5.756461562,140.8222584,-1.674071849,151.603035
-7.506642459,141.800765,-3.397170646,152.6081677
-9.251274493,142.7831386,-5.122247903,153.6157509
-10.94801436,143.7394717,-6.894372423,154.6508686
-12.74729971,144.751698,-8.56980721,155.6200159
-14.5016119,145.7413201,-10.29090116,156.6105388
-16.22929107,146.7202117,-12.03811703,157.6127611
-17.95956258,147.6994728,-13.7863388,158.608295
-19.69290741,148.6811003,-15.53157576,159.6013147
-21.42645597,149.6663358,-17.27698562,160.5900545
-23.18468244,150.6707743,-18.99598956,161.5626559
-24.93531355,151.6685661,-20.72492269,162.537809
-26.64161637,152.6370315,-22.50259928,163.5344715
-28.38824692,153.6255396,-24.24373306,164.5043881
-30.1360855,154.6157574,-25.98439829,165.4712693
-31.88457232,155.6100625,-27.72252643,166.4373951
-33.63595788,156.6090395,-29.45517809,167.4034354
-35.38990282,157.6100789,-31.18302461,168.3713891
-37.07838058,158.5728921,-32.97484075,169.3802274
-38.83727367,159.5761734,-34.69459315,170.3514977
-40.60069519,160.5824885,-36.41034516,171.3187897
-42.30563635,161.5559237,-38.18623253,172.3160567
-44.06223085,162.5611648,-39.90832029,173.2852525
-45.80948934,163.5619385,-41.63689444,174.2639745
-47.53264981,164.5499933,-43.38791431,175.2583355
-49.23707826,165.5286657,-45.15595201,176.2650557
-51.01305324,166.547619,-46.85394033,177.2288993
-52.78036595,167.5633801,-48.56440521,178.1892392
-54.49796047,168.5510435,-50.3308443,179.1666187
-56.21402253,169.5359043,-52.10012501,180.1444738
-57.93342988,170.5223402,-53.86494412,181.1227426
-59.70090518,171.5350407,-55.58332022,182.0718578
-61.39188461,172.5024964,-57.38253852,183.0584738
-63.13053749,173.4946659,-59.13425853,184.020086
-64.87416912,174.4841331,-60.88269946,184.9813478
-66.62236194,175.468334,-62.63091226,185.9400938
-68.37466114,176.4482671,-64.38194634,186.8905875
-70.06530705,177.3811096,-66.20219966,187.8743702
-71.78925768,178.3166322,-67.99816201,188.8388851
-73.54556303,179.24541,-69.77307138,189.789031
-75.24845462,180.119693,-71.61593217,190.7660427
-77.01328127,180.9961829,-73.41769747,191.7002183
-78.70260919,181.806322,-75.32008843,192.6503974
-80.47859877,182.625894,-77.16731553,193.5254437
-82.27227962,183.4199414,-79.02693802,194.3601068
-84.01356714,184.1583314,-80.96703566,195.1859825
-85.83848257,184.9025633,-82.84854621,195.9457078
-87.60643272,185.595701,-84.81113316,196.6956743
-89.45675654,186.2936123,-86.71168348,197.3872493
-91.27060862,186.9487826,-88.66559341,198.0750713
-93.12356175,187.5834256,-90.59761611,198.7341122
-94.94033736,188.1746537,-92.58531781,199.3779696
-96.82971167,188.7560075,-94.51926487,199.9721115
-98.6782465,189.293555,-96.51251435,200.5481712
-100.5266629,189.8012492,-98.52398711,201.0895871
-102.4420474,190.2917309,-100.4882007,201.5728766
-104.2551163,190.7256777,-102.5704928,202.0476849
-106.1407217,191.1474649,-104.592816,202.479012
-108.0900857,191.5543147,-106.5638897,202.8657068
-109.9817052,191.9204176,-108.6044551,203.232763
-111.881887,192.2563189,-110.6475547,203.5677583
-113.7957662,192.5606143,-112.6860889,203.8784213
-115.7144675,192.8336016,-114.7286083,204.1607378
-117.6379798,193.0757215,-116.7745447,204.4117106
-119.5658523,193.2869656,-118.8227689,204.6366319
-121.4974786,193.4671631,-120.8733075,204.8331812
-123.419103,193.6139585,-122.9396794,204.9951976
-125.3713421,193.7301543,-124.9799481,205.1226721
-127.2643983,193.8109119,-127.0829104,205.2188676
-129.2062194,193.8591308,-129.1396126,205.2766424
-131.1619313,193.8722981,-131.1836246,205.3031712
-133.1000588,193.8498214,-133.2452658,205.2986762
-134.9695988,193.7922596,-135.3744329,205.2592102
-136.9440208,193.6979408,-137.3965965,205.1897033
-138.8506295,193.5800343,-139.4835679,205.082503
-140.8185338,193.4286623,-141.5046117,204.9381248
-142.7710216,193.2482925,-143.5358405,204.7588747
-144.7295695,193.0308058,-145.5539475,204.5457335
-146.6210238,192.7908757,-147.6323146,204.2965742
-148.4842706,192.524912,-149.7296576,204.003269
-150.3922165,192.2223783,-151.771389,203.6739977
-152.3242163,191.8780865,-153.7767019,203.3133526
-154.2502818,191.4988271,-155.7754342,202.9210335
-156.1082642,191.0995308,-157.8293199,202.4856911
-157.9601824,190.670958,-159.8744882,202.013065
-159.8357302,190.2009258,-161.8801226,201.515653
-161.735601,189.6895427,-163.8444697,200.9939936
-163.5754159,189.1600151,-165.8507107,200.4248917
-165.407902,188.6001472,-167.8481614,199.8312191
-167.2476873,188.0040768,-169.8199873,199.2144957
-169.0970541,187.3709077,-171.7630367,198.576146
-170.9439384,186.7045629,-173.6897076,197.9163015
-172.7068589,186.0378414,-175.678776,197.1968396
-174.5064144,185.325732,-177.6081964,196.4620855
-176.2844682,184.5859592,-179.5360656,195.6969538
-178.1178312,183.7858482,-181.3848712,194.9350935
-179.8263819,183.0078642,-183.3356952,194.0983831
-181.5779398,182.1838418,-185.2208885,193.257229
-183.3520856,181.3177729,-187.0589625,192.4056404
-185.1169381,180.4263394,-188.8801533,191.5253795
-186.8345438,179.5310995,-190.720338,190.5929772
-188.4891541,178.646035,-192.5983255,189.601918
-190.2277709,177.6817331,-194.3625768,188.6351451
-191.9202456,176.7179746,-196.1445914,187.6171413
-193.5409468,175.7756765,-197.9743931,186.5362202
-195.2477473,174.75743,-199.6937148,185.490175
-196.9491223,173.7177387,-201.3932185,184.4242692
-198.5960459,172.6926298,-203.127368,183.3121326
-200.2372294,171.6534553,-204.8483525,182.1844229
-201.9601038,170.5425881,-206.4723901,181.1049335
-203.5895034,169.4765701,-208.1762488,179.9598558
-205.1636101,168.4357785,-209.9212739,178.7683722
-206.871248,167.29158,-211.5228026,177.6655312
-208.4927315,166.1953704,-213.2028541,176.5035424
-210.1097161,165.0982283,-214.8822837,175.3350239
-211.7732922,163.9626163,-216.5084001,174.1951773
-213.4351036,162.8254549,-218.1306943,173.0488619
-214.9797135,161.769039,-219.8678316,171.8184614
-216.6782582,160.6028223,-221.451259,170.6981919
-218.361567,159.4475943,-223.0510613,169.5685425
-220.0267029,158.3040944,-224.6678169,168.4254218
-221.628032,157.2078504,-226.3517882,167.2399172
-223.310959,156.053069,-227.9578064,166.1182203
-224.9522573,154.9263779,-229.6088861,164.9734191
-226.5516158,153.8309518,-231.3053189,163.8023911
-228.2485305,152.6647228,-232.9026861,162.6999396
-229.9379911,151.5059228,-234.5089378,161.5920926
-231.5690422,150.389755,-236.1774342,160.447241
-233.2062622,149.2707941,-237.8420823,159.3085557
-234.8569002,148.1427221,-239.4944021,158.1806043
-236.4590602,147.0515552,-241.1975464,157.0191659
-238.1660466,145.8827086,-242.7964331,155.9362929
-239.8444372,144.7364298,-244.4279975,154.8368258
-241.448012,143.6451857,-246.1366495,153.6855421
-243.1551288,142.4783558,-247.7386276,152.6053953
-244.7600525,141.3807101,-249.4432316,151.456578
-246.3939417,140.2609873,-251.1158721,150.3254522
-248.076828,139.107285,-252.7396793,149.2285595
-249.7368483,137.9733813,-254.3871179,148.11289
-251.3935851,136.8402928,-256.0361854,146.993999
-252.9844469,135.7521577,-257.7529939,145.8329259
-254.6830002,134.5903317,-259.3605024,144.7431507
-256.3512292,133.4483142,-260.9968142,143.6313479
-257.97213,132.3406862,-262.6818416,142.4871686
-259.6590765,131.1869785,-264.2995835,141.3872277
-261.2568102,130.0940614,-266.005543,140.225052
-262.9070947,128.9607841,-267.6545338,139.0967763
-264.5396805,127.8402524,-269.3206966,137.9549832
-266.2060582,126.6934687,-270.9511926,136.836686
-267.8737481,125.5450243,-272.5814956,135.7216843
-269.5014517,124.4248659,-274.2522056,134.5790193
-271.1721709,123.27624,-275.8801956,133.465242
-272.8165435,122.1465071,-277.5365596,132.3355333
-274.4818804,121.0046336,-279.1727379,131.2190926
-276.1179777,119.8845526,-280.8409981,130.0850402
-277.7986715,118.7353583,-282.4651853,128.980855
-279.4059942,117.6366926,-284.1645858,127.8288497
-281.0806228,116.4945482,-285.7990324,126.7237844
-282.7514245,115.3543419,-287.4356885,125.6144029
-284.3750667,114.2465114,-289.1166332,124.4684203
-286.0088078,113.1301539,-290.78773,123.3313297
-287.6650047,111.9977557,-292.4356887,122.2092842
-289.317785,110.8670925,-294.0862868,121.0843756
-290.9926128,109.7193239,-295.7131626,119.974124
-292.6102678,108.6111157,-297.3966177,118.8234348
-294.2532579,107.4884519,-299.0571355,117.6907089
-295.9615262,106.3220089,-300.6530698,116.6027901
-297.5970438,105.2080433,-302.3243925,115.466263
-299.226525,104.0959114,-304.0010456,114.3268696
-300.9209148,102.9412525,-305.6127907,113.2299959
-302.5406859,101.8357294,-307.299759,112.0849023
-304.2257416,100.6845465,-308.9237301,110.9888487
-305.8392699,99.58150372,-310.6205407,109.846557
-307.5202926,98.43175935,-312.2478208,108.7479503
-309.1308541,97.32900368,-313.9440447,107.6001353
-310.8073844,96.1796998,-315.5730923,106.4970872
-312.413632,95.07790859,-317.2699504,105.3429186
-314.0852161,93.93181335,-318.8997927,104.2305872
-315.7528757,92.78854846,-320.5322851,103.1135622
-317.4152973,91.64551755,-322.1658793,101.9902708
-319.0090044,90.54139196,-323.8623056,100.8195395
-320.6518257,89.39519923,-325.504174,99.68304591
-322.227068,88.28258464,-327.204879,98.50044756
-323.8547521,87.10973142,-328.8357869,97.35351396
-325.3948162,85.97065693,-330.5344584,96.14527402
-326.9170604,84.80714339,-332.2257017,94.92713009
-328.4184792,83.61848644,-333.9053049,93.69098837
-329.8974552,82.40249622,-335.5706009,92.43479477
-331.3140659,81.19328296,-337.2583178,91.12174282
-332.7428526,79.92113407,-338.8796914,89.80640499
-334.1019876,78.65362754,-340.5145902,88.42197652
-335.434759,77.35232675,-342.111193,86.99996242
-336.7240224,76.02000336,-343.6758374,85.53034105
-337.9747564,74.65174307,-345.1984807,84.01700174
-339.1577184,73.27616692,-346.6982089,82.42663959
-340.2926602,71.86561204,-348.1439127,80.78172115
-341.3822374,70.41700745,-349.5273612,79.0872992
-342.4109584,68.94520793,-350.8567293,77.32922962
-343.3988053,67.42598954,-352.1189735,75.5423937
-344.319179,65.89686061,-353.3378349,73.69300949
-345.2037707,64.31785573,-354.4788035,71.82387542
-345.9874,62.81499281,-355.6064632,69.81366062
-346.7435667,61.26271079,-356.6454803,67.79205192
-347.5138858,59.55081824,-357.5494547,65.87186018
-348.205788,57.88035483,-358.4239838,63.86255496
-348.7902548,56.33752557,-359.2955818,61.68044752
-349.3533963,54.68896894,-360.054341,59.55423907
-349.8754173,52.98354248,-360.726368,57.44267104
-350.3415905,51.25980399,-361.3236504,55.31088316
-350.7487365,49.52447336,-361.8419183,53.15517197
-351.0757841,47.89910421,-362.3090521,50.86051341
-351.3540689,46.24731703,-362.6938599,48.5678916
-351.5878009,44.5175373,-362.9999442,46.33449298
-351.7654961,42.76176218,-363.240509,44.11250638
-351.8849679,40.99913752,-363.426395,41.88721861
-351.9490241,39.36176233,-363.5469089,39.52931415
-351.9619359,37.66288803,-363.5851579,37.22885646
-351.9137012,35.90259969,-363.5492186,34.99037355
-351.8052107,34.11712818,-363.4478005,32.78177818
-351.6380693,32.34511584,-363.2784259,30.5684296
-351.4443352,30.761115,-363.0225801,28.17818475
-351.1794214,29.0191771,-362.7200079,25.96096884
-350.8563802,27.23341104,-362.3689599,23.80419653
-350.4898158,25.44071431,-361.9710405,21.67089941
-350.0851768,23.60420842,-361.5415398,19.5955466
-349.6504798,21.73953914,-361.0852082,17.56086801
-349.1945963,19.85715372,-360.6055946,15.55424428
-348.6939953,17.84363465,-360.1322512,13.68817331
-348.2216427,15.95424225,-359.6112302,11.70289674
-347.7488824,14.06903139,-359.0807955,9.715953661
-347.2609333,12.11928516,-358.5648657,7.793743203
-346.7720223,10.17470987,-358.051916,5.865836753
-346.2959962,8.296786242,-357.5201818,3.872827281
-345.7726097,6.24539782,-357.0335191,2.05387729
-345.279493,4.311401792,-356.516747,0.1175268335
-344.8044412,2.455460545,-355.978454,-1.895950015
-344.3194117,0.5590591291,-355.4519168,-3.869407771
-343.8398498,-1.319413665,-354.9220575,-5.86134698
-343.3230711,-3.332875367,-354.4273125,-7.717691267
-342.8087073,-5.350276176,-353.9340182,-9.571129685
-342.3321256,-7.212566227,-353.4064317,-11.58060434
-341.8444303,-9.105334783,-352.8903012,-13.5596444
-341.3458399,-11.0420828,-352.3836952,-15.49442605
-340.8364811,-13.02252933,-351.8887996,-17.3857333
-340.309019,-15.09815676,-351.4174827,-19.18329878
-339.8273944,-16.99997343,-350.9044067,-21.15575584
-339.34156,-18.92484641,-350.3979573,-23.10579932
-338.8600583,-20.83672748,-349.8903139,-25.06963564
-338.3766768,-22.75955548,-349.3857633,-27.02281904
-337.894499,-24.67001821,-348.8789059,-28.98811136
-337.372963,-26.71469396,-348.4089786,-30.81857879
-336.9195615,-28.49895464,-347.8735266,-32.910111
-336.3883517,-30.56955178,-347.4136986,-34.7147385
-335.8972577,-32.48458304,-346.914229,-36.67506343
-335.4056009,-34.39702247,-346.4138447,-38.63761474
-334.9135522,-36.30694898,-345.9171194,-40.60350561
-334.4194993,-38.21929451,-345.4231385,-42.56717011
-333.9236194,-40.13719663,-344.9309872,-44.52526866
-333.4096688,-42.12345014,-344.4550053,-46.4145554
-332.8868448,-44.13626989,-343.9857352,-48.27673363
-332.3862218,-46.07158868,-343.496613,-50.2170014
-331.8852921,-48.01521552,-343.0062441,-52.14856805
-331.3854115,-49.95405845,-342.5107326,-54.08388376
-330.9025722,-51.82242691,-341.9927115,-56.08827233
-330.4076801,-53.73496066,-341.4859278,-58.04828243
-329.8983528,-55.70825933,-340.9945097,-59.94775856
-329.3983747,-57.65354872,-340.4952693,-61.87564666
-328.8996359,-59.59987573,-339.9933995,-63.80213942
-328.4016635,-61.54633097,-339.4913841,-65.7286645
-327.9058368,-63.48943497,-338.9874353,-67.65859274
-327.4077845,-65.43538974,-338.4835729,-69.58511446
-326.9222237,-67.33885114,-337.9701816,-71.55489972
-326.4321529,-69.26102538,-337.4618184,-73.50610625
-325.9188135,-71.26663248,-336.977086,-75.37397651
-325.4241382,-73.19787243,-336.474873,-77.31650695
-324.9384965,-75.09306806,-335.9650802,-79.29546079
-324.4371531,-77.04524765,-335.4693463,-81.2170042
-323.947833,-78.9453556,-334.9579202,-83.18967931
-323.4463431,-80.89181034,-334.4559067,-85.11529265
-322.947602,-82.82091165,-333.9463653,-87.0570182
-322.4472567,-84.7376219,-333.431614,-89.0093423
-321.9317973,-86.70428264,-332.9288446,-90.91090062
-321.4316673,-88.59774998,-332.4049759,-92.88413214
-320.9237235,-90.51617274,-331.8873591,-94.8319921
-320.4123611,-92.45569373,-331.3726516,-96.75860794
-319.9132418,-94.35140134,-330.8449139,-98.72882543
-319.3974232,-96.31534946,-330.3339302,-100.6308278
-318.8878749,-98.2712218,-329.8182374,-102.541298
-318.3687303,-100.3031873,-329.3211909,-104.3780742
-317.8857367,-102.2560431,-328.8082004,-106.2991706
-317.3791819,-104.4416613,-328.3707351,-108.0003895
-316.944273,-106.6037081,-327.9753382,-109.7508637
-316.5577632,-109.0720889,-327.7287203,-111.231322
-316.314648,-111.5366006,-327.616998,-112.7497374
-316.2748807,-114.3491207,-327.6517185,-113.9347973
-316.6889461,-117.7456168,-327.7168498,-114.5053446
-317.755658,-121.1188678,-327.7907649,-114.9567044
-319.5706247,-124.2104236,-327.8794985,-115.3652445
-321.6551197,-126.4716457,-328.1508535,-116.2841772
-323.8377518,-128.1373765,-328.6928698,-117.4676259
-326.1610733,-129.3832824,-329.4984964,-118.6337976
-328.5332165,-130.2479196,-330.6000526,-119.6766236
-330.8029058,-130.7833883,-332.0782425,-120.4988064
-333.0482038,-131.0923884,-333.7642746,-120.8922254
-335.1316768,-131.2375983,-335.6725045,-120.9033573
-337.0661623,-131.2971982,-337.7282924,-120.7001708
-339.2017251,-131.3243764,-339.5795275,-120.4792325
-341.1932204,-131.3047011,-341.5791873,-120.3190337
-343.2546521,-131.2690487,-343.5130791,-120.2387837
-345.2496373,-131.242877,-345.515342,-120.1913627
-347.2404276,-131.228105,-347.5226385,-120.1657566
-349.2919905,-131.2161152,-349.4699006,-120.1627758
-351.2747284,-131.206286,-351.4862966,-120.1608606
-353.3365131,-131.2023025,-353.4237995,-120.1619737
-355.3216218,-131.2008571,-355.4381438,-120.1508419
-357.33069,-131.1971061,-357.4287038,-120.1330308
-359.3550308,-131.1932589,-359.4038171,-120.1050762
-361.3448539,-131.1907091,-361.413483,-120.0762582
-363.3695001,-131.1879211,-363.3884918,-120.0495417
-365.393247,-131.1852478,-365.3644218,-120.0221936
-367.4020326,-131.1842785,-367.3554263,-120.0000738
-369.3925862,-131.1878782,-369.3647459,-119.9927691
-371.3614023,-131.1895988,-371.3958747,-119.9820171
-373.3742915,-131.1896929,-373.3829101,-119.9698661
-375.3886995,-131.1847662,-375.3684433,-119.9560339
-377.3978844,-131.1707557,-377.359122,-119.9397971
-379.4178266,-131.1527323,-379.33897,-119.9195473
-381.4161194,-131.1334486,-381.3404066,-119.8958108
-383.3891311,-131.109289,-383.3670165,-119.8671984
-385.4547241,-131.0784031,-385.3009265,-119.8371742
-387.4281831,-131.0439908,-387.3268905,-119.8052398
-389.4116304,-131.0115825,-389.342808,-119.7688524
-391.4303673,-130.9810489,-391.323473,-119.7317208
-393.4469986,-130.9460281,-393.3061687,-119.6941767
-395.4277292,-130.9108417,-395.3247114,-119.6542797
-397.4605496,-130.8762363,-397.2911455,-119.6129362
-399.4301856,-130.8419589,-399.3208472,-119.5764914
-401.4500883,-130.8117005,-401.3005159,-119.5507595
-403.4098226,-130.7844431,-403.3404929,-119.5323339
-405.409588,-130.760302,-405.3405823,-119.5237774
-407.443815,-130.7437305,-407.3062922,-119.5231101
-409.4020759,-130.7269864,-409.3479654,-119.5227443
-411.4208256,-130.7075928,-411.3290796,-119.511143
-413.4353458,-130.68395,-413.3142285,-119.4863277
-415.3875613,-130.6564404,-415.3614945,-119.452637
-417.4495926,-130.6274388,-417.2988121,-119.4129064
-419.4192253,-130.5970966,-419.3284092,-119.3678546
-421.4574909,-130.5691953,-421.2894561,-119.3237428
-423.4164219,-130.5402157,-423.3299468,-119.2880634
-425.3671906,-130.5146293,-425.3788286,-119.2625226
-427.4077343,-130.4899623,-427.3380391,-119.2445322
-429.3800305,-130.4682081,-429.3656049,-119.2358009
-431.4264026,-130.4494505,-431.319163,-119.2361065
-433.3655431,-130.4367035,-433.3800102,-119.2437213
-435.3766999,-130.4315708,-435.3688264,-119.2558383
-437.362226,-130.4355903,-437.3831912,-119.2746834
-439.2942895,-130.4492952,-439.4508973,-119.301999
-441.2585186,-130.4801808,-441.4859565,-119.3448934
-443.2738736,-130.5341004,-443.468917,-119.4053577
-445.2360436,-130.6044431,-445.5039108,-119.484733
-447.1837879,-130.6943317,-447.5517514,-119.5818674
-449.1332864,-130.8041868,-449.5959493,-119.6956789
-451.0883989,-130.9345609,-451.6324179,-119.8241343
-453.046458,-131.0875107,-453.6631614,-119.9694232
-454.9653953,-131.2600853,-455.7299554,-120.1339056
-456.9036864,-131.4570131,-457.773852,-120.313738
-458.8694973,-131.6753702,-459.786459,-120.5101677
-460.8416939,-131.9037669,-461.7904467,-120.7173638
-462.8816872,-132.1479258,-463.7242445,-120.9300738
-464.8438143,-132.3876544,-465.73391,-121.1642332
-466.7982093,-132.6288127,-467.7495228,-121.4118692
-468.8043364,-132.8745757,-469.7119388,-121.666614
-470.786119,-133.1202317,-471.6962549,-121.9404797
-472.7191665,-133.3630663,-473.727404,-122.23151
-474.6770558,-133.6145061,-475.731911,-122.5271682
-476.6914853,-133.8808271,-477.6788095,-122.8155621
-478.6557383,-134.1455214,-479.6757244,-123.1068267
-480.6167549,-134.4151606,-481.6757886,-123.3937539
-482.5735293,-134.6899331,-483.6798656,-123.6770631
-484.604988,-134.9806128,-485.6095195,-123.9424598
-486.5575901,-135.26068,-487.6185178,-124.2150456
-488.5657014,-135.5496388,-489.572122,-124.4779116
-490.5093869,-135.8271677,-491.5908604,-124.7468847
-492.498207,-136.1151779,-493.563502,-125.0125386
-494.4616568,-136.4024399,-495.5601823,-125.2885023
-496.4052618,-136.6875748,-497.5764402,-125.568412
-498.4517118,-136.9869513,-499.4892414,-125.8383981
-500.3902976,-137.268544,-501.5100054,-126.1255757
-502.4188224,-137.5605186,-503.4411055,-126.4003883
-504.392708,-137.838668,-505.4282521,-126.6791573
-506.3624115,-138.1139772,-507.4199164,-126.9584008
-508.3234137,-138.3861687,-509.4207156,-127.2375859
-510.3208738,-138.6610732,-511.3856377,-127.509863
-512.3142139,-138.9330973,-513.3549034,-127.7834014
-514.2694748,-139.2009938,-515.3620098,-128.0628593
-516.2505571,-139.4765002,-517.3429286,-128.337279
-518.2472827,-139.7592602,-519.3076752,-128.6082682
-520.2340063,-140.0413246,-521.282114,-128.8821665
-522.1626206,-140.3138725,-523.3138916,-129.1710082
-524.1771352,-140.6005117,-525.2595842,-129.4470452
-526.1681999,-140.8800452,-527.2291128,-129.727534
-528.1590604,-141.1565391,-529.1994347,-130.0068432
-530.1794572,-141.4336168,-531.1412629,-130.2780791
-532.1411423,-141.7023902,-533.141851,-130.5573448
-534.0953142,-141.9716476,-535.1490145,-130.8428048
-536.051598,-142.2439449,-537.1533208,-131.1305338
-538.0778283,-142.5310011,-539.0860814,-131.4147008
-540.0170661,-142.8157197,-541.1026324,-131.7229159
-541.9131177,-143.1112239,-543.1584416,-132.0459829
-543.8621018,-143.435718,-545.1570331,-132.3667601
-545.7647008,-143.7788673,-547.1954353,-132.7076622
-547.6343157,-144.1503159,-549.2575914,-133.0716553
-549.5380422,-144.5765487,-551.2720097,-133.4495369
-551.3925073,-145.0352518,-553.3216469,-133.8607487
-553.2381274,-145.5324917,-555.3629997,-134.3064678
-555.1064208,-146.0665671,-557.3640058,-134.7859798
-556.9830459,-146.6315224,-559.3366805,-135.3082312
-558.8124023,-147.2130598,-561.3365451,-135.8826734
-560.6310439,-147.8369985,-563.3191056,-136.5035435
-562.4395068,-148.5031206,-565.2803552,-137.1744802
-564.2110265,-149.1953279,-567.2496667,-137.8984243
-565.979536,-149.9177563,-569.1977893,-138.6544241
-567.7808202,-150.6839407,-571.0876325,-139.4292908
-569.5407419,-151.4748667,-572.9873297,-140.2527996
-571.244785,-152.2811633,-574.9083334,-141.1370602
-572.9234131,-153.1172082,-576.8198211,-142.0645361
-574.6572698,-154.0310793,-578.6348746,-142.995674
-576.2560905,-154.9236584,-580.5363214,-144.0387002
-577.8654963,-155.8791068,-582.3751394,-145.1102683
-579.4843797,-156.8990654,-584.1536102,-146.2014434
-581.046038,-157.9343416,-585.9414037,-147.3525009
-582.6019118,-159.0202599,-587.6792754,-148.5359819
-584.1135704,-160.1314544,-589.4041336,-149.775102
-585.5846526,-161.2714116,-591.1125774,-151.0619752
-587.0523258,-162.4706166,-592.761165,-152.3702933
-588.4696878,-163.693091,-594.3936615,-153.7356788
-589.8156337,-164.9168158,-596.0320004,-155.1751866
-591.1745104,-166.2199505,-597.5897267,-156.6092092
-592.4563132,-167.5120664,-599.1632699,-158.1181767
-593.7850806,-168.9206532,-600.6295758,-159.5708195
-595.0515409,-170.3211153,-602.1063046,-161.0812729
-596.2825546,-171.7399123,-603.5580094,-162.6291659
-597.4858128,-173.1856205,-604.9692904,-164.2103449
-598.64736,-174.6505388,-606.3526807,-165.8312625
-599.7586575,-176.1220604,-607.7114315,-167.5057697
-600.8379196,-177.6262093,-609.0164146,-169.2130899
-601.8739717,-179.1453277,-610.2797192,-170.9668507
-602.8757099,-180.6935815,-611.4995033,-172.7447925
-603.8598577,-182.2929227,-612.6587197,-174.5225152
-604.7992411,-183.9035975,-613.7864795,-176.335988
-605.6951027,-185.5197504,-614.8818823,-178.1887616
-606.5586345,-187.1557287,-615.9365296,-180.0626869
-607.3726019,-188.7742428,-616.9587539,-181.997623
-608.160985,-190.4449023,-617.9167216,-183.9254104
-608.9075736,-192.1291804,-618.8312501,-185.8796924
-609.6535872,-193.9148217,-619.6584616,-187.7714766
-610.3176002,-195.6106741,-620.4790188,-189.7896874
-610.9405429,-197.3127419,-621.256185,-191.8343785
-611.5230773,-199.0234092,-621.9921838,-193.8999649
-612.0729373,-200.7722404,-622.679163,-195.9548827
-612.5818365,-202.5161851,-623.3299045,-198.0389027
-613.0512156,-204.2644024,-623.9341975,-200.1436247
-613.480939,-206.0225403,-624.4894595,-202.2620648
-613.8755153,-207.8130596,-624.9860354,-204.3707743
-614.220764,-209.572657,-625.4412353,-206.5300424
-614.5323289,-211.3735908,-625.8401735,-208.6652913
-614.8007351,-213.1834568,-626.1894112,-210.8072358
-615.0211379,-214.9246331,-626.5031425,-213.0300292
-615.2130844,-216.780718,-626.7585024,-215.1485963
-615.3573666,-218.6006408,-626.9628355,-217.3131648
-615.4579905,-220.4028384,-627.1120845,-219.5029145
-615.5200642,-222.1931989,-627.2072215,-221.7092541
-615.545148,-223.9839446,-627.2483866,-223.9178201
-615.5318955,-225.7740396,-627.2355797,-226.1274992
-615.4801749,-227.5483989,-627.1555048,-228.3508563
-615.3855062,-229.3823569,-627.0263311,-230.5105512
-615.2516042,-231.1840681,-626.8548514,-232.6970925
-615.076031,-233.0428571,-626.6552458,-234.8205893
-614.868322,-234.8994753,-626.4258,-236.9399312
-614.6340672,-236.7622498,-626.1747445,-239.0475284
-614.3709885,-238.6506423,-625.9060831,-241.1235321
-614.0934743,-240.5013894,-625.6186349,-243.232587
-613.7875771,-242.4298563,-625.3209245,-245.2582341
-613.4752871,-244.3152432,-624.9910974,-247.3208837
-613.1525776,-246.1892983,-624.6355491,-249.388867
-612.7898346,-248.2246112,-624.2945638,-251.291125
-612.4405455,-250.1585259,-623.9222486,-253.2915247
-612.0852377,-252.1000217,-623.5367173,-255.2807629
-611.7360903,-253.9780913,-623.1328237,-257.3311069
-611.3686032,-255.8980962,-622.7357797,-259.3372514
-610.978539,-257.8766984,-622.3469984,-261.2819917
-610.5927997,-259.73256,-621.9185348,-263.3422563
-610.1933129,-261.5251379,-621.453518,-265.4549957
-609.7689522,-263.2797405,-620.9407504,-267.588845
-609.303387,-265.0502215,-620.377004,-269.6834526
-608.8077549,-266.7896591,-619.7578463,-271.7853975
-608.2821237,-268.497199,-619.0909745,-273.8957834
-607.712266,-270.1973576,-618.3724484,-275.9822262
-607.1063317,-271.8578958,-617.5780778,-278.0683336
-606.4224146,-273.5757502,-616.7558665,-280.0559156
-605.7113919,-275.2190808,-615.8583713,-282.0747598
-604.941314,-276.861553,-614.90582,-284.0420725
-604.1496889,-278.419378,-613.8491264,-286.031285
-603.2965729,-279.9689145,-612.7344961,-287.9640066
-602.3971996,-281.4795904,-611.5481293,-289.8662269
-601.4366155,-282.9773505,-610.2982657,-291.7018567
-600.4164855,-284.4563744,-608.9892612,-293.4744163
-599.3679096,-285.872454,-607.5879107,-295.2198763
-598.2430395,-287.289972,-606.1512799,-296.8740901
-597.0886551,-288.6530217,-604.6338664,-298.4874443
-595.8891001,-289.9870307,-603.059639,-300.0348735
-594.6342812,-291.3010346,-601.4516066,-301.5137369
-593.3111462,-292.5911561,-599.8161287,-302.9146709
-591.9303865,-293.8446253,-598.151124,-304.2531758
-590.5743336,-294.9871625,-596.3750449,-305.5981057
-589.1586899,-296.0978179,-594.581272,-306.8743408
-587.6624603,-297.1866249,-592.797723,-308.0748488
-586.1230778,-298.2216251,-590.9824199,-309.2179389
-584.5826131,-299.1761781,-589.0965287,-310.327081
-582.9804241,-300.0942063,-587.2060002,-311.3582107
-581.3891171,-300.9358814,-585.2359813,-312.3371845
-579.7598067,-301.7293315,-583.2383139,-313.2298609
-577.9987845,-302.5140567,-581.3196966,-314.0131339
-576.2734582,-303.2149959,-579.3185105,-314.7652365
-574.5459582,-303.8482495,-577.2723334,-315.4577304
-572.8054352,-304.4175656,-575.1964602,-316.0857193
-571.0367914,-304.9249906,-573.1103076,-316.6455702
-569.2362854,-305.3722128,-571.0220504,-317.1342549
-567.3876247,-305.7609127,-568.9524845,-317.5491163
-565.5844668,-306.0749102,-566.811867,-317.9019683
-563.7653415,-306.3317107,-564.6659193,-318.1708584
-561.9025047,-306.5323603,-562.5473339,-318.3527208
-560.0731708,-306.6642545,-560.3840273,-318.459574
-558.1754685,-306.7286611,-558.2831651,-318.4932009
-556.3072659,-306.7275999,-556.1517994,-318.4549063
-554.4219483,-306.6630376,-554.0411541,-318.3435801
-552.5860957,-306.5424297,-551.8886745,-318.1613244
-550.7385214,-306.3597127,-549.7608495,-317.9031461
-548.8954633,-306.112034,-547.6482753,-317.5585408
-547.0103569,-305.7905491,-545.6018513,-317.1446997
-545.1643968,-305.4124023,-543.5429102,-316.6567192
-543.3492187,-304.9770559,-541.4829632,-316.1011373
-541.5658241,-304.4857728,-539.4225484,-315.4860428
-539.7998216,-303.9361535,-537.3761826,-314.825514
-538.0105795,-303.3262472,-535.3795589,-314.1448187
-536.2692724,-302.6834331,-533.3619359,-313.4206961
-534.4930006,-301.9810864,-531.4078601,-312.6801306
-532.6428898,-301.2096207,-529.553189,-311.9443188
-530.8028683,-300.4146245,-527.7068887,-311.1875139
-529.0603166,-299.641684,-525.7761242,-310.3781608
-527.2843471,-298.8404467,-523.8900662,-309.5711036
-525.5139234,-298.0254665,-522.0075866,-308.7572544
-523.7004159,-297.1736236,-520.177113,-307.9613246
-521.8456447,-296.2999472,-518.3933733,-307.1747433
-520.1110402,-295.4742775,-516.4958179,-306.3264893
-518.3721158,-294.6383818,-514.6095479,-305.4735022
-516.6226961,-293.7914873,-512.7402392,-304.6176937
-514.7565306,-292.8811272,-510.9954718,-303.8091315
-512.8952562,-291.9823638,-509.2445473,-302.9912477
-511.110968,-291.1209299,-507.4161578,-302.1368716
-509.3521287,-290.2747051,-505.5635464,-301.2646864
-507.5591039,-289.4118882,-503.74493,-300.4094539
-505.6844436,-288.5074481,-502.0095934,-299.5923735
-503.8065384,-287.6090051,-500.2760864,-298.7719536
-502.0623711,-286.7713887,-498.4090215,-297.8903083
-500.2193548,-285.8907194,-496.6377118,-297.0581085
-498.4085559,-285.0261551,-494.8322547,-296.2137403
-496.6012859,-284.1654691,-493.0234135,-295.3651951
-494.7814047,-283.3011161,-491.2257366,-294.523178
-492.9795877,-282.4474562,-489.4101042,-293.6702266
-491.14579,-281.5815458,-487.6274595,-292.8271553
-489.3482342,-280.7391234,-485.8077958,-291.9622306
-487.5036347,-279.8791555,-484.0335583,-291.1182125
-485.6936305,-279.0356305,-482.224385,-290.2584048
-483.8886407,-278.1919151,-480.4110403,-289.3969804
-482.1756256,-277.3873949,-478.5097173,-288.4879407
-480.3461956,-276.5234755,-476.7246585,-287.638645
-478.5057488,-275.6534985,-474.9500309,-286.7966347
-476.7135025,-274.8063379,-473.1260806,-285.9341242
-474.8651598,-273.9303058,-471.3576816,-285.1016906
-473.1450712,-273.1165192,-469.4602629,-284.2086056
-471.3081215,-272.2452086,-467.6802337,-283.3719188
-469.4555681,-271.3689246,-465.914072,-282.5438661
-467.6718636,-270.5313076,-464.076303,-281.6829975
-465.8106741,-269.6644683,-462.3119857,-280.8599719
-464.0243869,-268.8330638,-460.4733964,-280.0001565
-462.2212429,-267.9951849,-458.6515457,-279.1470703
-460.3698665,-267.1361764,-456.8772047,-278.3166672
-458.5798141,-266.3051224,-455.0407925,-277.4599238
-456.7641781,-265.4603507,-453.2292597,-276.6184235
-454.9311633,-264.6085339,-451.4353097,-275.7835435
-453.1516433,-263.7804982,-449.5889824,-274.9224512
-451.2997177,-262.9179034,-447.8150762,-274.0958824
-449.4997256,-262.0838853,-445.9875861,-273.2443152
-447.6821638,-261.2449974,-444.1734665,-272.4066645
-445.8665704,-260.4072232,-442.3559516,-271.5709946
-444.0782183,-259.5787089,-440.5143434,-270.7192801
-442.246221,-258.7293105,-438.7181805,-269.8845786
-440.417312,-257.8811162,-436.9173946,-269.0519776
-438.5894171,-257.0360434,-435.11398,-268.2197104
-436.7631531,-256.1940333,-433.3071232,-267.388334
-434.9810484,-255.3727268,-431.4579655,-266.5322078
-433.1295043,-254.5183226,-429.6798131,-265.7058027
-431.3426188,-253.6939799,-427.837205,-264.8489205
-429.5229582,-252.8529638,-426.0293879,-264.0043299
-427.6636387,-251.9898646,-424.2615745,-263.1810913
-425.9151846,-251.1783761,-422.3813558,-262.309552
-424.1005759,-250.3337099,-420.5684495,-261.4686868
-422.2875428,-249.488762,-418.7548344,-260.6262143
-420.4744879,-248.6440703,-416.9397448,-259.7867506
-418.6073551,-247.7766079,-415.1788046,-258.9699125
-416.849857,-246.9600182,-413.3081322,-258.1023869
-415.0382662,-246.1193867,-411.4909467,-257.2602562
-413.2267047,-245.2803578,-409.672705,-256.4187202
-411.4148526,-244.446962,-407.8521288,-255.5771813
-409.5344529,-243.5853287,-406.0979977,-254.7684694
-407.7583601,-242.7732364,-404.2384484,-253.9126292
-405.9023233,-241.9234024,-402.459168,-253.0938512
-404.0917005,-241.0957744,-400.6351404,-252.2514222
-402.2822125,-240.2685905,-398.8105398,-251.4072767
-400.433701,-239.4268239,-397.0240168,-250.5797976
-398.6553396,-238.6207215,-395.1663066,-249.7188993
-396.7804016,-237.7656004,-393.4046742,-248.9081282
-394.9920233,-236.948166,-391.5572731,-248.0579489
-393.1784294,-236.1125124,-389.7360538,-247.2238512
-391.3819882,-235.2848471,-387.8971606,-246.3829221
-389.506948,-234.4187999,-386.136312,-245.5815812
-387.7337333,-233.601229,-384.2723224,-244.7346325
-385.9229009,-232.7655302,-382.4467647,-243.9040189
-384.1325327,-231.9417036,-380.6000549,-243.0630721
-382.2651774,-231.0806502,-378.8312428,-242.2573303
-380.4794925,-230.2605917,-376.9791139,-241.4142416
-378.630774,-229.4103807,-375.1900613,-240.6011759
-376.8310101,-228.586297,-373.3519571,-239.7621927
-374.9915979,-227.7415841,-371.5556426,-238.9391855
-373.19019,-226.9177173,-369.7204715,-238.0972092
-371.3675148,-226.0829303,-367.9065875,-237.2660632
-369.5509778,-225.2547982,-366.0859102,-236.4296832
-367.6969578,-224.4071659,-364.304471,-235.6089851
-365.9094256,-223.5931958,-362.4552984,-234.7573391
-364.0688575,-222.7538555,-360.6593107,-233.9307707
-362.2705537,-221.9359385,-358.820252,-233.0844932
-360.4475992,-221.1028224,-357.0079193,-232.2489029
-358.6389948,-220.2729799,-355.1826247,-231.4070118
-356.8435484,-219.4460709,-353.346135,-230.5579263
-355.0096719,-218.5962169,-351.5502061,-229.7271979
-353.2644457,-217.7850424,-349.6668011,-228.8552566
-351.3854085,-216.9080348,-347.9186385,-228.0460662
-349.6252983,-216.0869348,-346.0508778,-227.1824115
-347.7641438,-215.2179297,-344.284179,-226.3666164
-346.0062052,-214.3980698,-342.4144891,-225.5011775
-344.1223903,-213.5193306,-340.6724667,-224.6908208
-342.4071329,-212.7169281,-338.7632221,-223.8012233
-340.5334345,-211.8371985,-337.0145679,-222.9843756
-338.7477668,-210.99432,-335.1790964,-222.1280636
-336.9647494,-210.1519144,-333.3415615,-221.2700387
-335.1048502,-209.2703763,-331.5820215,-220.4487861
-333.3283819,-208.4308223,-329.7371678,-219.5895515
-331.4734524,-207.5544898,-327.9703449,-218.7680303
-329.7026703,-206.719388,-326.1187787,-217.9065061
-327.8761975,-205.8612628,-324.3222333,-217.0694592
-326.085272,-205.0190598,-322.4911167,-216.214401
-324.239211,-204.1548794,-320.7129608,-215.3859551
-322.452959,-203.3220567,-318.8734,-214.5295793
-320.6340578,-202.4728299,-317.0660109,-213.6906362
-318.7933096,-201.6166919,-315.2782074,-212.8634756
-316.9548991,-200.7633711,-313.4866918,-212.0364615
-315.1806526,-199.9412529,-311.6293567,-211.1818306
-313.3669987,-199.1054416,-309.8087542,-210.3467201
-311.5385833,-198.2611743,-308.0023082,-209.521395
-309.714039,-197.4214255,-306.1903086,-208.6951816
-307.895104,-196.5834012,-304.3730543,-207.8664985
-306.0814748,-195.7488759,-302.5520843,-207.0308327
-304.2364036,-194.9011229,-300.7626918,-206.2081044
-302.4224104,-194.0696154,-298.9413659,-205.3709866
-300.5761872,-193.2249309,-297.1525267,-204.5464946
-298.7710688,-192.4002154,-295.3208113,-203.7058755
-296.9659201,-191.5768454,-293.4888205,-202.8645581
-295.1612588,-190.7554087,-291.6571284,-202.0196032
-293.3203828,-189.9196109,-289.8609451,-201.1905474
-291.4728409,-189.0818763,-288.0716791,-200.3628708
-289.6701051,-188.2651314,-286.23952,-199.5100373
-287.8682532,-187.4480291,-284.4063303,-198.6578858
-286.0684093,-186.6296453,-282.573495,-197.801885
-284.2205209,-185.7868191,-280.7891196,-196.9694344
-282.3966062,-184.9527342,-278.9822881,-196.1249633
-280.6043083,-184.1296018,-277.1442969,-195.2685304
-278.7923461,-183.2966597,-275.3254465,-194.4230448
-277.0226143,-182.4817322,-273.4634972,-193.5614304
-275.1534885,-181.6190802,-271.701346,-192.7466554
-273.3643768,-180.7922335,-269.8587761,-191.8969635
-271.5170206,-179.938304,-268.0728879,-191.0777441
-269.7084422,-179.1012319,-266.2484661,-190.2411298
-267.9184483,-178.2735734,-264.405024,-189.3960455
-266.0519131,-177.4103745,-262.6385632,-188.5855489
-264.2653881,-176.5847563,-260.791005,-187.7398223
-262.4813741,-175.7586615,-258.9411029,-186.8942267
-260.6236071,-174.8977348,-257.1652585,-186.0828012
-258.8472928,-174.0727899,-255.3092121,-185.2326668
-256.9978517,-173.2137135,-253.5264286,-184.4163923
-255.2291983,-172.3922174,-251.6626573,-183.5629651
-253.3889184,-171.5357044,-249.8716602,-182.7420678
-251.5532548,-170.6809571,-248.0775079,-181.9162334
-249.7820791,-169.854103,-246.218968,-181.0622896
-247.9733059,-169.005978,-244.4000253,-180.2253225
-246.1536345,-168.1461376,-242.5965203,-179.3903171
-244.3455421,-167.2813093,-240.787855,-178.5466705
-242.6107274,-166.4379392,-238.9158612,-177.6606609
-240.8153661,-165.5470733,-237.1181486,-176.7937902
-239.1138081,-164.6792703,-235.243609,-175.8696865
-237.3948506,-163.7734745,-233.4097743,-174.9378298
-235.7020287,-162.8546136,-231.5725538,-173.975596
-233.982011,-161.8904549,-229.7886146,-173.0105973
-232.3554259,-160.947289,-227.939279,-171.9745632
-230.7055022,-159.9530658,-226.1472704,-170.9310309
-229.0715545,-158.9332491,-224.3735489,-169.8563382
-227.4532861,-157.8853468,-222.6207487,-168.7512779
-225.8701643,-156.8223351,-220.8708189,-167.6028962
-224.3086101,-155.7296424,-219.1426587,-166.4202898
-222.7713443,-154.6088786,-217.4334129,-165.2044992
-221.2266908,-153.4418721,-215.7757832,-163.9747034
-219.6997968,-152.24753,-214.1456497,-162.7128811
-218.2496723,-151.0805291,-212.4795317,-161.372167
-216.6941474,-149.789174,-210.9570891,-160.1089793
-215.2783014,-148.5741899,-209.3351863,-158.7217683
-213.8438022,-147.2992544,-207.7741089,-157.3461057
-212.4700616,-146.0309814,-206.1965164,-155.9145787
-211.1184645,-144.735963,-204.642345,-154.4608275
-209.7810264,-143.4014178,-203.1278756,-152.9907682
-208.4864276,-142.061116,-201.6240352,-151.4731464
-207.160026,-140.6366602,-200.2047336,-149.9889768
-205.8566712,-139.1863876,-198.8141829,-148.4826021
-204.6544616,-137.8014958,-197.3703984,-146.8678274
-203.3887369,-136.2873082,-196.0473524,-145.3328357
-202.2483036,-134.8700524,-194.6534671,-143.6555701
-201.0859468,-133.368458,-193.3428274,-142.013376
-199.9486404,-131.842952,-192.0646204,-140.3507192
-198.8395573,-130.2954452,-190.8173632,-138.6660573
-197.7803725,-128.757092,-189.581201,-136.9286905
-196.735235,-127.176165,-188.3947621,-135.1900849
-195.7291351,-125.5889025,-187.2292099,-133.4182979
-194.7363097,-123.9570764,-186.1110745,-131.6526154
-193.8036484,-122.360027,-184.9923681,-129.8158881
-192.9003736,-120.7482944,-183.9071637,-127.9570111
-192.0001321,-119.0729273,-182.8851911,-126.1246282
-191.1315272,-117.3806569,-181.9009045,-124.2720297
-190.3162095,-115.7239487,-180.9262053,-122.3517472
-189.5209725,-114.0367261,-179.9942499,-120.4311799
-188.7592553,-112.3439002,-179.0858059,-118.4895123
-188.0092679,-110.601667,-178.2213033,-116.572239
-187.3030154,-108.8818255,-177.3741908,-114.6062037
-186.5931001,-107.0709782,-176.5951053,-112.7047241
-185.9466599,-105.3512073,-175.8093097,-110.6898529
-185.3276457,-103.6174187,-175.057361,-108.6660762
-184.7344198,-101.85541,-174.3454521,-106.6471989
-184.1722997,-100.0789863,-173.6754139,-104.6183245
-183.6409477,-98.28867656,-173.0455705,-102.5810345
-183.1409655,-96.49190448,-172.4606342,-100.5278789
-182.6726981,-94.68650569,-171.9173026,-98.46343624
-182.2369491,-92.87282281,-171.4165916,-96.38838849
-181.8328468,-91.05382651,-170.9638756,-94.30034459
-181.4606299,-89.2245327,-170.5561721,-92.20652786
-181.1194988,-87.38673091,-170.1897504,-90.10748622
-180.8212222,-85.59307538,-169.8626828,-87.95041359
-180.5572834,-83.75451778,-169.5740947,-85.82740407
-180.3262906,-81.88497847,-169.3222489,-83.72628049
-180.1334411,-80.05427143,-169.0940934,-81.57928099
-179.9761784,-78.22874381,-168.8937224,-79.42095751
-179.8532623,-76.37841407,-168.7268528,-77.28194361
-179.7653568,-74.52769996,-168.5888201,-75.13924283
-179.7121099,-72.67704566,-168.4854692,-72.99317607
-179.6905118,-70.82502022,-168.4139049,-70.84644644
-179.6969681,-68.96301248,-168.3753599,-68.70872172
-179.7298309,-67.06053901,-168.3599884,-66.61138009
-179.7898178,-65.13943974,-168.3714803,-64.53341506
-179.8667259,-63.21171042,-168.4050071,-62.46279444
-179.960545,-61.27902145,-168.4560755,-60.39830396
-180.0699956,-59.34841181,-168.5285802,-58.33325868
-180.1899432,-57.36504718,-168.6170192,-56.32219548
-180.3125306,-55.50399273,-168.7301746,-54.19030477
-180.4559055,-53.4753791,-168.8474817,-52.22755524
-180.5920964,-51.59545219,-168.9724616,-50.1161408
-180.7472587,-49.5013444,-169.0908759,-48.2197933
-180.8897698,-47.47057827,-169.2201686,-46.25991431
-181.0228262,-45.46842004,-169.359556,-44.27149623
-181.1476202,-43.45700977,-169.5025784,-42.29203268
-181.2628828,-41.45101658,-169.6548254,-40.30711864
-181.3741673,-39.50240833,-169.8229724,-38.26571792
-181.4968013,-37.43494278,-169.9821647,-36.34333326
-181.61306,-35.4548747,-170.1356126,-34.3326775
-181.7271066,-33.59000862,-170.2787483,-32.20595191
-181.8554298,-31.51102722,-170.355133,-30.2907277
-181.9697036,-29.39748091,-170.3304157,-28.40702983
-182.0501508,-27.1832335,-170.1747112,-26.6267296
-182.0673609,-24.78891426,-169.8861129,-25.04001735
-181.9217301,-22.14635558,-169.5064794,-23.72756812
-181.502834,-19.24641147,-169.1021469,-22.72458529
-180.5526938,-15.9031631,-168.8722187,-22.25349024
-179.0824306,-12.8423914,-168.5779783,-21.73050797
-176.8555194,-9.904394562,-168.413318,-21.47224824
-174.2589984,-7.728239133,-168.056554,-20.97131342
-171.37823,-6.257143595,-167.5479367,-20.37019163
-168.8959713,-5.492836809,-166.4714043,-19.39837388
-166.6765834,-5.01876128,-164.9500745,-18.51657773
-164.6745747,-4.705538289,-163.0517957,-17.97572319
-162.4871454,-4.440725051,-161.2679618,-17.77755218
-160.4061411,-4.248854037,-159.3604881,-17.70041089
-158.4941799,-4.094434103,-157.2806081,-17.66183284
-156.521008,-3.94797274,-155.2629341,-17.59137816
-154.5373376,-3.801218653,-153.2574723,-17.476563
-152.4926796,-3.640358564,-151.315011,-17.34537135
-150.5162864,-3.487700122,-149.3044904,-17.19537806
-148.4550346,-3.3483632,-147.3785524,-17.03417447
-146.4798601,-3.209485349,-145.3672797,-16.85919514
-144.3420428,-3.055893807,-143.5185105,-16.69778281
-142.3734879,-2.918153401,-141.500507,-16.51744627
-140.3858699,-2.776574655,-139.5007992,-16.34935481
-138.4465849,-2.634217648,-137.4525628,-16.18244121
-136.3794036,-2.471687194,-135.5322396,-16.03571182
-134.3263031,-2.315239363,-133.5968127,-15.89517391
-132.3869105,-2.170830608,-131.5471641,-15.74802464
-130.3754017,-2.013392647,-129.5699537,-15.61019766
-128.3656372,-1.859849597,-127.5905328,-15.47515805
-126.3954359,-1.711732354,-125.5709746,-15.34125597
-124.4146789,-1.566972301,-123.5616823,-15.20722342
-122.3623171,-1.413533659,-121.6241795,-15.07920675
-120.343418,-1.265222637,-119.6528298,-14.95119007
-118.3245913,-1.119515309,-117.6814039,-14.81988129
-116.3510216,-0.9742500862,-115.6648994,-14.6856245
-114.3244438,-0.8302334319,-113.7012196,-14.55183228
-112.3061272,-0.6875485884,-111.7291435,-14.41851852
-110.3224454,-0.5561175285,-109.7219843,-14.27993741
-108.2924105,-0.4323434292,-107.7605236,-14.14326661
-106.2939903,-0.3150502832,-105.7674107,-14.00076644
-104.3015797,-0.1967182284,-103.7684865,-13.85621972
-102.3802783,-0.07864036979,-101.6987442,-13.70724598
-100.3406714,0.05400356924,-99.74743221,-13.57083179
-98.36324402,0.1856629298,-97.73394011,-13.43347351
-96.35402927,0.3198251485,-95.75226953,-13.29817292
-94.36196067,0.4510130796,-93.75300216,-13.16662171
-92.36033111,0.5844854903,-91.7632846,-13.03758504
-90.31009521,0.7186101185,-89.82185031,-12.91405029
-88.35637412,0.8450774701,-87.78376707,-12.78481604
-86.41146628,0.972099943,-85.73691143,-12.65555354
-84.39445,1.103974155,-83.76220835,-12.53035846
-82.38081632,1.238103543,-81.78441545,-12.4029082
-80.42163669,1.370121752,-79.75231367,-12.2711478
-78.44471181,1.507201645,-77.73838593,-12.13826285
-76.44395777,1.650059933,-75.74874759,-12.00431007
-74.44857728,1.795062032,-73.75398508,-11.86893716
-72.45724213,1.940109034,-71.75527705,-11.73207199
-70.4693753,2.076228191,-69.7523497,-11.59706602
-68.404437,2.216403398,-67.82639794,-11.46752788
-66.42363045,2.349004411,-65.8161807,-11.3324385
-64.44656248,2.479368151,-63.80229169,-11.19412341
-62.4736277,2.610224079,-61.78433125,-11.05527781
-60.42131609,2.749156454,-59.84611033,-10.91928609
-58.4587371,2.880740967,-57.81818032,-10.775545
-56.41754876,3.015811915,-55.86869217,-10.63776488
-54.46104886,3.14133335,-53.83421432,-10.49488327
-52.42141412,3.267464561,-51.88267693,-10.35544172
-50.44474502,3.384345215,-49.8679659,-10.21012029
-48.42532895,3.500705212,-47.89584539,-10.0665355
-46.39421869,3.615386079,-45.93532216,-9.922790775
-44.42823124,3.728258846,-43.91000617,-9.772211314
-42.47028564,3.84901163,-41.877176,-9.621547378
-40.51556423,3.976831589,-39.84178952,-9.468386064
-38.48168675,4.11302994,-37.88545276,-9.325072149
-36.45303865,4.250795446,-35.92370716,-9.185886484
-34.51460065,4.384441287,-33.87184857,-9.041147708
-32.49707253,4.526438692,-31.89920219,-8.90306724
-30.48561611,4.66550995,-29.92016084,-8.766769707
-28.47893108,4.798386966,-27.93572721,-8.633345344
-26.50791946,4.930784466,-25.91564956,-8.499029767
-24.50835066,5.069352551,-23.92434051,-8.367779336
-22.58214231,5.204914775,-21.85973025,-8.23262216
-20.59742409,5.349581556,-19.85389348,-8.102855916
-18.52890328,5.499024767,-17.93173725,-7.979461459
-16.55200507,5.64154731,-15.91783064,-7.850993163
-14.58030933,5.784541855,-13.89882831,-7.721436856
-12.61104057,5.928150986,-11.87757151,-7.590343168
-10.55615556,6.074264426,-9.941890231,-7.462041251
-8.512921319,6.21486021,-7.994269821,-7.332460093
-6.54548771,6.348111224,-5.970864095,-7.195318617
-4.588938558,6.47813525,-3.936624694,-7.054273175
-2.541697374,6.611596521,-1.993178361,-6.915582249
-0.590596816,6.737454392,0.04663376315,-6.772122486
