In_x,In_y,Out_x,Out_y,Center_x,Center_y,PositionIndex
2.071468602,5.823500855,-2.071468602,-5.823500854,0,3.95E-10,1
6.737957764,4.062376576,2.623558645,-7.578341633,4.680758205,-1.757982528,2
11.40440179,2.30125398,7.318632293,-9.333180718,9.361517044,-3.515963369,3
16.07084354,0.540141,12.01371544,-11.08801021,14.04227949,-5.273934605,4
20.73729229,-1.221004007,16.70876756,-12.84287165,18.72302992,-7.031937827,5
25.40373191,-2.982118995,21.40385132,-14.59770315,23.40379161,-8.789911071,6
30.07017734,-4.743237862,26.09892636,-16.3525385,28.08455185,-10.54788818,7
34.73661522,-6.504380215,30.79399134,-18.1073973,32.76530328,-12.30588876,8
39.4030785,-8.265487149,35.48905749,-19.86222077,37.44606799,-14.06385396,9
44.06955043,-10.02661807,40.18409699,-21.61706814,42.12682371,-15.82184311,10
48.73599005,-11.78774036,44.87917528,-23.37190695,46.80758266,-17.57982365,11
53.40240191,-13.54886209,49.57428175,-25.12674515,51.48834183,-19.33780362,12
58.06888055,-15.30999105,54.26931602,-26.88159057,56.16909828,-21.09579081,13
62.73531346,-17.0711153,58.96439954,-28.63643133,60.8498565,-22.85377331,14
67.40176291,-18.83225121,63.65945778,-30.39128368,65.53061034,-24.61176745,15
72.06821066,-20.59336402,68.35453505,-32.146113,70.21137285,-26.36973851,16
76.73465544,-22.3544848,73.0496093,-33.9009503,74.89213237,-28.12771755,17
81.40114021,-24.11561197,77.74463879,-35.65579392,79.5728895,-29.88570294,18
86.06755207,-25.87673369,82.43974526,-37.41063213,84.25364867,-31.64368291,19
90.73400517,-27.63786517,87.13480316,-39.1654801,88.93440417,-33.40167264,20
95.40046362,-29.3989869,91.82986305,-40.92031831,93.61516333,-35.15965261,21
100.0668755,-31.16010863,96.52496952,-42.67515652,98.2959225,-36.91763258,22
104.7333556,-32.92124583,101.2199961,-44.43001018,102.9766759,-38.67562801,23
109.399787,-34.68236184,105.9150873,-46.18484269,107.6574372,-40.43360227,24
114.0662519,-36.4434695,110.6101513,-47.93966689,112.3382016,-42.19156819,25
118.7326986,-38.20461505,115.3052051,-49.69452887,117.0189518,-43.94957196,26
123.3991342,-39.96572983,120.000293,-51.44936015,121.6997136,-45.70754499,27
128.0656132,-41.72686018,124.6953259,-53.20420696,126.3804695,-47.46553357,28
132.732022,-43.48798999,129.3904294,-54.95905326,131.0612257,-49.22352162,29
137.3984643,-45.2491028,134.0855121,-56.71388258,135.7419882,-50.98149269,30
142.0649361,-47.01023639,138.7805497,-58.46873261,140.4227429,-52.7394845,31
146.7313969,-48.77134985,143.4756134,-60.22356261,145.1035052,-54.49745623,32
151.3978376,-50.53248246,148.1706829,-61.97841166,149.7842603,-56.25544706,33
156.0642813,-52.29360609,152.8657561,-63.73325178,154.4650187,-58.01342894,34
160.7307203,-54.05472478,157.5608377,-65.48808699,159.145779,-59.77140589,35
165.3971722,-55.8158616,162.2558929,-67.24294023,163.8265325,-61.52940092,36
170.0636109,-57.57698033,166.9509747,-68.99777548,168.5072928,-63.28737791,37
174.7300546,-59.33810382,171.646048,-70.75261546,173.1880513,-65.04535964,38
179.3964956,-61.09923654,176.3411171,-72.50746462,177.8688063,-66.80335058,39
184.0629564,-62.86034992,181.0361808,-74.26229455,182.5495686,-68.56132224,40
188.7294278,-64.62148369,185.7312188,-76.01714476,187.2303233,-70.31931422,41
193.3958705,-66.38259639,190.4263012,-77.77197397,191.9110858,-72.07728518,42
198.0622794,-68.14372613,195.1214046,-79.5268202,196.591842,-73.83527317,43
202.7287579,-69.90485666,199.8164378,-81.28166719,201.2725979,-75.59326192,44
207.3951939,-71.66597133,204.5115254,-83.03649836,205.9533597,-77.35123484,45
212.0616403,-73.4271167,209.2065796,-84.79136017,210.63411,-79.10923843,46
216.7281055,-75.18822454,213.9016432,-86.54618453,215.3148743,-80.86720454,47
221.4426202,-76.94921206,218.546977,-88.30554301,219.9947986,-82.62737754,48
226.1319678,-78.69920013,223.2171046,-90.07688336,224.6745362,-84.38804174,49
230.8040557,-80.44851184,227.9045046,-91.84886657,229.3542801,-86.1486892,50
235.4533945,-82.20113323,232.6117372,-93.62528582,234.0325659,-87.91320953,51
240.2030739,-83.99854819,237.2148826,-95.36686569,238.7089782,-89.68270694,52
244.8201763,-85.73703877,241.9533366,-97.15990459,243.3867564,-91.44847168,53
249.5359528,-87.51758603,246.5950054,-98.90600635,248.0654791,-93.21179619,54
254.2417368,-89.29993043,251.2431022,-100.6597918,252.7424195,-94.9798611,55
258.8371711,-91.03956644,256.0006301,-102.4587144,257.4189006,-96.7491404,56
263.5196445,-92.80946814,260.6723265,-104.2241953,262.0959855,-98.5168317,57
268.2063707,-94.57861616,265.339218,-105.9919275,266.7727943,-100.2852718,58
272.9908087,-96.39390176,269.9009918,-107.7330014,271.4459003,-102.0634516,59
277.5518473,-98.14275571,274.678457,-109.5606338,276.1151521,-103.8516947,60
282.3242886,-99.98155405,279.2435407,-111.3009807,280.7839146,-105.6412674,61
286.9775303,-101.7712489,283.9291023,-113.0870887,285.4533163,-107.4291688,62
291.6283898,-103.5490763,288.6196708,-114.8782148,290.1240303,-109.2136455,63
296.2784284,-105.3267895,293.3074316,-116.6789149,294.79293,-111.0028522,64
300.9305101,-107.1047901,297.9919192,-118.4825119,299.4612147,-112.793651,65
305.5724469,-108.8973803,302.6815231,-120.2844466,304.126985,-114.5909134,66
310.2184217,-110.6969704,307.3613492,-122.0942641,308.7898855,-116.3956172,67
314.9521745,-112.5190002,311.9588717,-123.8675553,313.4555231,-118.1932778,68
319.6411537,-114.3203834,316.6036388,-125.6550987,318.1223962,-119.987741,69
324.3097591,-116.1073304,321.2735857,-127.4446093,322.7916724,-121.7759699,70
328.9085896,-117.8647938,326.0147593,-129.2598404,327.4616745,-123.5623171,71
333.5910576,-119.6516102,330.6729673,-131.0439503,332.1320125,-125.3477803,72
338.307323,-121.450602,335.2988497,-132.8120052,336.8030863,-127.1313036,73
342.9355397,-123.2183849,340.0123274,-134.6124803,341.4739336,-128.9154326,74
347.6822539,-125.0276634,344.6072309,-136.3715964,346.1447424,-130.6996299,75
352.3019568,-126.7937655,349.3290161,-138.1742538,350.8154864,-132.4840096,76
356.9943514,-128.5879477,353.9763422,-139.9533913,355.4853468,-134.2706695,77
361.6500952,-130.372129,358.6580616,-141.7485156,360.1540784,-136.0603223,78
366.3434723,-132.1687067,363.3043962,-143.5253508,364.8239342,-137.8470287,79
370.9638027,-133.9212991,368.028726,-145.3331689,369.4962644,-139.627234,80
375.5683099,-135.6575953,372.7716655,-147.14981,374.1699877,-141.4037027,81
380.3190694,-137.4450219,377.3725938,-148.9041842,378.8458316,-143.174603,82
384.9794195,-139.2097822,382.0608546,-150.6894375,383.520137,-144.9496098,83
389.6664932,-140.9917179,386.7224175,-152.4574854,388.1944554,-146.7246017,84
394.3098007,-142.7577819,391.4298225,-154.2358671,392.8698116,-148.4968245,85
398.9377991,-144.4968441,396.1635344,-156.0121758,397.5506667,-150.2545099,86
403.6785798,-146.2710679,400.7935917,-157.7288449,402.2360858,-151.9999564,87
408.4103943,-148.0617997,405.4291044,-159.4384173,406.9197493,-153.7501085,88
412.8271034,-149.6688706,410.4462346,-161.1430573,411.636669,-155.405964,89
416.4806344,-150.2857445,416.6097336,-162.2652602,416.545184,-156.2755023,90
419.3345447,-149.620167,423.5112411,-161.1760675,421.4228929,-155.3981172,91
421.3607164,-147.9592867,429.4568828,-156.9190925,425.4087996,-152.4391896,92
422.6510765,-145.7481607,433.8464091,-150.9682179,428.2487428,-148.3581893,93
423.5230886,-142.4446394,436.0219326,-144.789933,429.7725106,-143.6172862,94
423.9289325,-138.4448306,436.737352,-138.8622043,430.3331423,-138.6535174,95
424.1270766,-133.899609,436.9194089,-133.4187126,430.5232427,-133.6591608,96
424.3084135,-128.7960398,437.0157488,-128.5298802,430.6620812,-128.66296,97
424.5164248,-123.4710306,437.1233259,-123.8616006,430.8198754,-123.6663156,98
424.7501004,-118.3342528,437.283804,-119.0070054,431.0169522,-118.6706291,99
424.995113,-113.3617375,437.4438432,-113.9882655,431.2194781,-113.6750015,100
425.2601219,-108.235799,437.5698734,-109.1222606,431.4149976,-108.6790298,101
425.5246954,-103.2625487,437.7031865,-104.1038582,431.613941,-103.6832034,102
425.8016623,-98.22093443,437.8560317,-99.15499502,431.828847,-98.68796472,103
426.086855,-93.2057446,438.0071758,-94.17993158,432.0470154,-93.69283809,104
426.3911478,-88.15763114,438.1438525,-89.23805044,432.2675002,-88.69784079,105
426.7081103,-83.1646226,438.288214,-84.24201297,432.4981621,-83.70331778,106
427.0305226,-78.21263697,438.4360649,-79.20552847,432.7332938,-78.70908272,107
427.2814872,-73.4332493,438.5726437,-73.99266428,432.9270654,-73.71295679,108
427.3381484,-68.97300948,438.6004876,-68.45422124,432.969318,-68.71361536,109
427.0785016,-64.55984377,438.2732785,-62.88791025,432.67589,-63.72387701,110
426.4874012,-60.31554808,437.2126246,-57.27754141,431.8500129,-58.79654474,111
425.5193912,-56.20210778,435.5232431,-51.75391157,430.5213172,-53.97800968,112
424.1274771,-52.15695866,433.6362398,-46.35553114,428.8818585,-49.2562449,113
422.3119432,-48.29407744,431.2161803,-41.16544308,426.7640618,-44.72976026,114
420.1071889,-44.68362098,428.185547,-36.26289278,424.1463679,-40.47325688,115
417.4330558,-41.18004598,424.6585955,-31.92773843,421.0458257,-36.5538922,116
414.2672933,-37.70083086,420.9775114,-28.12139569,417.6224023,-32.91111328,117
410.8928319,-34.37924859,417.1165061,-24.54155789,414.004669,-29.46040324,118
407.2282808,-30.91717341,413.4200438,-21.23506748,410.3241623,-26.07612045,119
403.5891092,-27.48877616,409.704939,-17.88754002,406.6470241,-22.68815809,120
399.962284,-24.10595267,405.9736974,-14.49853996,402.9679907,-19.30224631,121
396.3005238,-20.71269731,402.282578,-11.11431972,399.2915509,-15.91350851,122
392.6080435,-17.28635073,398.6467158,-7.736667136,395.6273797,-12.51150894,123
388.935349,-13.87588737,395.0082005,-4.324748509,391.9717748,-9.100317939,124
385.279722,-10.47154944,391.3737786,-0.884103448,388.3267503,-5.677826446,125
381.6344271,-7.080337046,387.7277443,2.568344113,384.6810857,-2.255996466,126
377.9975238,-3.702410707,384.0609938,6.020888312,381.0292588,1.159238803,127
374.3120127,-0.275766991,380.4386748,9.420282423,377.3753438,4.572257716,128
370.6604127,3.14064372,376.7931182,12.8413273,373.7267654,7.990985512,129
367.0413818,6.536011509,373.1165531,16.28510224,370.0789674,11.41055688,130
363.3379592,10.01843276,369.5145187,19.6312643,366.4262389,14.82484853,131
359.730697,13.3802492,365.7925349,23.07249289,362.761616,18.22637105,132
356.0678189,16.77441198,362.1132074,26.46740598,359.0905131,21.62090898,133
352.4044427,20.19407786,358.4508214,29.85455309,355.427632,25.02431548,134
348.7054787,23.65498664,354.8209667,33.19714451,351.7632227,28.42606557,135
345.055606,27.05917422,351.1295867,36.5830537,348.0925963,31.82111396,136
341.4079399,30.45322138,347.4296608,39.97226204,344.4188003,35.21274171,137
337.7704067,33.85138866,343.7232475,43.3612991,340.7468271,38.60634388,138
334.0800706,37.3129706,340.0799046,46.69800859,337.0799876,42.0054896,139
330.4791116,40.70421556,336.3622328,50.12122626,333.4206722,45.41272091,140
326.8322062,44.14405847,332.6991229,53.50511328,329.7656646,48.82458588,141
323.1844561,47.5791717,329.050257,56.90803672,326.1173566,52.24360421,142
319.5369027,51.02074358,325.4112779,60.31524869,322.4740903,55.66799614,143
315.8545618,54.52117038,321.8119641,63.6687903,318.833263,59.09498034,144
312.2687188,57.95032122,318.119306,67.09696615,315.1940124,62.52364368,145
308.6448243,61.41556552,314.4614319,70.48558114,311.5531281,65.95057333,146
305.0168896,64.88074021,310.8065709,73.87316571,307.9117302,69.37695296,147
301.3960134,68.34943453,307.1587907,77.27222628,304.277402,72.8108304,148
297.7787391,71.82226762,303.5237452,80.68439893,300.6512422,76.25333327,149
294.1625568,75.29948943,299.8883743,84.09299863,297.0254655,79.69624403,150
290.5391114,78.77381212,296.2538432,87.49773484,293.3964773,83.13577348,151
286.9209158,82.22968139,292.6081723,90.91469768,289.7645441,86.57218953,152
283.3467647,85.63495664,288.9125495,94.37600876,286.1296571,90.0054827,153
279.7103518,89.10098883,285.282011,97.77955743,282.4961814,93.44027313,154
276.0665703,92.55746142,281.651368,101.1847506,278.8589692,96.87110599,155
272.4876188,95.93042366,277.9410254,104.6576546,275.2143221,100.2940391,156
268.8227344,99.3553398,274.2933744,108.0537547,271.5580544,103.7045473,157
265.1471587,102.7696543,270.6445515,111.4477131,267.8958551,107.1086837,158
261.4732482,106.1885913,267.0009093,114.8444392,264.2370788,110.5165153,159
257.7939051,109.6097679,263.36317,118.2394297,260.5785376,113.9245988,160
254.1943077,112.9629506,259.6497297,121.7067551,256.9220187,117.3348529,161
250.5203321,116.3884881,256.0107542,125.1017959,253.2655432,120.745142,162
246.8430968,119.8137315,252.3776734,128.4999531,249.6103851,124.1568423,163
243.2381809,123.1671456,248.6784318,131.9765413,245.9583064,127.5718434,164
239.5517074,126.5899739,245.0691441,135.3926554,242.3104258,130.9913146,165
235.8615613,130.0089072,241.4635681,138.8127164,238.6625647,134.4108118,166
232.2482649,133.3547921,237.7843614,142.3092597,235.0163131,137.8320259,167
228.5553945,136.7765464,234.1846233,145.7297951,231.3700089,141.2531708,168
224.8936371,140.1621108,230.5547528,149.1875618,227.724195,144.6748363,169
221.2296832,143.5411701,226.922136,152.6465385,224.0759096,148.0938543,170
217.5263676,146.9634303,223.3360274,156.0699634,220.4311975,151.5166968,171
213.905644,150.3180521,219.6714277,159.5653456,216.7885359,154.9416988,172
210.2005025,153.7495945,216.0813613,162.9732644,213.1409319,158.3614294,173
206.5504707,157.1459287,212.4350632,166.4152668,209.4927669,161.7805978,174
202.8980341,160.5729803,208.7948017,169.8304539,205.8464179,165.2017171,175
199.2267876,164.0335812,205.1775606,173.2165831,202.2021741,168.6250822,176
195.6369572,167.4317451,201.4837489,176.6703042,198.5603531,172.0510247,177
191.9521311,170.9162719,197.887092,180.0399548,194.9196115,175.4781133,178
188.4021095,174.2625266,194.1497842,183.5416717,191.2759468,178.9020991,179
184.6759349,177.7706826,190.5826209,186.8750815,187.6292779,182.322882,180
181.0980429,181.1402521,186.8549181,190.3339931,183.9764805,185.7371226,181
177.4289189,184.6001093,183.2098051,193.6933148,180.319362,189.146712,182
173.7551784,188.0686143,179.563832,197.038085,176.6595052,192.5533496,183
170.1629308,191.4692762,175.8438268,200.4587412,173.0033788,195.9640087,184
166.4837921,194.9573382,172.2241053,203.8063318,169.3539487,199.381835,185
162.8820396,198.3787797,168.5416907,207.2362163,165.7118652,202.807498,186
159.2713783,201.806699,164.875051,210.6668919,162.0732147,206.2367954,187
155.5747728,205.3090976,161.3027007,214.0319044,158.4387368,209.670501,188
152.0098731,208.677298,157.5989662,217.5313968,154.8044196,213.1043474,189
148.3520877,212.1008739,153.9662664,220.9522628,151.159177,216.5265684,190
144.7341056,215.4703298,150.2886124,224.4217525,147.511359,219.9460412,191
141.0817034,218.8612982,146.6424201,227.8665543,143.8620618,223.3639262,192
137.3969728,222.2904598,143.0326897,231.2776578,140.2148312,226.7840588,193
133.7325622,225.694368,139.4046451,234.7160596,136.5686036,230.2052138,194
130.0922679,229.0873815,135.7599382,238.1733935,132.926103,233.6303875,195
126.4000966,232.5316344,132.1654469,241.5776737,129.2827718,237.054654,196
122.7896861,235.907203,128.4950336,245.0569086,125.6423598,240.4820558,197
119.1018391,239.3709672,124.9173483,248.4640918,122.0095937,243.9175295,198
115.4957887,242.7592159,121.2574027,251.9463339,118.3765957,247.3527749,199
111.8084959,246.2175378,117.6740086,255.353461,114.7412523,250.7854994,200
108.209011,249.5885418,113.9976023,258.8424997,111.1033067,254.2155207,201
104.5777665,252.9742015,110.340295,262.3033994,107.4590308,257.6388005,202
100.8512301,256.4394745,106.7754402,265.6816694,103.8133352,261.0605719,203
97.19277476,259.8595436,103.1530395,269.1164042,100.1729071,264.4879739,204
93.59706366,263.2380838,99.47707724,272.6024201,96.53707045,267.920252,205
89.92668565,266.6985566,95.87319441,276.003787,92.89994003,271.3511718,206
86.24550341,270.1617346,92.27409841,279.396013,89.25980091,274.7788738,207
82.64021545,273.5474921,88.5941525,282.8603817,85.61718397,278.2039369,208
79.02762412,276.9386463,84.91763113,286.3152664,81.97262762,281.6269564,209
75.37149469,280.3673873,81.28823094,289.736314,78.32986281,285.0518507,210
71.69932545,283.8137729,77.67712137,293.1421589,74.68822341,288.4779659,211
68.07256483,287.2201749,74.02935634,296.5973166,71.05096058,291.9087458,212
64.44044475,290.6276445,70.38636724,300.0507851,67.413406,295.3392148,213
60.77802172,294.0709855,66.77209725,303.4667032,63.77505948,298.7688443,214
57.16517738,297.4694429,63.10443946,306.9234565,60.13480842,302.1964497,215
53.5193513,300.898157,59.46593225,310.3458787,56.49264178,305.6220178,216
49.86862244,304.329296,55.83486672,313.7685852,52.85174458,309.0489406,217
46.21176796,307.7552819,52.2013327,317.1872925,49.20655033,312.4712872,218
42.54234762,311.1803048,48.57602304,320.6023322,45.55918533,315.8913185,219
38.95240488,314.5146678,44.86305457,324.0992207,41.90772972,319.3069442,220
35.26717047,317.9343374,41.23984609,327.5049496,38.25350828,322.7196435,221
31.58841582,321.3697877,37.62869536,330.9145894,34.60855559,326.1421885,222
27.9626845,324.766611,33.95599965,334.3538582,30.95934208,329.5602346,223
24.28705214,328.2157697,30.32807226,337.7353485,27.3075622,332.9755591,224
20.64434528,331.6428855,26.66612675,341.1377168,23.65523601,336.3903011,225
16.97823378,335.0888078,23.02726082,344.5209269,20.0027473,339.8048674,226
13.36221561,338.4819618,19.33921513,347.957868,16.35071537,343.2199149,227
9.701454199,341.9307667,15.71348739,351.3579067,12.7074708,346.6443367,228
6.078981385,345.34609,12.06570797,354.8086509,9.072344675,350.0773704,229
2.410668157,348.8172999,8.4687076,358.2087277,5.439687879,353.5130138,230
-1.205569192,352.2372298,4.812622508,361.6526938,1.803526658,356.9449618,231
-4.809167744,355.6393403,1.136373361,365.1065026,-1.836397191,360.3729214,232
-8.457161752,359.0786605,-2.506469787,368.5114077,-5.481815769,363.7950341,233
-12.12511749,362.535241,-6.134840636,371.8931975,-9.129979062,367.2142193,234
-15.7405485,365.9433695,-9.809326925,375.3302649,-12.77493771,370.6368172,235
-19.36190438,369.3551677,-13.47740138,378.7641883,-16.41965288,374.059678,236
-22.98725372,372.764528,-17.13941214,382.2027522,-20.06333293,377.4836401,237
-26.71635821,376.2635846,-20.70070865,385.548389,-23.70853343,380.9059868,238
-30.34692289,379.6725348,-24.35969844,388.9850346,-27.35331066,384.3287847,239
-33.99178233,383.0920509,-28.00493499,392.4105402,-30.99835866,387.7512956,240
-37.63757357,386.5139114,-31.64820273,395.8348077,-34.64288815,391.1743596,241
-41.28621801,389.938655,-35.28320658,399.2619391,-38.28471229,394.600297,242
-44.9312237,393.3486867,-38.92342832,402.7020923,-41.92732601,398.0253895,243
-48.51657661,396.6933648,-42.62856913,406.2019808,-45.57257287,401.4476728,244
-52.19108199,400.115474,-46.24915056,409.6195673,-49.22011627,404.8675207,245
-55.87492516,403.5396717,-49.86523362,413.0298929,-52.87007939,408.2847823,246
-59.54669951,406.9583723,-53.48852407,416.4509033,-56.51761179,411.7046378,247
-63.14544819,410.3212089,-57.17804881,419.9350178,-60.1617485,415.1281133,248
-66.8250144,413.7658203,-60.78420285,423.340076,-63.80460862,418.5529481,249
-70.50504056,417.2183935,-64.38909902,426.7380236,-67.44706979,421.9782085,250
-74.08683287,420.590409,-68.08770227,430.2213482,-71.08726757,425.4058786,251
-77.76746335,424.0574459,-71.68421881,433.6130984,-74.72584108,428.8352722,252
-81.43378923,427.5163331,-75.2989528,437.0088424,-78.36637101,432.2625878,253
-85.02896098,430.916607,-78.98871512,440.459073,-82.00883805,435.68784,254
-88.71490599,434.3986962,-82.5848171,443.8305696,-85.64986155,439.1146329,255
-92.30565215,437.7922411,-86.28275238,447.2835271,-89.29420227,442.5378841,256
-95.97974833,441.2623986,-89.90206895,450.6548476,-92.94090864,445.9586231,257
-99.59512538,444.6791324,-93.57934385,454.0804091,-96.58723461,449.3797708,258
-103.1951401,448.0805047,-97.26764822,457.5259532,-100.2313942,452.803229,259
-106.8954274,451.572987,-100.8560196,460.8800226,-103.8757235,456.2265048,260
-110.5091331,454.9787169,-104.5360519,464.3154308,-107.5225925,459.6470738,261
-114.1209279,458.3808105,-108.2133228,467.7594617,-111.1671253,463.0701361,262
-117.7374606,461.7792163,-111.8836828,471.2094933,-114.8105717,466.4943548,263
-121.3673758,465.1664932,-115.5534677,474.6569968,-118.4604218,469.911745,264
-125.1028685,468.6425008,-119.1201271,478.0131514,-122.1114978,473.3278261,265
-128.7380088,472.0262255,-122.7835624,481.4653981,-125.7607856,476.7458118,266
-132.3718485,475.411502,-126.4477226,484.9167235,-129.4097856,480.1641128,267
-136.004553,478.8005263,-130.1107001,488.3667704,-133.0576265,483.5836483,268
-139.736168,482.2870082,-133.6720091,491.7223005,-136.7040886,487.0046544,269
-143.3648638,485.6808994,-137.3349333,495.171813,-140.3498985,490.4263562,270
-146.9951718,489.0743012,-140.9996655,498.6181652,-143.9974187,493.8462332,271
-150.6240043,492.4675338,-144.6719502,502.0581985,-147.6479773,497.2628661,272
-154.3327175,495.9354794,-148.2691233,505.4184121,-151.3009204,500.6769457,273
-157.9887455,499.3440441,-151.9258668,508.8306334,-154.9573061,504.0873388,274
-161.6214258,502.7362953,-155.6058074,512.2593405,-158.6136166,507.4978179,275
-165.2510134,506.1312254,-159.2883744,515.68587,-162.2696939,510.9085477,276
-168.8792877,509.5274059,-162.9697167,519.1138611,-165.9245022,514.3206335,277
-172.6100381,513.0174178,-166.5503842,522.4460836,-169.5802111,517.7317507,278
-176.2444597,516.4102087,-170.2275161,525.8753806,-173.2359879,521.1427947,279
-179.8855674,519.7962588,-173.9007799,529.3084081,-176.8931736,524.5523335,280
-183.5251295,523.1811239,-177.5732871,532.745082,-180.5492083,527.963103,281
-187.195733,526.6089116,-181.2066814,536.1474723,-184.2012072,531.378192,282
-190.8851279,530.065723,-184.8152623,539.5272748,-187.8501951,534.7964989,283
-194.5044695,533.4691289,-188.4869309,542.9679166,-191.4957002,538.2185228,284
-198.1298165,536.871325,-192.1501458,546.4123809,-195.1399811,541.641853,285
-201.7664789,540.2770806,-195.8041321,549.85106,-198.7853055,545.0640703,286
-205.4101267,543.6933536,-199.4486875,553.2818205,-202.4294071,548.487587,287
-209.0610382,547.1187104,-203.0870044,556.702411,-206.0740213,551.9105607,288
-212.7205513,550.5460326,-206.7182921,560.1193557,-209.7194217,555.3326942,289
-216.3837011,553.9773459,-210.3495968,563.5284272,-213.366649,558.7528866,290
-220.0418208,557.4087258,-213.9864779,566.9368436,-217.0141493,562.1727847,291
-223.6952629,560.8400614,-217.6260326,570.3474458,-220.6606478,565.5937536,292
-227.3456167,564.2709581,-221.2634141,573.7640841,-224.3045154,569.0175211,293
-230.9881005,567.7000628,-224.9110587,577.1799639,-227.9495796,572.4400134,294
-234.6206548,571.1317612,-228.5694492,580.5923878,-231.595052,575.8620745,295
-238.2456658,574.5651525,-232.2363623,584.0020713,-235.241014,579.2836119,296
-241.861258,577.9968146,-235.9035835,587.4231766,-238.8824208,582.7099956,297
-245.4643602,581.4297829,-239.5682664,590.8589206,-242.5163133,586.1443518,298
-249.1599351,584.9453304,-243.1347179,594.2181719,-246.1473265,589.5817512,299
-252.7609291,588.3606091,-246.7938493,597.6796928,-249.7773892,593.020151,300
-256.3585897,591.7700419,-250.4583308,601.1449374,-253.4084603,596.4574897,301
-260.0431372,595.2513036,-254.0436151,604.5302148,-257.0433762,599.8907592,302
-263.6454865,598.6495238,-257.7105607,607.9991033,-260.6780236,603.3243136,303
-267.2959996,602.1019366,-261.3257501,611.4176071,-264.3108748,606.7597719,304
-270.9331853,605.5380668,-264.9566612,614.8498545,-267.9449232,610.1939607,305
-274.5417851,608.9417808,-268.6175538,618.3130198,-271.5796694,613.6274003,306
-278.1631174,612.3329359,-272.2734316,621.7805831,-275.2182745,617.0567595,307
-281.8036282,615.7121799,-275.9236694,625.24564,-278.8636488,620.4789099,308
-285.5111259,619.1514349,-279.5039396,628.6538462,-282.5075327,623.9026405,309
-289.1736874,622.5578112,-283.1133611,632.1116968,-286.1435243,627.334754,310
-292.8108969,625.9547241,-286.7275077,635.6007814,-289.7692023,630.7777527,311
-296.4391265,629.3768489,-290.3263485,639.0901806,-293.3827375,634.2335148,312
-300.0674154,632.8132677,-293.9189639,642.571732,-296.9931897,637.6924999,313
-303.6937367,636.2752337,-297.5053119,646.0363133,-300.5995243,641.1557735,314
-307.3175874,639.7297314,-301.1048447,649.4971822,-304.211216,644.6134568,315
-310.9708943,643.1713723,-304.7100246,652.9340317,-307.8404595,648.052702,316
-314.5578668,646.5209371,-308.4073029,656.435684,-311.4825848,651.4783106,317
-318.245694,649.9441645,-312.0228252,659.843304,-315.1342596,654.8937342,318
-321.9281859,653.3772903,-315.6418115,663.2430441,-318.7849987,658.3101672,319
-325.5824872,656.7899506,-319.2862091,666.666197,-322.4343482,661.7280738,320
-329.1925505,660.1760302,-322.9730331,670.1178743,-326.0827918,665.1469522,321
-332.8541392,663.6237631,-326.610418,673.5056881,-329.7322786,668.5647256,322
-336.5065465,667.0772554,-330.2554086,676.8893892,-333.3809775,671.9833223,323
-340.1360755,670.4831091,-333.9352095,680.3079851,-337.0356425,675.3955471,324
-343.7681282,673.8478123,-337.6340938,683.7445042,-340.701111,678.7961582,325
-347.4393024,677.204027,-341.3141405,687.1675972,-344.3767214,682.1858121,326
-351.0941721,680.5032267,-345.0333727,690.6227789,-348.0637724,685.5630028,327
-354.7974852,683.8211953,-348.7174041,694.0447521,-351.7574447,688.9329737,328
-358.5612022,687.1938558,-352.3440916,697.4086847,-355.4526469,692.3012703,329
-362.2963791,690.5593997,-355.9896204,700.7903266,-359.1429998,695.6748632,330
-366.00322,693.9189854,-359.6549218,704.1872713,-362.8290709,699.0531283,331
-369.6771618,697.2738331,-363.3385243,707.6048818,-366.5078431,702.4393574,332
-373.3902523,700.6896499,-366.9719522,710.9734968,-370.1811022,705.8315734,333
-377.072922,704.0907178,-370.635062,714.3576552,-373.853992,709.2241865,334
-380.7254155,707.4810117,-374.3190858,717.762593,-377.5222506,712.6218023,335
-384.4090177,710.9026376,-377.9656421,721.143058,-381.1873299,716.0228478,336
-388.0489257,714.2724619,-381.6533845,724.5780191,-384.8511551,719.4252405,337
-391.7313435,717.6779443,-385.2896487,727.9869695,-388.5104961,722.8324569,338
-395.4129951,721.0573854,-388.9310024,731.4172967,-392.1719987,726.237341,339
-399.0373516,724.3392983,-392.6414661,734.9324173,-395.8394089,729.6358578,340
-402.7325768,727.6582061,-396.2776677,738.4139363,-399.5051222,733.0360712,341
-406.47834,731.0206518,-399.8565712,741.8589359,-403.1674556,736.4397938,342
-410.1638407,734.3085186,-403.5109326,745.362309,-406.8373867,739.8354138,343
-413.9097431,737.6363866,-407.1295502,748.7989419,-410.5196467,743.2176642,344
-417.6405541,740.9668599,-410.7834871,752.2111388,-414.2120206,746.5889994,345
-421.3593922,744.3308106,-414.4567729,755.5817932,-417.9080825,749.9563019,346
-425.0224523,747.6079453,-418.2073794,759.0154963,-421.6149159,753.3117208,347
-428.7509192,750.8691858,-421.9214044,762.4327573,-425.3361618,756.6509716,348
-432.4958117,754.0950815,-425.6503147,765.8501628,-429.0730632,759.9726222,349
-436.2838289,757.3923607,-429.2926366,769.2443886,-432.7882328,763.3183747,350
-440.2178093,761.0089782,-432.240151,772.8551962,-436.2289801,766.9320872,351
-444.5213343,766.6511219,-433.1157013,775.6555334,-438.8185178,771.1533276,352
-446.2468534,776.2901235,-433.1211904,775.7067401,-439.6840219,775.9984318,353
-442.3271103,785.3551125,-433.1211904,775.7067401,-437.7241503,780.5309263,354
-436.4864702,789.9320584,-432.7165941,778.4054947,-434.6015322,784.1687765,355
-431.053759,791.7611119,-429.3602096,780.8929876,-430.2069843,786.3270497,356
-425.680595,792.577723,-424.8004905,781.0220584,-425.2405428,786.7998907,357
-420.5662615,792.9539364,-419.9316739,781.1557977,-420.2489677,787.0548671,358
-415.5898078,793.2974277,-414.9340549,781.5181245,-415.2619314,787.4077761,359
-410.586761,793.6448157,-409.9644099,781.8953457,-410.2755855,787.7700807,360
-405.5880965,793.9928608,-404.9920328,782.3012687,-405.2900647,788.1470647,361
-400.611394,794.3691831,-399.9996494,782.7053561,-400.3055217,788.5372696,362
-395.6615687,794.7711148,-394.9807351,783.0882929,-395.3211519,788.9297039,363
-390.6361449,795.1894694,-390.037034,783.4494684,-390.3365895,789.3194689,364
-385.6022433,795.5665361,-385.0973119,783.7960235,-385.3497776,789.6812798,365
-380.6052744,795.9037679,-380.1185071,784.1537898,-380.3618908,790.0287789,366
-375.6055266,796.2332888,-375.1411293,784.5000621,-375.3733279,790.3666754,367
-370.6145925,796.5335088,-370.1532622,784.8500704,-370.3839273,790.6917896,368
-365.6213204,796.8392472,-365.1693858,785.2195091,-365.3953531,791.0293781,369
-360.6583316,797.163133,-360.157775,785.6072329,-360.4080533,791.3851829,370
-355.6651718,797.5058063,-355.1759728,785.9709472,-355.4205723,791.7383768,371
-350.7080326,797.8580044,-350.1554525,786.2853236,-350.4317426,792.071664,372
-345.6881141,798.2147166,-345.1961719,786.5722817,-345.442143,792.3934991,373
-340.6751153,798.553313,-340.2279617,786.8436833,-340.4515385,792.6984982,374
-335.6697316,798.8867056,-335.2536774,787.1459669,-335.4617045,793.0163363,375
-330.7596322,799.2097535,-330.1860158,787.4886315,-330.472824,793.3491925,376
-325.7727099,799.5248925,-325.1939398,787.8204206,-325.4833249,793.6726566,377
-320.7003929,799.8392116,-320.2868768,788.1472791,-320.4936348,793.9932454,378
-315.7246912,800.134883,-315.2822106,788.4771948,-315.5034509,794.3060389,379
-310.7550395,800.4182185,-310.2712889,788.8157409,-310.5131642,794.6169797,380
-305.7920439,800.7079192,-305.2540963,789.1537552,-305.5230701,794.9308372,381
-300.7846544,801.0148024,-300.2819589,789.4840142,-300.5333067,795.2494083,382
-295.7545548,801.3415867,-295.3334311,789.8092962,-295.543993,795.5754415,383
-290.8036675,801.6602704,-290.3049988,790.1304375,-290.5543331,795.8953539,384
-285.8270822,801.9850558,-285.3025703,790.4521901,-285.5648263,796.218623,385
-280.8488456,802.3415448,-280.3041235,790.7759726,-280.5764845,796.5587587,386
-275.9201818,802.7094225,-275.2568524,791.1004519,-275.5885171,796.9049372,387
-270.8861475,803.0945874,-270.3161322,791.4235542,-270.6011399,797.2590708,388
-265.8789623,803.4412599,-265.3471001,791.7655972,-265.6130312,797.6034285,389
-260.9179748,803.7549492,-260.3306387,792.1216519,-260.6243067,797.9383005,390
-255.9166964,804.084542,-255.3554671,792.4773257,-255.6360817,798.2809339,391
-250.817248,804.3772364,-250.4748223,792.8143918,-250.6460351,798.5958141,392
-245.8297671,804.6423881,-245.4796646,793.1371736,-245.6547159,798.8897809,393
-240.915228,804.917158,-240.410799,793.4376063,-240.6630135,799.1773821,394
-235.9673852,805.2077024,-235.3761439,793.7374083,-235.6717645,799.4725553,395
-230.8953966,805.5026385,-230.4658362,794.0359869,-230.6806164,799.7693127,396
-225.8558869,805.7972173,-225.5233049,794.339289,-225.6895959,800.0682531,397
-220.916237,806.0886088,-220.4815191,794.6554345,-220.698878,800.3720216,398
-215.8832325,806.3950723,-215.5340453,794.9725733,-215.7086389,800.6838228,399
-210.947892,806.6983897,-210.4889138,795.2928533,-210.7184029,800.9956215,400
-205.9349251,807.009394,-205.5220802,795.6165158,-205.7285026,801.3129549,401
-200.9399783,807.330592,-200.5384914,795.949318,-200.7392349,801.639955,402
-195.9303985,807.6579103,-195.5694922,796.2751397,-195.7499453,801.966525,403
-190.9757865,807.9764306,-190.5446009,796.595722,-190.7601937,802.2860763,404
-186.0506363,808.2883905,-185.4901665,796.9215082,-185.7704014,802.6049494,405
-181.0634247,808.6104851,-180.4983682,797.2463812,-180.7808964,802.9284331,406
-176.0606809,808.9279597,-175.5219037,797.5727413,-175.7912923,803.2503505,407
-170.9879371,809.2441617,-170.6153318,797.8987171,-170.8016344,803.5714394,408
-166.0307435,809.548778,-165.5929934,798.2328451,-165.8118685,803.8908115,409
-161.083329,809.854506,-160.5610249,798.568292,-160.822177,804.211399,410
-156.0721377,810.168889,-155.5927754,798.8942637,-155.8324565,804.5315763,411
-151.0581026,810.4897814,-150.6274959,799.2158637,-150.8427993,804.8528226,412
-146.0426979,810.8112829,-145.6635193,799.5354442,-145.8531086,805.1733635,413
-141.1445853,811.133076,-140.5827577,799.8626767,-140.8636715,805.4978764,414
-136.131783,811.4757055,-135.6172544,800.1780346,-135.8745187,805.8268701,415
-131.1220682,811.8185076,-130.6481666,800.4851356,-130.8851174,806.1518216,416
-126.1025157,812.1610362,-125.688709,800.7898158,-125.8956124,806.475426,417
-121.1869631,812.4855811,-120.6247021,801.1041354,-120.9058326,806.7948582,418
-116.1431642,812.8134093,-115.6889686,801.4155306,-115.9160664,807.1144699,419
-111.2010739,813.1435365,-110.6526336,801.7417226,-110.9268537,807.4426296,420
-106.2491523,813.479573,-105.626912,802.0737675,-105.9380322,807.7766702,421
-101.1697359,813.8229306,-100.7285154,802.3958562,-100.9491256,808.1093934,422
-96.19390878,814.1516343,-95.72580253,802.7217292,-95.95985565,808.4366818,423
-91.20598796,814.4732473,-90.73497147,803.0512772,-90.97047972,808.7622622,424
-86.20941204,814.8006572,-85.75363081,803.3878406,-85.98152143,809.0942489,425
-81.20241946,815.1343014,-80.78366321,803.7324046,-80.99304133,809.433353,426
-76.19778003,815.4627799,-75.81126804,804.0808014,-76.00452404,809.7717906,427
-71.27489174,815.7784828,-70.75623813,804.4290438,-71.01556493,810.1037633,428
-66.23496598,816.096537,-65.81702963,804.7564859,-66.0259978,810.4265115,429
-61.30242628,816.4067801,-60.76998565,805.0846563,-61.03620597,810.7457182,430
-56.24120646,816.7245732,-55.85128282,805.4001509,-56.04624464,811.0623621,431
-51.29010335,817.0317097,-50.82230649,805.7237677,-51.05620492,811.3777387,432
-46.32926833,817.3381939,-45.80305449,806.0477887,-46.06616141,811.6929913,433
-41.36321755,817.6571761,-40.78952422,806.3673842,-41.07637089,812.0122802,434
-36.27309529,817.9895902,-35.90056128,806.6812097,-36.08682828,812.3353999,435
-31.29079795,818.3172246,-30.90418432,807.0061164,-31.09749114,812.6616705,436
-26.30545912,818.6477294,-25.91095877,807.329942,-26.10820895,812.9888357,437
-21.31877057,818.9728805,-20.91895536,807.6569529,-21.11886296,813.3149167,438
-16.33148822,819.2886098,-15.92687066,807.9830676,-16.12917944,813.6358387,439
-11.34047343,819.6085457,-10.93867502,808.3074561,-11.13957422,813.9580009,440
-6.348795206,819.9394401,-5.951767692,808.6305583,-6.150281449,814.2849992,441
-1.3548609,820.2744138,-0.967441731,808.9544001,-1.161151316,814.6144069,442
3.521781268,820.6029589,4.134072636,809.2862848,3.827926952,814.9446219,443
8.526971692,820.938578,9.10719927,809.6085455,8.817085481,815.2735617,444
13.5462306,821.268735,14.06632437,809.9352384,13.80627749,815.6019867,445
18.5778228,821.5903928,19.01385553,810.2592472,18.79583917,815.92482,446
23.50772565,821.9014001,24.06330178,810.590344,23.78551372,816.2458721,447
28.5715005,822.2197076,28.97912659,810.9101879,28.77531355,816.5649478,448
33.52970134,822.5295928,34.00090454,811.2325643,33.76530294,816.8810786,449
38.50822419,822.8444746,39.00256095,811.5467246,38.75539257,817.1955996,450
43.49765328,823.1594484,43.99292529,811.8669628,43.74528929,817.5132056,451
48.49014973,823.4697145,48.98002106,812.1946554,48.7350854,817.832185,452
53.4867026,823.7806826,53.96210444,812.5356475,53.72440352,818.1581651,453
58.48835868,824.0891433,58.93938397,812.874867,58.71387132,818.4820051,454
63.48926033,824.392201,63.91796688,813.2113358,63.7036136,818.8017684,455
68.49159537,824.6914223,68.89519684,813.5505414,68.69339611,819.1209819,456
73.49130488,824.9881186,73.87547369,813.885777,73.68338928,819.4369478,457
78.48624333,825.2929428,78.8602025,814.2181132,78.67322292,819.755528,458
83.46854806,825.6150317,83.85672609,814.5462524,83.66263707,820.0806421,459
88.34668374,825.9416802,88.95689443,814.8776998,88.65178908,820.40969,460
93.43752999,826.2882075,93.84376038,815.197951,93.64064518,820.7430792,461
98.41374258,826.616578,98.8458865,815.5271955,98.62981454,821.0718867,462
103.3796153,826.9348844,103.858831,815.859112,103.6192232,821.3969982,463
108.3378083,827.2520821,108.8799098,816.1850845,108.6088591,821.7185833,464
113.3977163,827.5837557,113.7998135,816.4874928,113.5987649,822.0356243,465
118.3440097,827.9165498,118.8332974,816.7898643,118.5886535,822.3532071,466
123.2865847,828.2544039,123.870717,817.0839324,123.5786508,822.6691681,467
128.3415112,828.6019927,128.7950305,817.3796163,128.5682709,822.9908045,468
133.2854822,828.9422185,133.829336,817.6979016,133.5574091,823.3200601,469
138.3383898,829.2879833,138.7538419,818.023629,138.5461159,823.6558061,470
143.2825296,829.6219444,143.787048,818.3621478,143.5347888,823.9920461,471
148.3344847,829.9591999,148.7127387,818.6927208,148.5236117,824.3259603,472
153.2718335,830.2899467,153.7527866,819.0333847,153.51231,824.6616657,473
158.3052784,830.6232148,158.6967139,819.3722188,158.5009961,824.9977168,474
163.2299526,830.9451881,163.7502695,819.709051,163.490111,825.3271195,475
168.257181,831.2706034,168.7017091,820.0361053,168.4794451,825.6533544,476
173.1983557,831.5887662,173.7395019,820.3660603,173.4689288,825.9774132,477
178.1993953,831.9105809,178.7172355,820.695213,178.4583154,826.3028969,478
183.2166724,832.2368306,183.6780791,821.02987,183.4473757,826.6333503,479
188.2267809,832.5560978,188.6464806,821.3656527,188.4366307,826.9608753,480
193.2220266,832.8696546,193.6304314,821.6965818,193.426229,827.2831182,481
198.1990216,833.1856814,198.6329218,822.0204008,198.4159717,827.6030411,482
203.1419884,833.5041495,203.6689276,822.3495746,203.405458,827.926862,483
208.1365297,833.8426038,208.6518526,822.6814015,208.3941911,828.2620026,484
213.177975,834.1954912,213.5868764,823.0136956,213.3824257,828.6045934,485
218.1010043,834.5340625,218.6413167,823.3453814,218.3711605,828.939722,486
223.1344021,834.8729286,223.5871896,823.6495418,223.3607959,829.2612352,487
228.0800905,835.2036609,228.6211079,823.9560884,228.3505992,829.5798747,488
233.0705038,835.5380005,233.6076359,824.2996439,233.3390699,829.9188222,489
238.0845447,835.8810773,238.5668522,824.6865923,238.3256984,830.2838348,490
243.0628558,836.2453897,243.5573693,825.1104101,243.3101125,830.6778999,491
247.9927521,836.6484718,248.5888114,825.5839973,248.2907818,831.1162346,492
252.4875968,837.2880032,253.9978318,826.3013401,253.2427143,831.7946717,493
256.6425072,838.5079358,259.5173466,827.572418,258.0799269,833.0401769,494
260.3732709,840.3480358,264.9540946,829.6861589,262.6636827,835.0170974,495
263.5214454,842.742138,270.1049412,832.8284559,266.8131933,837.7852969,496
266.1098214,845.6678155,274.604954,836.9239322,270.3573877,841.2958738,497
268.0423157,848.9397514,278.4213995,841.8003426,273.2318576,845.370047,498
269.2412737,852.1317243,281.3454509,847.6888211,275.2933623,849.9102727,499
269.8892048,855.6064018,282.8043507,853.9671658,276.3467778,854.7867838,500
269.9066706,858.9433122,282.6136043,860.6021849,276.2601374,859.7727486,501
269.328865,862.3105099,280.7702515,866.9137992,275.0495582,864.6121545,502
268.0646185,865.7622773,277.8386061,872.5222337,272.9516123,869.1422555,503
266.2088513,868.8909023,274.2462792,877.7668448,270.2275652,873.3288735,504
263.6456094,871.7369356,269.970521,882.1910112,266.8080652,876.9639734,505
260.4177997,874.1138683,264.9214522,885.3866556,262.669626,879.7502619,506
256.7633226,875.7920877,259.3494183,887.525713,258.0563705,881.6589004,507
252.464938,876.9413188,253.9842817,888.9335938,253.2246098,882.9374563,508
247.698049,877.7950714,248.9536239,890.065067,248.3258364,883.9300692,509
242.918075,878.5194833,243.8741108,890.9894635,243.3960929,884.7544734,510
237.9980502,879.2136701,238.9003487,891.727314,238.4491995,885.4704921,511
233.0631679,879.917662,233.936985,892.4323452,233.5000765,886.1750036,512
227.9682921,880.6646043,229.1339774,893.1013715,228.5511347,886.8829879,513
222.9951255,881.4396569,224.2156975,893.7915484,223.6054115,887.6156027,514
217.9885283,882.2529187,219.3413308,894.5151209,218.6649296,888.3840198,515
213.0509595,883.061862,214.4022056,895.2713186,213.7265826,889.1665903,516
208.080769,883.8616103,209.4944626,896.0289207,208.7876158,889.9452655,517
203.1911776,884.6407968,204.5034016,896.7893081,203.8472896,890.7150524,518
198.2394431,885.4241634,199.5715821,897.5266246,198.9055126,891.475394,519
193.3659024,886.1865057,194.5582944,898.263535,193.9620984,892.2250204,520
188.3692223,886.9725892,189.6671657,898.9704798,189.018194,892.9715345,521
183.427427,887.7693949,184.7261557,899.6997764,184.0767914,893.7345856,522
178.4864955,888.5674097,179.7865041,900.4417364,179.1364998,894.504573,523
173.5379821,889.3689077,174.8560614,901.1901193,174.1970218,895.2795135,524
168.5561272,890.1894275,169.9719009,901.9990871,169.2640141,896.0942573,525
163.4433047,891.1825183,165.2595016,902.8614644,164.3514032,897.0219913,526
158.1837351,892.7139084,160.9188893,904.0980941,159.5513122,898.4060012,527
152.8494147,895.360119,157.3584958,905.9671738,155.1039553,900.6636464,528
148.1214839,899.2540442,154.6489341,908.7027082,151.385209,903.9783762,529
144.2680453,904.9085583,153.2190634,911.4821092,148.7435544,908.1953338,530
142.2613038,911.7113037,152.6517978,914.3020463,147.4565508,913.006675,531
142.3328933,919.1307432,152.6829029,916.8490215,147.5078981,917.9898823,532
143.9883209,925.2880451,153.3591471,920.3980644,148.673734,922.8430548,533
145.8155223,930.0332123,155.1026386,924.9912414,150.4590804,927.5122269,534
147.6767322,934.7473127,156.9231726,929.5740119,152.2999524,932.1606623,535
149.5018387,939.3811362,158.7516618,934.2480939,154.1267503,936.814615,536
151.275383,943.95439,160.5922249,938.9981247,155.9338039,941.4762574,537
153.0495009,948.6175549,162.3824578,943.6773399,157.7159793,946.1474474,538
154.8528343,953.3863752,164.1113167,948.2632006,159.4820755,950.8247879,539
156.6348379,958.0584983,165.8829449,952.937939,161.2588914,955.4982187,540
158.4114292,962.7000469,167.6698744,957.6396653,163.0406518,960.1698561,541
160.2033705,967.4473646,169.4376235,962.2370557,164.820497,964.8422101,542
161.9625459,972.1293832,171.2225126,966.9057682,166.5925293,969.5175757,543
163.7551879,976.8149041,172.9567981,971.5775813,168.355993,974.1962427,544
165.5586942,981.4675994,174.6421047,976.296381,170.1003994,978.8819902,545
167.0987876,985.776283,176.3713369,981.4373307,171.7350622,983.6068069,546
168.0772002,989.6382533,177.9944946,987.2251588,173.0358474,988.431706,547
168.3371021,993.0456883,178.6923866,993.7518803,173.5147443,993.3987843,548
167.8810142,996.2903181,177.8854369,1000.402099,172.8832256,998.3462083,549
166.70505,999.3721632,175.4072689,1006.599129,171.0561595,1002.985646,550
164.6691164,1002.334542,171.5093053,1011.64614,168.0892109,1006.990341,551
161.914055,1004.72195,166.3309992,1015.292484,164.1225271,1010.007217,552
158.4669428,1006.337173,160.5360492,1017.414469,159.501496,1011.875821,553
154.4041366,1006.982044,154.7179857,1018.181714,154.5610612,1012.581879,554
149.7991509,1006.928611,149.3274454,1018.302803,149.5632981,1012.615707,555
145.1133193,1006.63095,144.0298577,1018.161939,144.5715885,1012.396444,556
140.2019194,1006.221578,138.9713583,1017.96346,139.5866389,1012.092519,557
135.1496738,1005.823953,134.0516062,1017.762161,134.60064,1011.793057,558
129.9064663,1005.483173,129.3154286,1017.527494,129.6109474,1011.505333,559
124.8224057,1005.227752,124.4143189,1017.259916,124.6183623,1011.243834,560
119.8579557,1005.025087,119.390562,1016.985016,119.6242588,1011.005051,561
114.8774253,1004.799823,114.3826442,1016.73655,114.6300347,1010.768186,562
109.8358229,1004.576646,109.4352724,1016.493762,109.6355477,1010.535204,563
104.7403606,1004.378496,104.5412133,1016.235603,104.6407869,1010.307049,564
99.80922691,1004.206801,99.48145706,1015.981831,99.64534198,1010.094316,565
94.76787432,1004.041058,94.53083041,1015.748026,94.64935236,1009.894542,566
89.83200048,1003.840862,89.47621353,1015.513757,89.65410701,1009.677309,567
84.87979178,1003.587633,84.43938332,1015.300404,84.65958755,1009.444018,568
79.88321531,1003.330764,79.44711937,1015.086531,79.66516734,1009.208647,569
74.84759795,1003.088783,74.49441036,1014.84628,74.67100416,1008.967532,570
69.84989705,1002.855801,69.5039204,1014.594373,69.67690873,1008.725087,571
64.8887444,1002.626885,64.47644974,1014.347647,64.68259707,1008.487266,572
59.8984836,1002.3939,59.47764864,1014.113548,59.68806612,1008.253724,573
54.84403694,1002.168822,54.54233424,1013.886837,54.69318559,1008.02783,574
49.89674426,1001.947763,49.49892402,1013.678129,49.69783414,1007.812946,575
44.90136103,1001.719332,44.50309713,1013.488645,44.70222908,1007.603988,576
39.88965574,1001.493452,39.52362124,1013.29588,39.70663849,1007.394666,577
34.92694427,1001.262314,34.49680994,1013.070991,34.71187711,1007.166653,578
29.93952881,1000.99539,29.49837654,1012.807433,29.71895267,1006.901411,579
25.00024202,1000.701623,24.45660036,1012.487383,24.72842119,1006.594503,580
20.03897602,1000.37097,19.44470602,1012.087351,19.74184102,1006.22916,581
15.13262673,999.9846563,14.38495705,1011.651364,14.75879189,1005.81801,582
10.18317776,999.5318781,9.375319927,1011.2017,9.779248845,1005.366789,583
5.214614302,999.0211607,4.398045527,1010.674113,4.806329915,1004.847637,584
0.324410943,998.4648218,-0.643340598,1010.063469,-0.159464827,1004.264146,585
-4.607760666,997.8498357,-5.630887816,1009.414601,-5.119324241,1003.632218,586
-9.489938096,997.1642857,-10.65137857,1008.709335,-10.07065833,1002.936811,587
-14.33913514,996.3960462,-15.68401577,1007.945688,-15.01157546,1002.170867,588
-19.21385262,995.5349428,-20.66855716,1007.136002,-19.94120489,1001.335472,589
-24.04504594,994.611332,-25.67422467,1006.261607,-24.85963531,1000.43647,590
-28.9557363,993.6293499,-30.57935602,1005.333645,-29.76754616,999.4814972,591
-33.7915314,992.6341582,-35.54289653,1004.335882,-34.66721396,998.4850203,592
-38.73221543,991.5823553,-40.37852316,1003.284816,-39.55536929,997.4335855,593
-43.52729194,990.5206621,-45.3310688,1002.11452,-44.42918037,996.3175912,594
-48.33649458,989.3990785,-50.24129334,1000.884418,-49.28889396,995.1417484,595
-53.20043535,988.2085772,-55.06808645,999.6074481,-54.1342609,993.9080126,596
-57.98191888,986.9915942,-59.95796409,998.2820217,-58.96994148,992.6368079,597
-62.75779665,985.7264907,-64.8373336,996.9441619,-63.79756512,991.3353263,598
-67.52313871,984.4042444,-69.70417555,995.5794605,-68.61365713,989.9918524,599
-72.29161302,983.0216161,-74.54001947,994.1771332,-73.41581624,988.5993746,600
-77.06853719,981.5820556,-79.34693497,992.7620457,-78.20773608,987.1720507,601
-81.77980765,980.1077917,-84.19413729,991.2980144,-82.98697247,985.7029031,602
-86.5063097,978.5663971,-88.98972428,989.7853374,-87.74801699,984.1758673,603
-91.17051178,976.9860925,-93.80134267,988.1708665,-92.48592723,982.5784795,604
-95.84786441,975.3384,-98.55415107,986.4913935,-97.20100774,980.9148968,605
-100.5214814,973.6242971,-103.2666905,984.7560763,-101.8940859,979.1901867,606
-105.1074388,971.8644532,-108.0218264,982.9462904,-106.5646326,977.4053718,607
-109.6714877,970.0367792,-112.759072,981.1018492,-111.2152798,975.5693142,608
-114.2838812,968.1312949,-117.4081404,979.2358898,-115.8460108,973.6835923,609
-118.8418269,966.193818,-122.0642007,977.2874173,-120.4530138,971.7406176,610
-123.3709986,964.2176495,-126.701381,975.2666317,-125.0361898,969.7421406,611
-127.887834,962.1900601,-131.2923617,973.1655923,-129.5900978,967.6778262,612
-132.3836673,960.1078801,-135.8574309,971.0170808,-134.1205491,965.5624805,613
-136.8568266,957.9645293,-140.4060084,968.8468221,-138.6314175,963.4056757,614
-141.3150185,955.7773558,-144.9427822,966.6648626,-143.1289004,961.2211092,615
-145.7668108,953.5602239,-149.4630593,964.4660196,-147.6149351,959.0131218,616
-150.2131207,951.31611,-153.96649,962.2490908,-152.0898053,956.7826004,617
-154.677729,949.0547909,-158.4299484,960.0060781,-156.5538387,954.5304345,618
-159.1018727,946.8073781,-162.928064,957.7376339,-161.0149684,952.272506,619
-163.6048328,944.5132563,-167.336597,955.4947186,-165.4707149,950.0039874,620
-168.0161471,942.2584064,-171.8235665,953.1866995,-169.9198568,947.722553,621
-172.4865835,939.9908531,-176.2435441,950.8760747,-174.3650638,945.4334639,622
-176.9897665,937.731787,-180.6341227,948.5635296,-178.8119446,943.1476583,623
-181.4669816,935.4986821,-185.0672006,946.2573078,-183.2670911,940.877995,624
-185.9761998,933.2903768,-189.5107598,944.0107633,-187.7434798,938.6505701,625
-190.6154529,931.1141755,-193.9064548,941.9018151,-192.2609539,936.5079953,626
-195.3696475,929.0893926,-198.3336204,939.9659799,-196.8516339,934.5276862,627
-200.3177068,927.2942689,-202.7670883,938.3035033,-201.5423975,932.7988861,628
-205.3352214,925.813979,-207.3313829,936.9288297,-206.3333021,931.3714043,629
-210.4876219,924.6521202,-211.9297343,935.8804511,-211.2086781,930.2662856,630
-215.686015,923.8558464,-216.6107523,935.1420479,-216.1483837,929.4989472,631
-220.9381216,923.4028354,-221.31974,934.7384337,-221.1289308,929.0706346,632
-226.2302642,923.3408715,-226.0243709,934.6757806,-226.1273175,929.008326,633
-231.4480114,923.6583707,-230.7868831,934.9522692,-231.1174473,929.3053199,634
-236.6771988,924.3291138,-235.4744812,935.5535366,-236.07584,929.9413252,635
-241.8684009,925.3506261,-240.0878539,936.4878928,-240.9781274,930.9192595,636
-246.9691162,926.7370485,-244.6250585,937.7593942,-245.7970873,932.2482214,637
-251.9743796,928.5044863,-249.0454458,939.3261047,-250.5099127,933.9152955,638
-256.7733975,930.5628295,-253.4319142,941.2166561,-255.1026559,935.8897428,639
-261.3857616,932.8305507,-257.7639821,943.4183629,-259.5748719,938.1244568,640
-265.9182389,935.2432934,-261.9980252,945.8159775,-263.958132,940.5296354,641
-270.31922,937.716947,-266.2570586,948.3424492,-268.2881393,943.0296981,642
-274.6828485,940.2497959,-270.5197083,950.8679521,-272.6012784,945.558874,643
-279.0069288,942.7826088,-274.8308007,953.3782544,-276.9188647,948.0804316,644
-283.2809415,945.2525618,-279.2175551,955.9073553,-281.2492483,950.5799586,645
-287.6508123,947.7646615,-283.517984,958.377684,-285.5843981,953.0711728,646
-291.9659609,950.2446784,-287.8792514,960.8694551,-289.9226061,955.5570668,647
-296.3084397,952.743977,-292.220174,963.3297939,-294.2643068,958.0368854,648
-300.6603761,955.2321337,-296.5718096,965.765786,-298.6160929,960.4989598,649
-304.9813608,957.685851,-300.9709533,968.2068115,-302.9761571,962.9463312,650
-309.3591092,960.1763711,-305.3032882,970.6288762,-307.3311987,965.4026236,651
-313.69473,962.6497604,-309.6632763,973.0936866,-311.6790031,967.8717235,652
-318.0174827,965.1096616,-314.0403496,975.5645802,-316.0289162,970.3371209,653
-322.3729367,967.5847535,-318.3960954,978.0001326,-320.384516,972.7924431,654
-326.7045709,970.0347556,-322.7966101,980.4234139,-324.7505905,975.2290847,655
-331.0630868,972.449205,-327.2239176,982.7845807,-329.1435022,977.6168928,656
-335.3656997,974.7301092,-331.7806568,985.1415069,-333.5731782,979.9358081,657
-339.7149584,976.8950495,-336.3721481,987.4552277,-338.0435532,982.1751386,658
-344.2026802,978.9604923,-340.9427332,989.6251716,-342.5727067,984.2928319,659
-348.6371177,980.8437823,-345.7023805,991.6733209,-347.1697491,986.2585516,660
-353.1537474,982.5931128,-350.52358,993.5005253,-351.8386637,988.0468191,661
-357.7470545,984.1934327,-355.3953438,995.1251021,-356.5711992,989.6592674,662
-362.412982,985.6186354,-360.3074021,996.5723122,-361.360192,991.0954738,663
-367.0627342,986.8426342,-365.3376055,997.8550333,-366.2001698,992.3488338,664
-371.8190087,987.8831542,-370.3554859,998.9244087,-371.0872473,993.4037814,665
-376.5956747,988.7196513,-375.4256573,999.8276159,-376.010666,994.2736336,666
-381.3815349,989.3502,-380.5511297,1000.519699,-380.9663323,994.9349492,667
-386.1934924,989.7770817,-385.6966965,1001.005814,-385.9450945,995.3914478,668
-391.0244624,990.0134199,-390.8503419,1001.311212,-390.9374022,995.6623162,669
-395.8649952,990.0404445,-396.0083243,1001.392348,-395.9366597,995.716396,670
-400.7052849,989.8556743,-401.1615621,1001.242388,-400.9334235,995.549031,671
-405.4687942,989.4755943,-406.3674137,1000.851043,-405.9181039,995.1633187,672
-410.3533887,988.8796753,-411.4082456,1000.234724,-410.8808171,994.5571995,673
-415.1134057,988.1077072,-416.5137849,999.377072,-415.8135953,993.7423896,674
-419.8233008,987.162737,-421.5952549,998.2937865,-420.7092778,992.7282618,675
-424.5421971,986.0133867,-426.5749809,997.0098789,-425.558589,991.5116328,676
-429.2045363,984.6523002,-431.5051032,995.5480401,-430.3548198,990.1001702,677
-433.8068565,983.0921656,-436.3841547,993.9320176,-435.0955056,988.5120916,678
-438.266582,981.3700764,-441.2790268,992.1221991,-439.7728044,986.7461377,679
-442.7116285,979.4316622,-446.0365939,990.1508422,-444.3741112,984.7912522,680
-447.0823449,977.3123068,-450.7102832,988.0073142,-448.896314,982.6598105,681
-451.3905374,975.0289968,-455.2750644,985.6811388,-453.3328009,980.3550678,682
-455.6365342,972.6053573,-459.7216193,983.1627729,-457.6790768,977.8840651,683
-459.7257722,970.105285,-464.1484068,980.4220892,-461.9370895,975.2636871,684
-463.8951444,967.4073416,-468.3596994,977.6647896,-466.1274219,972.5360656,685
-467.9473176,964.6914954,-472.6208518,974.8231969,-470.2840847,969.7573461,686
-472.0588453,961.897483,-476.7947175,972.0181826,-474.4267814,966.9578328,687
-476.1761889,959.0696941,-480.929963,969.1986627,-478.5530759,964.1341784,688
-480.3160947,956.2242905,-485.0143958,966.3556432,-482.6652452,961.2899669,689
-484.4683952,953.3750631,-489.093941,963.5273305,-486.7811681,958.4511968,690
-488.5935193,950.5484552,-493.2104077,960.6905252,-490.9019635,955.6194902,691
-492.663957,947.7702785,-497.3865992,957.8125521,-495.0252781,952.7914153,692
-496.8584466,944.9142174,-501.4394149,955.0134822,-499.1489308,949.9638498,693
-500.9411852,942.1382873,-505.6122935,952.1463488,-503.2767394,947.1423181,694
-505.0888373,939.3134286,-509.7310439,949.343973,-507.4099406,944.3287008,695
-509.2436748,936.4883473,-513.8444784,946.5445354,-511.5440766,941.5164414,696
-513.3436886,933.702317,-518.0116155,943.7043847,-515.677652,938.7033508,697
-517.5078391,930.8637168,-522.1085148,940.9078434,-519.8081769,935.8857801,698
-521.5910689,928.0840319,-526.2842797,938.0493737,-523.9376743,933.0667028,699
-525.736749,925.2570503,-530.3908656,935.2283719,-528.0638073,930.2427111,700
-529.8851089,922.4218737,-534.4918907,932.411342,-532.1884998,927.4166078,701
-534.0069122,919.6059762,-538.6257624,929.5842295,-536.3163373,924.5951029,702
-538.1322467,916.7952382,-542.7628245,926.7618154,-540.4475356,921.7785268,703
-542.3034463,913.9704369,-546.867101,923.9727012,-544.5852736,918.971569,704
-546.444062,911.1694161,-551.0062699,921.1661412,-548.7251659,916.1677786,705
-550.5685124,908.3702723,-555.1587095,918.3534484,-552.8636109,913.3618603,706
-554.7170603,905.5466618,-559.2835414,915.5600648,-557.0003009,910.5533633,707
-558.8346112,902.741959,-563.4343429,912.7403607,-561.1344771,907.7411599,708
-562.96325,899.9377247,-567.5736529,909.9195874,-565.2684515,904.9286561,709
-567.127541,897.1196224,-571.6736786,907.1073572,-569.4006098,902.1134898,710
-571.2377835,894.3375441,-575.8299862,904.2623913,-573.5338849,899.2999677,711
-575.3721052,891.5281759,-579.9648866,901.4486466,-577.6684959,896.4884112,712
-579.5135106,888.7074102,-584.0902873,898.6427265,-581.801899,893.6750683,713
-583.6361305,885.8756911,-588.2186618,895.8246242,-585.9273962,890.8501577,714
-587.5984629,883.0825373,-592.4602168,892.9000018,-590.0293399,887.9912695,715
-591.4131793,880.190898,-596.7005129,889.8668836,-594.0568461,885.0288908,716
-595.0714545,877.1007278,-600.8072168,886.6584121,-597.9393356,881.8795699,717
-598.43442,873.8816932,-604.8073761,883.1136513,-601.6208981,878.4976723,718
-601.5278346,870.4697304,-608.6251913,879.3022777,-605.076513,874.886004,719
-604.3279001,866.8609657,-612.1849804,875.1984098,-608.2564402,871.0296877,720
-606.8228002,863.0901394,-615.4101046,870.7711153,-611.1164524,866.9306273,721
-608.9932866,859.1624958,-618.248477,866.047811,-613.6208818,862.6051534,722
-610.8596167,855.0848635,-620.6626615,861.0915106,-615.7611391,858.088187,723
-612.4093664,850.8976773,-622.6600649,855.9318247,-617.5347156,853.414751,724
-613.5880429,846.7672618,-624.2743304,850.4633024,-618.9311867,848.6152821,725
-614.4404422,842.4509397,-625.4068523,844.9817603,-619.9236473,843.71635,726
-614.9078865,838.2118453,-626.0900701,839.290447,-620.4989783,838.7511461,727
-615.0234555,833.9621481,-626.2716621,833.5478554,-620.6475588,833.7550018,728
-614.7760383,829.5781645,-625.9748225,827.949192,-620.3754304,828.7636782,729
-614.2021425,825.200522,-625.2759783,822.4101234,-619.7390604,823.8053227,730
-613.3302487,820.6424995,-624.2782992,817.1457084,-618.804274,818.894104,731
-612.250426,816.0141812,-623.0977322,812.033274,-617.6740791,814.0237276,732
-611.0464189,811.3281556,-621.8420276,807.0266861,-616.4442232,809.1774208,733
-609.7511711,806.4341585,-620.6454215,802.2364867,-615.1982963,804.3353226,734
-608.4919161,801.682771,-619.4129338,797.3037099,-613.952425,799.4932405,735
-607.1985601,796.7659845,-618.2012945,792.5396638,-612.6999273,794.6528242,736
-605.9307882,791.9189002,-616.9334646,787.7137349,-611.4321264,789.8163176,737
-604.6763469,787.0669931,-615.6531595,782.8923338,-610.1647532,784.9796634,738
-603.4376784,782.2334329,-614.3839561,778.0455491,-608.9108172,780.139491,739
-602.1976538,777.3302095,-613.1412208,773.2619183,-607.6694373,775.2960639,740
-600.9843416,772.4792146,-611.8759386,768.4249802,-606.4301401,770.4520974,741
-599.7753226,767.6932555,-610.6086283,763.522416,-605.1919754,765.6078358,742
-598.5316042,762.812157,-609.3861331,758.712417,-603.9588686,760.762287,743
-597.2954313,757.9900624,-608.1511287,753.8446827,-602.72328,755.9173726,744
-596.0421652,753.1658512,-606.9104306,748.9848979,-601.4762979,751.0753745,745
-594.7853054,748.3385811,-605.6701445,744.1290174,-600.227725,746.2337993,746
-593.5217585,743.5091497,-604.4270099,739.277736,-598.9743842,741.3934428,747
-592.2526682,738.6652299,-603.1861933,734.4417901,-597.7194307,736.55351,748
-590.9814688,733.8544924,-601.9271749,729.5779574,-596.4543218,731.7162249,749
-589.7063585,728.920675,-600.6815743,724.8347173,-595.1939664,726.8776961,750
-588.488064,724.0825239,-599.4074151,719.9884904,-593.9477396,722.0355072,751
-587.264962,719.2270915,-598.1668546,715.1521922,-592.7159083,717.1896419,752
-586.0526252,714.4299218,-596.9146463,710.2578586,-591.4836357,712.3438902,753
-584.81668,709.5492392,-595.660928,705.4534659,-590.238804,707.5013525,754
-583.5838671,704.6848034,-594.3746244,700.6404684,-588.9792457,702.6626359,755
-582.3589161,699.8002693,-593.0724138,695.8497077,-587.715665,697.8249885,756
-581.1602067,694.8866886,-591.7751811,691.0800641,-586.4676939,692.9833763,757
-580.0291872,689.6245273,-590.7011619,686.5897078,-585.3651745,688.1071176,758
-579.3168408,683.3833097,-590.3576989,682.9023697,-584.8372699,683.1428397,759
-580.5590446,675.5843429,-590.6415455,680.8719865,-585.600295,678.2281647,760
-585.2356109,669.057506,-591.3377529,679.0830926,-588.2866819,674.0702993,761
-590.7955815,665.7941434,-593.7026624,676.4459491,-592.2491219,671.1200463,762
-596.8279466,664.6174216,-597.3062904,675.2448187,-597.0671185,669.9311202,763
-602.2310601,664.6260531,-601.8902725,675.4159469,-602.0606663,670.021,764
-607.0682529,664.8376195,-607.0284929,675.8559592,-607.0483729,670.3467893,765
-612.0139782,664.9708853,-612.076015,676.0259601,-612.0449966,670.4984227,766
-616.9857542,665.0305442,-617.102001,676.0708045,-617.0438776,670.5506744,767
-621.9858856,665.057607,-622.1006923,676.0833152,-622.0432889,670.5704611,768
-627.0224931,665.0302011,-627.0629815,676.1220112,-627.0427373,670.5761062,769
-631.9835039,664.996972,-632.1011079,676.179897,-632.0423059,670.5884345,770
-637.0125587,664.9890476,-637.0715347,676.2199718,-637.0420467,670.6045097,771
-642.0659832,665.0020654,-642.0177919,676.2486086,-642.0418875,670.625337,772
-647.0681665,665.062303,-647.0152014,676.2722014,-647.0416839,670.6672522,773
-652.1138242,665.1404736,-651.968948,676.3001548,-652.0413861,670.7203142,774
-657.0774509,665.2255312,-657.004388,676.3493627,-657.0409195,670.787447,775
-662.1225338,665.3284359,-661.9580095,676.4046614,-662.0402717,670.8665487,776
-667.1378741,665.4422742,-666.9408233,676.4797802,-667.0393487,670.9610272,777
-672.1307875,665.562456,-671.946173,676.5435889,-672.0384803,671.0530225,778
-677.1036427,665.6837078,-676.9712355,676.6240917,-677.0374391,671.1538997,779
-682.0844245,665.7718021,-681.9883088,676.7404832,-682.0363666,671.2561427,780
-687.0601086,665.836563,-687.0109164,676.8557295,-687.0355125,671.3461463,781
-692.0571134,665.8790126,-692.0130873,676.9340875,-692.0351004,671.4065501,782
-697.0159567,665.8750972,-697.0541271,676.9312852,-697.0350419,671.4031912,783
-701.9374784,665.7879173,-702.1312104,676.8626644,-702.0343444,671.3252909,784
-706.8533385,665.607286,-707.2091019,676.695627,-707.0312202,671.1514565,785
-711.8151465,665.3466214,-712.2338036,676.4398194,-712.0244751,670.8932204,786
-716.7419656,665.0323603,-717.2838743,676.0773492,-717.0129199,670.5548548,787
-721.6029956,664.6220725,-722.3820998,675.5887939,-721.9925477,670.1054332,788
-726.4941242,664.0947554,-727.4319001,675.0318571,-726.9630121,669.5633062,789
-731.5007155,663.5066006,-732.354142,674.4295605,-731.9274287,668.9680806,790
-736.434086,662.9070488,-737.3427919,673.7831532,-736.888439,668.345101,791
-741.348979,662.2565122,-742.3403944,673.1142566,-741.8446867,667.6853844,792
-746.2727261,661.5505176,-747.3179153,672.4187673,-746.7953207,666.9846425,793
-751.2216919,660.8227522,-752.2644884,671.7050971,-751.7430901,666.2639246,794
-756.1249405,660.1103154,-757.2543224,670.9592603,-756.6896315,665.5347879,795
-761.0994008,659.3868881,-762.1733831,670.2273966,-761.6363919,664.8071423,796
-766.0678577,658.664178,-767.0977371,669.4900375,-766.5827974,664.0771078,797
-771.000574,657.9469785,-772.0589468,668.7547869,-771.5297604,663.3508827,798
-775.9612491,657.2274857,-776.9933875,668.0299267,-776.4773183,662.6287062,799
-780.9196078,656.5237439,-781.9365774,667.3340716,-781.4280926,661.9289077,800
-785.8930919,655.8310303,-786.8685615,666.6551493,-786.3808267,661.2430898,801
-790.8911303,655.1538942,-791.7782895,665.977332,-791.3347099,660.5656131,802
-795.8107346,654.497154,-796.7671088,665.2840032,-796.2889217,659.8905786,803
-800.7322292,653.8220311,-801.749552,664.5765451,-801.2408906,659.1992881,804
-805.5950042,653.0890856,-806.7779125,663.838583,-806.1864584,658.4638343,805
-810.3678975,652.2357316,-811.86625,663.0342542,-811.1170737,657.6349929,806
-815.1309488,651.1851147,-816.8980628,662.073899,-816.0145058,656.6295068,807
-819.7763513,649.9296628,-821.9476341,660.883176,-820.8619927,655.4064194,808
-824.3585282,648.4551374,-826.9268633,659.4324485,-825.6426957,653.943793,809
-828.7953552,646.7786496,-831.8826076,657.6818497,-830.3389814,652.2302496,810
-833.1449563,644.8401347,-836.6985161,655.6253108,-834.9217362,650.2327227,811
-837.3941532,642.6462704,-841.3582632,653.2805096,-839.3762082,647.96339,812
-841.4394153,640.2316411,-845.9292492,650.6227632,-843.6843322,645.4272022,813
-845.3556133,637.5529939,-850.3150618,647.7294396,-847.8353375,642.6412167,814
-849.0470733,634.6921518,-854.598892,644.560014,-851.8229827,639.6260829,815
-852.6040093,631.5769455,-858.6581685,641.1971039,-855.6310889,636.3870247,816
-855.9400065,628.297104,-862.5521769,637.5708666,-859.2460917,632.9339853,817
-859.0907022,624.8189446,-866.2061017,633.7232263,-862.6484019,629.2710854,818
-862.0496632,621.1474647,-869.6117261,629.6837132,-865.8306947,625.415589,819
-864.7539666,617.3760182,-872.8223641,625.3940119,-868.7881653,621.385015,820
-867.2018353,613.4929707,-875.8159292,620.8889002,-871.5088822,617.1909355,821
-869.4405332,609.4062769,-878.5179803,616.2833299,-873.9792568,612.8448034,822
-871.3965249,605.2782119,-880.9941925,611.4492807,-876.1953587,608.3637463,823
-873.1280307,600.9980803,-883.1545368,606.5200129,-878.1412838,603.7590466,824
-874.5746763,596.6973196,-885.0369993,601.3931946,-879.8058378,599.0452571,825
-875.8088641,592.2668624,-886.6182825,596.2297757,-881.2135733,594.2483191,826
-876.8303745,587.7359709,-887.8834835,591.0271638,-882.356929,589.3815673,827
-877.5994151,583.2689682,-888.840027,585.6457584,-883.219721,584.4573633,828
-878.1304257,578.7972079,-889.4806392,580.1876332,-883.8055325,579.4924205,829
-878.4145758,574.256857,-889.8233477,574.7491717,-884.1189617,574.5030144,830
-878.4413827,569.6433621,-889.8455634,569.3642656,-884.1434731,569.5038138,831
-878.2194766,565.0733764,-889.5918888,563.9466651,-883.9056827,564.5100207,832
-877.7784459,560.5715998,-889.0936096,558.4938378,-883.4360278,559.5327188,833
-877.1251208,555.8811337,-888.3530039,553.2827749,-882.7390623,554.5819543,834
-876.3261549,551.1560618,-887.4352063,548.1565656,-881.8806806,549.6563137,835
-875.4433285,546.272449,-886.4648471,543.2134368,-880.9540878,544.7429429,836
-874.54885,541.4181099,-885.4359628,538.2546087,-879.9924064,539.8363593,837
-873.5982491,536.6052073,-884.3642203,533.274325,-878.9812347,534.9397662,838
-872.5802233,532.2113395,-883.1128579,527.9298035,-877.8465406,530.0705715,839
-871.313981,527.8515723,-881.6557255,522.6694713,-876.4848533,525.2605218,840
-869.7692534,523.6399598,-879.8030253,517.4789557,-874.7861393,520.5594578,841
-867.91528,519.6100168,-877.4838006,512.4250802,-872.6995403,516.0175485,842
-865.7444925,515.7432897,-874.7006935,507.6089031,-870.222593,511.6760964,843
-863.2515279,511.9977689,-871.4699648,503.159053,-867.3607464,507.578411,844
-860.4637717,508.4380471,-867.8481608,499.0470775,-864.1559663,503.7425623,845
-857.3532284,505.0612076,-863.9714227,495.2736977,-860.6623256,500.1674526,846
-854.0463498,502.0302764,-859.7519784,491.7247371,-856.8991641,496.8775067,847
-850.3453455,499.1883127,-855.3977038,488.6462823,-852.8715246,493.9172975,848
-846.5324602,496.7390523,-850.693622,485.8603345,-848.6130411,491.2996934,849
-842.4036954,494.5637813,-845.9153348,483.4973012,-844.1595151,489.0305413,850
-838.150841,492.8070405,-840.8790432,481.5607541,-839.5149421,487.1838973,851
-833.7721061,491.4752529,-835.6623013,480.0909121,-834.7172037,485.7830825,852
-829.2189872,490.5569658,-830.3960044,479.1374813,-829.8074958,484.8472235,853
-824.5892995,490.0641434,-825.0795528,478.6223362,-824.8344262,484.3432398,854
-819.9803487,489.9789464,-819.6928653,478.5421867,-819.836607,484.2605666,855
-815.218178,490.2776199,-814.4729127,478.8071068,-814.8455453,484.5423634,856
-810.30466,490.8281224,-809.4409598,479.2935889,-809.8728099,485.0608557,857
-805.2194355,491.3997451,-804.5801395,479.7493139,-804.8997875,485.5745295,858
-800.0673193,491.6834373,-799.7480328,479.9681811,-799.9076761,485.8258092,859
-794.5376883,491.4619208,-795.2896645,479.7968072,-794.9136764,485.629364,860
-789.2168558,490.7335655,-790.705573,479.1797822,-789.9612144,484.9566739,861
-784.0174372,489.5147284,-786.1777985,478.0948805,-785.0976178,483.8048044,862
-778.997174,487.8818752,-781.707936,476.5863145,-780.352555,482.2340949,863
-773.990971,485.7757753,-777.547188,474.7093564,-775.7690795,480.2425659,864
-769.2710866,483.2911924,-773.4943354,472.4040654,-771.382711,477.8476289,865
-764.6979531,480.3344687,-769.7639282,469.7984044,-767.2309407,475.0664366,866
-760.4433165,476.9816564,-766.2716984,466.8367927,-763.3575075,471.9092245,867
-756.4543751,473.2367681,-763.1186791,463.5904936,-759.7865271,468.4136309,868
-752.7837193,469.0498582,-760.3351946,460.1461422,-756.5594569,464.5980002,869
-749.5533539,464.6179251,-757.8365303,456.3875094,-753.6949421,460.5027172,870
-746.6736814,459.843206,-755.7433338,452.4924629,-751.2085076,456.1678344,871
-744.2380247,454.7922135,-753.9981863,448.4643026,-749.1181055,451.6282581,872
-742.2231146,449.5079395,-752.6008623,444.353012,-747.4119885,446.9304757,873
-740.6763234,443.9899372,-751.5443785,440.2195678,-746.1103509,442.1047525,874
-739.6430164,438.2166576,-750.8393111,436.148962,-745.2411637,437.1828098,875
-739.1857738,432.4885027,-750.4334945,431.9174001,-744.8096341,432.2029514,876
-739.1962531,426.8909646,-750.3186049,427.5179478,-744.757429,427.2044562,877
-739.572836,421.442417,-750.5316298,422.9857578,-745.0522329,422.2140874,878
-740.1581146,416.184089,-751.100929,418.3121184,-745.6295218,417.2481037,879
-740.8760481,411.0353427,-751.8367498,413.5675031,-746.3563989,412.3014229,880
-741.5782516,406.1984744,-752.5330727,408.502807,-747.0556622,407.3506407,881
-742.2963666,401.2433789,-753.1447697,403.546934,-747.7205681,402.3951565,882
-743.006344,396.3093039,-753.7532741,398.5684407,-748.3798091,397.4388723,883
-743.6938323,391.3931577,-754.3371276,393.5658369,-749.0154799,392.4794973,884
-744.3704161,386.4325577,-754.9240141,388.6066149,-749.6472151,387.5195863,885
-745.0327488,381.5424347,-755.5420858,383.5791326,-750.2874173,382.5607837,886
-745.6966065,376.5852457,-756.195274,378.6235013,-750.9459402,377.6043735,887
-746.3734272,371.5697895,-756.8468017,373.7276393,-751.6101144,372.6487144,888
-747.0425215,366.6391326,-757.5145094,368.7480959,-752.2785154,367.6936142,889
-747.7176914,361.6950356,-758.1600943,363.7798219,-752.9388928,362.7374287,890
-748.3834819,356.7401442,-758.8267552,358.8239045,-753.6051185,357.7820244,891
-749.0459455,351.772396,-759.4954738,353.8806942,-754.2707096,352.8265451,892
-749.7178276,346.8376423,-760.1726224,348.9068837,-754.945225,347.872263,893
-750.410756,341.8526845,-760.8513275,343.9863704,-755.6310417,342.9195275,894
-751.1065796,336.9008251,-761.5405613,339.0346314,-756.3235704,337.9677282,895
-751.7845212,331.9802142,-762.2284936,334.048974,-757.0065074,333.0145941,896
-752.4671398,327.0005297,-762.9000448,329.1207857,-757.6835923,328.0606577,897
-753.152611,322.0383789,-763.5699492,324.175226,-758.3612801,323.1068025,898
-753.8503007,317.0478309,-764.2335336,319.2588674,-759.0419172,318.1533492,899
-754.5355738,312.150679,-764.8984405,314.2476006,-759.7170071,313.1991398,900
-755.2238831,307.2055145,-765.5658688,309.2851132,-760.3948759,308.2453139,901
-755.9244751,302.2086829,-766.257803,304.3794002,-761.0911391,303.2940415,902
-756.6304413,297.2380775,-766.9713935,299.4513097,-761.8009174,298.3446936,903
-757.3278389,292.3287834,-767.6719177,294.4588604,-762.4998783,293.3938219,904
-757.9674034,287.4752279,-768.3318826,289.3973484,-763.149643,288.4362881,905
-758.4133575,282.9014257,-768.9653503,284.030103,-763.6893539,283.4657644,906
-758.58241,278.4684846,-769.4471348,278.4864516,-764.0147724,278.4774681,907
-758.3980238,274.19714,-769.4700823,272.7642208,-763.934053,273.4806804,908
-757.8491183,270.064811,-768.8011107,266.976262,-763.3251145,268.5205365,909
-756.8963608,265.9803992,-767.3831442,261.3522971,-762.1397525,263.6663481,910
-755.5151388,262.0154146,-765.2222181,255.9729953,-760.3686784,258.9942049,911
-753.6775311,258.2084418,-762.4479291,250.9139144,-758.0627301,254.5611781,912
-751.3786023,254.5803923,-759.1572804,246.2568032,-755.2679414,250.4185977,913
-748.6906856,251.2410423,-755.3749908,241.9793795,-752.0328382,246.6102109,914
-745.480099,248.0785034,-751.2775495,238.3247251,-748.3788242,243.2016142,915
-741.9936657,245.3559733,-746.7745788,235.0402467,-744.3841223,240.19811,916
-738.0368701,242.8345306,-742.2468712,232.2731453,-740.1418707,237.553838,917
-733.7898201,240.4121696,-737.7600322,229.8266471,-735.7749262,235.1194084,918
-729.4389262,238.0318069,-733.2857545,227.504856,-731.3623403,232.7683315,919
-725.0781654,235.7414733,-728.7561948,225.217974,-726.9171801,230.4797236,920
-720.678416,233.5029165,-724.2369245,222.9358241,-722.4576702,228.2193703,921
-716.2431952,231.2443958,-719.7624334,220.6557232,-718.0028143,225.9500595,922
-711.7520974,228.9624052,-715.342551,218.4014567,-713.5473242,223.681931,923
-707.2665646,226.6874041,-710.9136616,216.1466189,-709.0901131,221.4170115,924
-702.8324251,224.4418695,-706.4324549,213.8638129,-704.63244,219.1528412,925
-698.3863854,222.1944924,-701.9617007,211.5857907,-700.174043,216.8901415,926
-693.8877776,219.9273732,-697.5391396,209.3357193,-695.7134586,214.6315462,927
-689.4315571,217.6653877,-693.0807755,207.0674936,-691.2561663,212.3664406,928
-684.9999672,215.3978772,-688.6112617,204.7781269,-686.8056145,210.088002,929
-680.6042384,213.1313723,-684.1159002,202.4679084,-682.3600693,207.7996403,930
-676.0741859,210.7982255,-679.7522156,200.2293841,-677.9132007,205.5138048,931
-671.6121477,208.4794063,-675.3238942,197.9698942,-673.468021,203.2246502,932
-667.2178625,206.1912019,-670.8325918,195.6705173,-669.0252271,200.9308596,933
-662.7709949,203.8919514,-666.3936174,193.382721,-664.5823062,198.6373362,934
-658.3009656,201.5927305,-661.9795091,191.0917305,-660.1402373,196.3422305,935
-653.9027985,199.3413371,-657.4917746,188.7562942,-655.6972866,194.0488156,936
-649.4099902,197.049228,-653.0899683,186.4786437,-651.2499793,191.7639358,937
-645.0000938,194.8012272,-648.5817129,184.2028419,-646.7909034,189.5020345,938
-640.527244,192.5216626,-644.1259763,181.979159,-642.3266101,187.2504108,939
-636.0813337,190.2488512,-639.6427261,179.7497935,-637.8620299,184.9993223,940
-631.5979831,187.9638936,-635.2012642,177.5239526,-633.3996237,182.7439231,941
-627.1255227,185.6824008,-630.7471238,175.298204,-628.9363232,180.4903024,942
-622.715398,183.4454885,-626.2340805,173.0210521,-624.4747393,178.2332703,943
-618.2581289,181.2011647,-621.7759071,170.7361284,-620.017018,175.9686466,944
-613.7575062,178.937659,-617.3643504,168.4639145,-615.5609283,173.7007867,945
-609.3063357,176.6836526,-612.9018021,166.1852585,-611.1040689,171.4344555,946
-604.8096926,174.3869964,-608.49866,163.9219714,-606.6541763,169.1544839,947
-600.4054745,172.1313817,-604.0124921,161.5994357,-602.2089833,166.8654087,948
-595.9541905,169.8389504,-599.5737943,159.3128117,-597.7639924,164.5758811,949
-591.5055147,167.578876,-595.1154862,157.0272325,-593.3105004,162.3030542,950
-587.059538,165.3424443,-590.6471059,154.732626,-588.853322,160.0375351,951
-582.5610705,163.0703595,-586.2295292,152.4767521,-584.3952998,157.7735558,952
-578.1166638,160.8025286,-581.7689786,150.1948413,-579.9428212,155.4986849,953
-573.6354954,158.4833643,-577.3864234,147.8846193,-575.5109594,153.1839918,954
-569.1235854,156.0160802,-573.2278633,145.374514,-571.1757244,150.6952971,955
-564.5751015,153.0824049,-569.5668626,142.6119574,-567.070982,147.8471812,956
-560.1922035,149.4080956,-566.6031522,139.5257084,-563.3976779,144.466902,957
-556.3313869,145.0283618,-564.3090405,136.0484364,-560.3202137,140.5383991,958
-553.0503216,139.8233196,-562.7264648,132.5387148,-557.8883932,136.1810172,959
-550.7458352,133.8656342,-561.7554569,129.0680074,-556.2506461,131.4668208,960
-549.6044699,127.2887537,-561.3075191,125.7861134,-555.4559945,126.5374336,961
-549.6936296,120.7363951,-561.2795745,122.3510341,-555.4866021,121.5437146,962
-550.8078642,114.5535272,-561.7695227,118.6739522,-556.2886934,116.6137397,963
-552.4616109,109.167489,-562.9088414,114.4628834,-557.6852261,111.8151862,964
-554.1084114,104.425102,-564.5699049,109.7684443,-559.3391581,107.0967731,965
-555.674662,99.76388357,-566.3175891,104.9952902,-560.9961256,102.3795869,966
-557.1554381,95.11721113,-567.985848,100.1514749,-562.570643,97.63434302,967
-558.5247004,90.57060881,-569.4689936,95.11429288,-563.996847,92.84245085,968
-559.8466753,85.83161414,-570.6759003,90.17887268,-565.2612878,88.00524341,969
-561.0625704,81.15296672,-571.7079967,85.11529492,-566.3852836,83.13413082,970
-562.17036,76.48009049,-572.603294,79.99231025,-567.386827,78.23620037,971
-563.1961933,71.75711541,-573.4236379,74.88805511,-568.3099156,73.32258526,972
-564.1319959,66.99586541,-574.2172842,69.80029987,-569.1746401,68.39808264,973
-564.9620134,62.26287013,-575.0206488,64.66770564,-569.9913311,63.46528789,974
-565.7079078,57.45062964,-575.7837581,59.59453185,-570.7458329,58.52258074,975
-566.3536325,52.63230139,-576.5086668,54.50747119,-571.4311497,53.56988629,976
-566.9046813,47.80297447,-577.1175674,49.40453355,-572.0111243,48.60375401,977
-567.3587859,43.00669203,-577.6212217,44.24696624,-572.4900038,43.62682913,978
-567.7147767,38.15736858,-578.0398709,39.12650996,-572.8773238,38.64193927,979
-567.9964624,33.28771329,-578.3744473,34.01530115,-573.1854548,33.65150722,980
-568.1886811,28.4539032,-578.6367708,28.85967869,-573.412726,28.65679094,981
-568.2926325,23.54302762,-578.8052728,23.77461649,-573.5489526,23.65882205,982
-568.3089675,18.78420739,-578.7715036,18.53396394,-573.5402356,18.65908566,983
-568.1467078,14.24888815,-578.4421925,13.08357382,-573.2944502,13.66623098,984
-567.6152616,10.18741573,-577.635924,7.23929057,-572.6255928,8.713353148,985
-566.5798081,6.413920215,-576.0782816,1.3647122,-571.3290448,3.889316208,986
-564.9927551,3.051910712,-573.45573,-4.324454713,-569.2242425,-0.636272001,987
-562.806167,0.0982451,-569.611026,-9.324162264,-566.2085965,-4.612958582,988
-559.8789931,-2.512270813,-564.9569436,-13.2042379,-562.4179684,-7.858254359,989
-556.3680906,-4.557401165,-559.6583588,-15.84459748,-558.0132247,-10.20099932,990
-552.4324988,-5.861437282,-553.9968839,-17.2908896,-553.2146914,-11.57616344,991
-548.0110471,-6.430792387,-548.4837257,-17.76383994,-548.2473864,-12.09731616,992
-543.4222145,-6.425881786,-543.0813439,-17.50525846,-543.2517792,-11.96557012,993
-538.8689802,-5.98729203,-537.7017243,-16.81035273,-538.2853523,-11.39882238,994
-534.132881,-5.25747597,-532.5580873,-16.01294922,-533.3454842,-10.63521259,995
-529.1248142,-4.432608571,-527.6976961,-15.2472929,-528.4112552,-9.839950736,996
-524.2400637,-3.647011124,-522.710404,-14.46107742,-523.4752338,-9.054044271,997
-519.1750954,-2.879701447,-517.8966993,-13.68902085,-518.5358974,-8.284361146,998
-514.1398763,-2.155343349,-513.0450876,-12.91961997,-513.5924819,-7.537481661,999
-509.2079167,-1.446645873,-508.087131,-12.15057469,-508.6475239,-6.798610281,1000
-504.2505979,-0.713644188,-503.1547338,-11.40452004,-503.7026658,-6.059082114,1001
-499.3101924,0.007945554,-498.1993532,-10.6874911,-498.7547728,-5.339772775,1002
-494.3194715,0.735864158,-493.2914605,-9.996415456,-493.805466,-4.630275649,1003
-489.3543337,1.44666468,-488.3550103,-9.308839512,-488.854672,-3.931087416,1004
-484.402782,2.157162855,-483.4063972,-8.610649695,-483.9045896,-3.22674342,1005
-479.4753252,2.86403925,-478.4358359,-7.893356671,-478.9555805,-2.514658711,1006
-474.491887,3.560232035,-473.5137842,-7.218603573,-474.0028356,-1.829185769,1007
-469.5018972,4.217782093,-468.5966995,-6.516382809,-469.0492983,-1.149300358,1008
-464.540594,4.842354601,-463.650381,-5.786103331,-464.0954875,-0.471874365,1009
-460.0564383,5.562874922,-458.2870865,-4.788291149,-459.1717624,0.387291886,1010
-456.5252441,6.998071073,-452.4109842,-2.914060293,-454.4681141,2.04200539,1011
-453.8587469,9.304784625,-446.9757636,0.538778796,-450.4172553,4.921781711,1012
-451.7129143,12.39401099,-443.0117268,5.316855379,-447.3623205,8.855433186,1013
-449.7485869,16.2376371,-440.4260856,10.36763121,-445.0873362,13.30263416,1014
-447.7792811,20.73085619,-438.3825423,15.0316513,-443.0809117,17.88125375,1015
-445.8836757,25.35581936,-436.4027882,19.624667,-441.143232,22.49024318,1016
-443.9267622,30.08793106,-434.4822808,24.10989018,-439.2045215,27.09891062,1017
-441.9889171,34.61920932,-432.4698111,28.76505767,-437.2293641,31.69213349,1018
-439.9174043,39.35276856,-430.5414487,33.19655694,-435.2294265,36.27466275,1019
-437.8541722,43.97508733,-428.5811206,37.72899934,-433.2176464,40.85204333,1020
-435.8147294,48.47820335,-426.5735969,42.37023821,-431.1941631,45.42422078,1021
-433.7306111,53.08098569,-424.5937347,46.90431516,-429.1621729,49.99265043,1022
-431.6969631,57.61387531,-422.5683127,51.51047302,-427.1326379,54.56217416,1023
-429.6785394,62.16295045,-420.5275916,56.10026831,-425.1030655,59.13160938,1024
-427.6566067,66.72438799,-418.4794755,60.67283716,-423.0680411,63.69861258,1025
-425.5383727,71.37979066,-416.4780194,65.12918984,-421.008196,68.25449025,1026
-423.2518275,76.0787704,-414.4462508,69.44926394,-418.8490391,72.76401717,1027
-420.7133439,80.72936003,-412.3127314,73.63879876,-416.5130376,77.1840794,1028
-417.9205845,85.26528831,-410.0362864,77.7213398,-413.9784354,81.49331405,1029
-415.0770733,89.54476333,-407.4891797,81.86344641,-411.2831265,85.70410487,1030
-412.0078515,93.8055546,-404.8126094,85.78609335,-408.4102305,89.79582397,1031
-408.7738913,97.91875608,-401.9795844,89.62097051,-405.3767378,93.76986329,1032
-405.4300636,101.8626682,-398.9347774,93.36904358,-402.1824205,97.61585591,1033
-401.8717275,105.7145586,-395.7676795,96.91624787,-398.8197035,101.3154032,1034
-398.1041043,109.4124767,-392.4506524,100.2738063,-395.2773783,104.8431415,1035
-394.2120158,112.86319,-388.9269351,103.5301478,-391.5694755,108.1966689,1036
-390.1891613,116.1272937,-385.245128,106.6394122,-387.7171447,111.383353,1037
-386.0211984,119.2173828,-381.4408277,109.5847682,-383.731013,114.4010755,1038
-381.7380151,122.1362862,-377.503084,112.358045,-379.6205495,117.2471656,1039
-377.2995011,124.8614738,-373.4699237,114.9440608,-375.3847124,119.9027673,1040
-372.7967379,127.3319145,-369.2660268,117.390514,-371.0313824,122.3612142,1041
-368.1833759,129.6349433,-364.9778647,119.642606,-366.5806203,124.6387746,1042
-363.4735365,131.7661811,-360.5967093,121.6748822,-362.0351229,126.7205316,1043
-358.7104215,133.6662345,-356.0869728,123.5161451,-357.3986971,128.5911898,1044
-353.7791663,135.3901563,-351.590821,125.1248795,-352.6849937,130.2575179,1045
-348.8358903,136.8562744,-346.9612444,126.5471591,-347.8985673,131.7017168,1046
-343.8494244,138.0987415,-342.2520926,127.7492671,-343.0507585,132.9240043,1047
-338.8037448,139.1131261,-337.4977242,128.7197209,-338.1507345,133.9164235,1048
-333.7026833,139.8933859,-332.7189908,129.4799585,-333.210837,134.6866722,1049
-328.5773145,140.4651524,-327.9101674,130.0476548,-328.243741,135.2564036,1050
-323.4181016,140.8218619,-323.0980465,130.4379954,-323.258074,135.6299286,1051
-318.3053581,140.95469,-318.216779,130.6284834,-318.2610685,135.7915867,1052
-313.1017386,140.8803751,-313.422005,130.5895218,-313.2618718,135.7349484,1053
-307.9497117,140.5487017,-308.5942231,130.3046134,-308.2719674,135.4266576,1054
-302.8606205,139.9650374,-303.7473753,129.7668755,-303.3039979,134.8659564,1055
-297.7267958,139.1659462,-299.0035071,129.012092,-298.3651514,134.0890191,1056
-292.7018484,138.1685413,-294.2302293,128.0152687,-293.4660389,133.091905,1057
-287.7159637,136.982106,-289.5149571,126.7793563,-288.6154604,131.8807311,1058
-282.7622152,135.5813489,-284.8766847,125.3559492,-283.8194499,130.468649,1059
-277.8614599,133.9546352,-280.3161224,123.7478689,-279.0887912,128.8512521,1060
-273.0257119,132.1010057,-275.8405869,121.9570811,-274.4331494,127.0290434,1061
-268.2679779,130.0254883,-271.4515332,119.9929613,-269.8597556,125.0092248,1062
-263.6709683,127.7696132,-267.0844587,117.8184299,-265.3777135,122.7940215,1063
-259.0754497,125.2874342,-262.8978539,115.5193572,-260.9866518,120.4033957,1064
-254.6421181,122.6551619,-258.7585879,113.0044515,-256.700353,117.8298067,1065
-250.3187291,119.8204695,-254.7625721,110.2925551,-252.5406506,115.0565123,1066
-246.1085988,116.784203,-250.9308185,107.3867399,-248.5197086,112.0854714,1067
-242.0638222,113.65026,-247.2006243,104.2341672,-244.6322232,108.9422136,1068
-238.14008,110.3684614,-243.6648211,100.8591101,-240.9024506,105.6137857,1069
-234.2984365,106.8993958,-240.3206487,97.37583932,-237.3095426,102.1376176,1070
-230.6787352,103.4481991,-236.8830564,93.74301926,-233.7808958,98.59560917,1071
-227.0898527,100.078235,-233.2877173,90.15766591,-230.188785,95.11795048,1072
-223.5046056,96.87314436,-229.3870507,86.73425274,-226.4458282,91.80369855,1073
-219.7822676,93.8278887,-225.2686414,83.5748762,-222.5254545,88.70138245,1074
-216.0573084,91.12431344,-220.8685498,80.45015311,-218.4629291,85.78723327,1075
-212.0590506,88.56391763,-216.5180559,77.50815555,-214.2885533,83.03603659,1076
-207.9585111,86.28505882,-211.9879956,74.74020594,-209.9732533,80.51263238,1077
-203.6748206,84.20530599,-207.3519605,72.30230828,-205.5133906,78.25380713,1078
-199.2413745,82.26948225,-202.6712242,70.12530168,-200.9562994,76.19739196,1079
-194.6900954,80.42183012,-197.9864626,68.14034179,-196.338279,74.28108595,1080
-190.1149537,78.63015547,-193.2657268,66.24633069,-191.6903403,72.43824308,1081
-185.4511941,76.84157858,-188.6071065,64.41659443,-187.0291503,70.6290865,1082
-180.7753685,75.06560763,-183.942847,62.62016035,-182.3591077,68.84288399,1083
-176.0951701,73.29460897,-179.2659166,60.86363314,-177.6805433,67.07912106,1084
-171.4152195,71.5165367,-174.5809739,59.13481824,-172.9980967,65.32567747,1085
-166.7553885,69.74223546,-169.8810093,57.38863399,-168.3181989,63.56543473,1086
-162.0925583,67.9886017,-165.1802605,55.63188787,-163.6364094,61.81024478,1087
-157.4211953,66.27167079,-160.4737974,53.87666745,-158.9474964,60.07416912,1088
-152.7088345,64.53181878,-155.8083764,52.1442576,-154.2586054,58.33803819,1089
-147.980643,62.75381014,-151.1693013,50.42168955,-149.5749721,56.58774984,1090
-143.3208631,60.97805421,-146.4712492,48.67175549,-144.8960562,54.82490485,1091
-138.6519285,59.18235888,-141.7899338,46.92170088,-140.2209312,53.05202988,1092
-133.9676892,57.38695022,-137.1236643,45.17202844,-135.5456767,51.27948933,1093
-129.2639036,55.60019335,-132.4728085,43.42460302,-130.868356,49.51239818,1094
-124.6222089,53.84280866,-127.7586009,41.65116835,-126.1904049,47.74698851,1095
-119.9713024,52.07630096,-123.0558597,39.88090011,-121.513581,45.97860054,1096
-115.248813,50.27646769,-118.427086,38.13762653,-116.8379495,44.20704711,1097
-110.5903623,48.49804507,-113.733987,36.37370098,-112.1621746,42.43587302,1098
-105.9522484,46.72545388,-109.0204279,34.60425629,-107.4863381,40.66485508,1099
-101.2562857,44.937968,-104.3612922,32.85878837,-102.8087889,38.89837818,1100
-96.57847185,43.16607118,-99.68123447,31.10507493,-98.12985316,37.13557306,1101
-91.91927926,41.41028247,-94.9815242,29.33798209,-93.45040173,35.37413228,1102
-87.27917907,39.6686045,-90.26358955,27.5544766,-88.77138431,33.61154055,1103
-82.54342256,37.88906325,-85.64249296,25.80573299,-84.09295776,31.84739812,1104
-77.89979054,36.14156889,-80.93187073,24.01803361,-79.41583064,30.07980125,1105
-73.16699829,34.35430696,-76.31428703,22.25984563,-74.74064266,28.30707629,1106
-68.53403683,32.59690035,-71.60327953,20.45493869,-70.06865818,26.52591952,1107
-63.81067013,30.80056422,-66.9871654,18.67724254,-65.39891776,24.73890338,1108
-59.19036544,29.03636168,-62.27157002,16.85806771,-60.73096773,22.9472147,1109
-54.47457826,27.24419395,-57.64839881,15.07481741,-56.06148854,21.15950568,1110
-49.855316,25.49640898,-52.92261281,13.26316044,-51.38896441,19.37978471,1111
-45.14136936,23.71146006,-48.28938438,11.49421233,-46.71537687,17.6028362,1112
-40.45606311,21.94278249,-43.62453489,9.716876926,-42.040299,15.82982971,1113
-35.81436836,20.18835279,-38.91251282,7.934690205,-37.36344059,14.0615215,1114
-31.1028602,18.40270569,-34.26834564,6.188892457,-32.68560292,12.29579907,1115
-26.39910495,16.61109697,-29.61803633,4.444782535,-28.00857064,10.52793975,1116
-21.79715199,14.86162621,-24.86370922,2.664400155,-23.33043061,8.763013181,1117
-17.06881035,13.07339668,-20.23236359,0.931838572,-18.65058697,7.002617626,1118
-12.41963909,11.31569587,-15.5207169,-0.828255516,-13.97017799,5.243720178,1119
-7.748057811,9.544975277,-10.82991485,-2.57115171,-9.288986332,3.486911783,1120
-3.060753215,7.7712451,-6.152512337,-4.304811385,-4.606632776,1.733216858,1121
