InLat,InLon,OutLat,OutLon
34.73860631,126.4132227,34.73848497,126.4132298
34.73860738,126.4132445,34.73848613,126.4132516
34.73860845,126.4132664,34.7384873,126.4132735
34.73860952,126.4132882,34.73848847,126.4132953
34.73861059,126.41331,34.73848963,126.4133171
34.73861167,126.4133318,34.7384908,126.4133389
34.73861274,126.4133537,34.73849196,126.4133607
34.73861381,126.4133755,34.73849313,126.4133826
34.73861488,126.4133973,34.73849429,126.4134044
34.73861595,126.4134191,34.73849546,126.4134262
34.73861702,126.413441,34.73849662,126.413448
34.73861809,126.4134628,34.73849779,126.4134698
34.73861916,126.4134846,34.73849895,126.4134916
34.73862023,126.4135064,34.73850012,126.4135135
34.7386213,126.4135283,34.73850128,126.4135353
34.73862238,126.4135501,34.73850245,126.4135571
34.73862345,126.4135719,34.73850361,126.4135789
34.73862452,126.4135937,34.73850478,126.4136007
34.73862559,126.4136155,34.73850595,126.4136226
34.73862666,126.4136374,34.73850711,126.4136444
34.73862773,126.4136592,34.73850828,126.4136662
34.7386288,126.413681,34.73850944,126.413688
34.73862987,126.4137028,34.73851061,126.4137098
34.73863094,126.4137247,34.73851177,126.4137316
34.73863201,126.4137465,34.73851294,126.4137535
34.73863308,126.4137683,34.7385141,126.4137753
34.73863416,126.4137901,34.73851527,126.4137971
34.73863523,126.413812,34.73851643,126.4138189
34.7386363,126.4138338,34.7385176,126.4138407
34.73863737,126.4138556,34.73851876,126.4138625
34.73863844,126.4138774,34.73851993,126.4138844
34.73863951,126.4138993,34.73852109,126.4139062
34.73864058,126.4139211,34.73852226,126.413928
34.73864165,126.4139429,34.73852343,126.4139498
34.73864272,126.4139647,34.73852459,126.4139716
34.73864379,126.4139866,34.73852576,126.4139935
34.73864487,126.4140084,34.73852692,126.4140153
34.73864594,126.4140302,34.73852809,126.4140371
34.73864701,126.414052,34.73852925,126.4140589
34.73864808,126.4140738,34.73853042,126.4140807
34.73864915,126.4140957,34.73853158,126.4141025
34.73865022,126.4141175,34.73853275,126.4141244
34.73865129,126.4141393,34.73853391,126.4141462
34.73865236,126.4141611,34.73853508,126.414168
34.73865343,126.414183,34.73853624,126.4141898
34.7386545,126.4142048,34.73853741,126.4142116
34.73865558,126.4142266,34.73853857,126.4142335
34.73865665,126.4142484,34.73853974,126.4142553
34.73865772,126.4142703,34.73854091,126.4142771
34.73865879,126.4142921,34.73854207,126.4142989
34.73865986,126.4143139,34.73854324,126.4143207
34.73866093,126.4143357,34.7385444,126.4143425
34.738662,126.4143576,34.73854557,126.4143644
34.73866307,126.4143794,34.73854673,126.4143862
34.73866414,126.4144012,34.7385479,126.414408
34.73866521,126.414423,34.73854906,126.4144298
34.73866629,126.4144449,34.73855023,126.4144516
34.73866736,126.4144667,34.73855139,126.4144734
34.73866843,126.4144885,34.73855256,126.4144953
34.7386695,126.4145103,34.73855372,126.4145171
34.73867057,126.4145321,34.73855489,126.4145389
34.73867164,126.414554,34.73855605,126.4145607
34.73867271,126.4145758,34.73855722,126.4145825
34.73867378,126.4145976,34.73855839,126.4146044
34.73867485,126.4146194,34.73855955,126.4146262
34.73867592,126.4146413,34.73856072,126.414648
34.738677,126.4146631,34.73856188,126.4146698
34.73867807,126.4146849,34.73856305,126.4146916
34.73867914,126.4147067,34.73856421,126.4147134
34.73868021,126.4147286,34.73856538,126.4147353
34.73868128,126.4147504,34.73856654,126.4147571
34.73868235,126.4147722,34.73856771,126.4147789
34.73868342,126.414794,34.73856887,126.4148007
34.73868449,126.4148159,34.73857004,126.4148225
34.73868556,126.4148377,34.7385712,126.4148444
34.73868663,126.4148595,34.73857237,126.4148662
34.73868771,126.4148813,34.73857354,126.414888
34.73868878,126.4149032,34.7385747,126.4149098
34.73868985,126.414925,34.73857587,126.4149316
34.73869092,126.4149468,34.73857703,126.4149534
34.73869199,126.4149686,34.7385782,126.4149753
34.73869306,126.4149904,34.73857936,126.4149971
34.73869413,126.4150123,34.73858053,126.4150189
34.7386952,126.4150341,34.73858169,126.4150407
34.73869627,126.4150559,34.73858286,126.4150625
34.73869734,126.4150777,34.73858402,126.4150843
34.73869842,126.4150996,34.73858519,126.4151062
34.73869949,126.4151214,34.73858635,126.415128
34.73870056,126.4151432,34.73858752,126.4151498
34.73870163,126.415165,34.73858868,126.4151716
34.7387027,126.4151869,34.73858985,126.4151934
34.73870377,126.4152087,34.73859102,126.4152153
34.73870484,126.4152305,34.73859218,126.4152371
34.73870591,126.4152523,34.73859335,126.4152589
34.73870698,126.4152742,34.73859451,126.4152807
34.73870805,126.415296,34.73859568,126.4153025
34.73870913,126.4153178,34.73859684,126.4153243
34.7387102,126.4153396,34.73859801,126.4153462
34.73871127,126.4153615,34.73859917,126.415368
34.73871234,126.4153833,34.73860034,126.4153898
34.73871341,126.4154051,34.7386015,126.4154116
34.73871448,126.4154269,34.73860267,126.4154334
34.73871555,126.4154487,34.73860383,126.4154553
34.73871662,126.4154706,34.738605,126.4154771
34.73871769,126.4154924,34.73860616,126.4154989
34.73871876,126.4155142,34.73860733,126.4155207
34.73871983,126.415536,34.7386085,126.4155425
34.73872091,126.4155579,34.73860966,126.4155643
34.73872198,126.4155797,34.73861083,126.4155862
34.73872305,126.4156015,34.73861199,126.415608
34.73872412,126.4156233,34.73861316,126.4156298
34.73872519,126.4156452,34.73861432,126.4156516
34.73872626,126.415667,34.73861549,126.4156734
34.73872733,126.4156888,34.73861665,126.4156952
34.7387284,126.4157106,34.73861782,126.4157171
34.73872947,126.4157325,34.73861898,126.4157389
34.73873054,126.4157543,34.73862015,126.4157607
34.73873162,126.4157761,34.73862131,126.4157825
34.73873269,126.4157979,34.73862248,126.4158043
34.73873376,126.4158198,34.73862364,126.4158262
34.73873483,126.4158416,34.73862481,126.415848
34.7387359,126.4158634,34.73862598,126.4158698
34.73873697,126.4158852,34.73862714,126.4158916
34.73873804,126.415907,34.73862831,126.4159134
34.73873911,126.4159289,34.73862947,126.4159352
34.73874018,126.4159507,34.73863064,126.4159571
34.73874125,126.4159725,34.7386318,126.4159789
34.73874233,126.4159943,34.73863297,126.4160007
34.7387434,126.4160162,34.73863413,126.4160225
34.73874447,126.416038,34.7386353,126.4160443
34.73874554,126.4160598,34.73863646,126.4160662
34.73874661,126.4160816,34.73863763,126.416088
34.73874768,126.4161035,34.73863879,126.4161098
34.73874875,126.4161253,34.73863996,126.4161316
34.73874982,126.4161471,34.73864113,126.4161534
34.73875089,126.4161689,34.73864229,126.4161752
34.73875196,126.4161908,34.73864346,126.4161971
34.73875304,126.4162126,34.73864462,126.4162189
34.73875411,126.4162344,34.73864579,126.4162407
34.73875518,126.4162562,34.73864695,126.4162625
34.73875625,126.4162781,34.73864812,126.4162843
34.73875732,126.4162999,34.73864928,126.4163061
34.73875839,126.4163217,34.73865045,126.416328
34.73875946,126.4163435,34.73865161,126.4163498
34.73876053,126.4163653,34.73865278,126.4163716
34.7387616,126.4163872,34.73865394,126.4163934
34.73876267,126.416409,34.73865511,126.4164152
34.73876375,126.4164308,34.73865627,126.4164371
34.73876482,126.4164526,34.73865744,126.4164589
34.73876589,126.4164745,34.73865861,126.4164807
34.73876696,126.4164963,34.73865977,126.4165025
34.73876803,126.4165181,34.73866094,126.4165243
34.7387691,126.4165399,34.7386621,126.4165461
34.73877017,126.4165618,34.73866327,126.416568
34.73877124,126.4165836,34.73866443,126.4165898
34.73877231,126.4166054,34.7386656,126.4166116
34.73877338,126.4166272,34.73866676,126.4166334
34.73877446,126.4166491,34.73866793,126.4166552
34.73877553,126.4166709,34.73866909,126.4166771
34.7387766,126.4166927,34.73867026,126.4166989
34.73877767,126.4167145,34.73867142,126.4167207
34.73877874,126.4167364,34.73867259,126.4167425
34.73877981,126.4167582,34.73867375,126.4167643
34.73878088,126.41678,34.73867492,126.4167861
34.73878195,126.4168018,34.73867609,126.416808
34.73878302,126.4168236,34.73867725,126.4168298
34.73878409,126.4168455,34.73867842,126.4168516
34.73878517,126.4168673,34.73867958,126.4168734
34.73878624,126.4168891,34.73868075,126.4168952
34.73878742,126.4169111,34.73868193,126.4169169
34.7387886,126.4169326,34.73868312,126.416939
34.73878984,126.4169553,34.73868426,126.4169599
34.73879099,126.4169769,34.73868545,126.416982
34.73879215,126.4169984,34.73868661,126.4170041
34.73879338,126.4170209,34.73868771,126.4170253
34.7387945,126.4170418,34.73868889,126.417048
34.73879571,126.4170643,34.73868998,126.4170691
34.73879686,126.417086,34.73869111,126.4170911
34.73879802,126.4171076,34.73869222,126.4171131
34.73879919,126.4171293,34.73869335,126.4171351
34.73880037,126.4171509,34.7386945,126.417157
34.73880155,126.4171726,34.73869565,126.417179
34.73880274,126.4171942,34.73869682,126.4172011
34.73880402,126.4172169,34.73869796,126.417222
34.73880526,126.4172385,34.73869917,126.417244
34.73880651,126.41726,34.73870038,126.4172661
34.73880777,126.4172815,34.73870159,126.4172883
34.73880911,126.4173041,34.73870272,126.4173093
34.73881037,126.4173255,34.73870393,126.4173315
34.73881165,126.417347,34.73870516,126.4173536
34.73881293,126.4173684,34.7387064,126.4173758
34.73881429,126.417391,34.73870759,126.4173968
34.73881556,126.4174124,34.73870884,126.417419
34.7388169,126.4174346,34.73871004,126.4174404
34.73881822,126.4174564,34.73871125,126.4174623
34.7388195,126.4174778,34.73871248,126.4174845
34.73882087,126.4175002,34.73871363,126.4175057
34.73882216,126.4175216,34.73871483,126.4175279
34.73882353,126.4175438,34.73871598,126.4175494
34.73882485,126.4175654,34.73871713,126.4175713
34.73882614,126.4175868,34.73871832,126.4175936
34.73882748,126.4176092,34.73871945,126.4176148
34.73882874,126.4176305,34.73872065,126.4176371
34.73883007,126.4176529,34.73872177,126.4176584
34.73883133,126.4176742,34.73872298,126.4176807
34.73883264,126.4176965,34.73872415,126.417702
34.73883387,126.4177178,34.73872539,126.4177243
34.73883518,126.4177401,34.73872657,126.4177456
34.73883643,126.4177614,34.73872783,126.417768
34.73883772,126.4177837,34.73872903,126.4177893
34.73883897,126.4178059,34.73873022,126.4178107
34.73884015,126.4178271,34.73873146,126.4178331
34.73884139,126.4178491,34.73873264,126.4178547
34.7388426,126.4178707,34.73873383,126.4178768
34.73884384,126.4178927,34.73873495,126.4178984
34.73884504,126.4179139,34.73873613,126.4179209
34.73884633,126.417936,34.73873724,126.4179423
34.73884763,126.4179582,34.73873835,126.4179638
34.7388489,126.4179798,34.73873948,126.4179858
34.73885015,126.4180014,34.73874063,126.4180079
34.73885144,126.4180235,34.73874173,126.4180295
34.73885271,126.4180455,34.73874284,126.418051
34.73885397,126.4180676,34.73874396,126.4180726
34.73885519,126.4180894,34.73874511,126.4180944
34.73885637,126.4181107,34.73874631,126.4181167
34.73885758,126.4181327,34.73874746,126.4181383
34.73885878,126.4181548,34.73874864,126.4181599
34.73885993,126.4181762,34.73874986,126.4181821
34.7388611,126.4181978,34.73875108,126.4182042
34.73886227,126.4182198,34.73875229,126.4182258
34.7388634,126.4182417,34.73875348,126.4182475
34.73886452,126.4182637,34.73875466,126.4182692
34.73886565,126.4182856,34.73875585,126.4182909
34.73886676,126.4183076,34.73875706,126.4183126
34.73886786,126.4183295,34.73875826,126.4183343
34.73886892,126.4183504,34.73875951,126.418357
34.73887007,126.4183723,34.73876073,126.4183787
34.73887124,126.4183942,34.73876195,126.4184004
34.73887243,126.4184161,34.73876317,126.4184222
34.73887364,126.418438,34.73876438,126.4184439
34.73887488,126.4184599,34.73876558,126.4184656
34.73887608,126.4184811,34.73876677,126.418488
34.73887733,126.418503,34.73876785,126.4185098
34.7388786,126.418525,34.73876885,126.4185314
34.73887988,126.4185471,34.73876979,126.418553
34.73888111,126.4185684,34.73877077,126.4185753
34.7388824,126.4185906,34.7387718,126.4185968
34.73888366,126.4186119,34.738773,126.4186191
34.73888497,126.4186341,34.73877426,126.4186405
34.73888628,126.4186563,34.7387756,126.4186619
34.73888756,126.4186777,34.73877712,126.4186841
34.73888887,126.4186991,34.73877876,126.4187062
34.73889029,126.4187213,34.7387805,126.4187276
34.73889168,126.4187427,34.73878251,126.4187497
34.73889311,126.4187641,34.73878475,126.4187719
34.73889466,126.4187861,34.73878695,126.4187934
34.73889626,126.4188073,34.73878925,126.4188157
34.73889811,126.4188278,34.73879162,126.4188386
34.73890041,126.4188476,34.73879415,126.4188621
34.73890326,126.4188664,34.73879695,126.4188864
34.73890697,126.4188852,34.73880036,126.4189105
34.73891158,126.4189034,34.73880479,126.4189345
34.73891713,126.4189207,34.73881055,126.4189587
34.73892361,126.4189372,34.73881776,126.4189826
34.7389305,126.4189519,34.73882698,126.4190069
34.73893867,126.4189663,34.73883749,126.4190298
34.73894703,126.4189786,34.73885009,126.419053
34.73895608,126.4189899,34.73886429,126.419075
34.73896586,126.4190002,34.73887972,126.4190957
34.7389771,126.4190102,34.73889565,126.4191142
34.73898773,126.4190182,34.73891362,126.4191324
34.73899859,126.419025,34.73893286,126.4191493
34.73900914,126.4190305,34.7389537,126.4191648
34.73901971,126.4190349,34.73897586,126.4191782
34.73903108,126.4190385,34.73899849,126.4191886
34.73904283,126.419041,34.7390217,126.4191959
34.73905651,126.4190429,34.7390436,126.4191999
34.73906978,126.419044,34.73906619,126.4192014
34.73908129,126.4190441,34.73909059,126.4192
34.73909518,126.4190433,34.73911242,126.4191962
34.73910938,126.4190416,34.73913355,126.4191903
34.73912159,126.4190394,34.73915605,126.4191814
34.73913434,126.4190359,34.73917729,126.4191709
34.73914569,126.4190317,34.73919909,126.4191583
34.73915697,126.4190266,34.73922013,126.4191445
34.73916937,126.4190197,34.73923907,126.4191301
34.73917986,126.4190127,34.7392587,126.4191133
34.73919127,126.4190036,34.73927611,126.4190963
34.73920228,126.4189933,34.73929239,126.4190782
34.73921122,126.4189836,34.73930851,126.4190567
34.73922153,126.4189699,34.73932078,126.4190364
34.73923008,126.4189564,34.73933195,126.4190134
34.73923756,126.4189421,34.73934124,126.4189891
34.73924451,126.4189255,34.73934865,126.4189657
34.73925042,126.4189083,34.73935511,126.4189418
34.73925543,126.418891,34.73936096,126.4189174
34.73925968,126.4188725,34.7393659,126.4188937
34.73926323,126.4188531,34.73937033,126.4188704
34.73926636,126.4188327,34.73937421,126.418848
34.739269,126.4188134,34.73937781,126.4188242
34.7392718,126.4187913,34.73938076,126.4188032
34.73927409,126.4187718,34.73938396,126.4187795
34.73927631,126.4187508,34.73938674,126.4187572
34.73927853,126.4187291,34.73938943,126.4187356
34.73928072,126.4187079,34.73939208,126.4187135
34.73928323,126.4186855,34.73939444,126.4186926
34.73928571,126.4186638,34.73939689,126.418671
34.7392885,126.4186412,34.73939929,126.4186503
34.73929124,126.4186194,34.73940181,126.4186289
34.73929419,126.4185968,34.73940418,126.4186083
34.73929714,126.4185749,34.73940666,126.418587
34.73930006,126.4185529,34.73940914,126.4185658
34.7393029,126.4185311,34.73941163,126.4185443
34.73930584,126.4185087,34.73941407,126.4185235
34.73930858,126.4184876,34.73941671,126.4185013
34.73931136,126.4184658,34.73941928,126.4184799
34.73931416,126.418444,34.73942189,126.4184585
34.73931686,126.4184227,34.73942465,126.4184365
34.73931956,126.4184014,34.73942745,126.4184147
34.73932234,126.4183797,34.73943023,126.4183932
34.73932508,126.4183579,34.73943308,126.4183718
34.73932768,126.4183371,34.7394361,126.4183494
34.73933043,126.4183153,34.73943904,126.418328
34.73933315,126.4182933,34.73944197,126.4183068
34.73933579,126.4182717,34.73944504,126.4182852
34.73933861,126.4182499,34.73944806,126.4182639
34.73934144,126.4182285,34.7394511,126.4182422
34.73934439,126.4182068,34.73945408,126.4182208
34.73934743,126.4181847,34.73945701,126.4181997
34.73935042,126.4181632,34.73946002,126.4181781
34.73935341,126.4181422,34.73946303,126.418156
34.73935655,126.4181205,34.73946593,126.4181346
34.73935968,126.4180987,34.73946878,126.4181133
34.73936271,126.4180774,34.73947161,126.4180915
34.73936572,126.4180558,34.73947436,126.4180699
34.73936861,126.4180345,34.73947707,126.418048
34.73937152,126.4180131,34.73947975,126.4180262
34.73937443,126.4179915,34.73948243,126.4180047
34.73937741,126.4179692,34.73948509,126.4179838
34.73938025,126.4179483,34.739488,126.4179614
34.73938327,126.4179263,34.73949096,126.4179404
34.73938658,126.4179043,34.73949449,126.4179195
34.73939049,126.4178813,34.7394984,126.4178999
34.7393953,126.417858,34.73950288,126.4178808
34.73940136,126.4178347,34.7395082,126.4178627
34.73940935,126.4178104,34.73951418,126.4178468
34.73941952,126.4177865,34.73952111,126.4178323
34.73943196,126.4177634,34.73952882,126.4178193
34.73944621,126.4177421,34.73953783,126.4178073
34.73946306,126.417722,34.73954718,126.4177975
34.73948271,126.4177038,34.73955655,126.41779
34.73950479,126.4176881,34.73956587,126.4177845
34.73952803,126.4176758,34.73957588,126.4177804
34.73955306,126.4176666,34.73958547,126.417778
34.73957524,126.4176617,34.73959879,126.4177767
34.73959968,126.4176593,34.7396102,126.4177772
34.73962426,126.4176599,34.73962141,126.4177792
34.73964776,126.4176629,34.73963337,126.4177826
34.73966911,126.4176678,34.73964692,126.4177877
34.73969162,126.417675,34.73965882,126.4177929
34.7397118,126.4176832,34.7396725,126.4177991
34.73972967,126.4176915,34.73968817,126.4178065
34.73974715,126.4176997,34.73970414,126.4178141
34.73976367,126.4177074,34.73972113,126.4178221
34.73978115,126.4177155,34.73973715,126.4178297
34.73979825,126.4177235,34.73975358,126.4178374
34.73981645,126.417732,34.73976896,126.4178444
34.73983308,126.4177397,34.73978594,126.4178522
34.73985002,126.4177475,34.73980267,126.4178596
34.73986755,126.4177555,34.73981884,126.4178667
34.73988479,126.4177634,34.73983532,126.417874
34.73990066,126.4177705,34.73985321,126.4178818
34.7399176,126.4177781,34.73987004,126.4178892
34.73993534,126.417786,34.73988606,126.4178962
34.73995269,126.4177938,34.73990244,126.4179035
34.73996928,126.4178014,34.73991952,126.4179112
34.73998647,126.4178093,34.73993597,126.4179187
34.74000358,126.4178172,34.73995246,126.4179262
34.74002018,126.417825,34.73996945,126.417934
34.74003716,126.417833,34.73998602,126.4179416
34.74005397,126.4178409,34.74000273,126.4179495
34.74007073,126.4178489,34.74001947,126.4179573
34.74008772,126.417857,34.74003597,126.417965
34.74010444,126.417865,34.74005274,126.4179729
34.74012119,126.417873,34.74006949,126.4179807
34.7401372,126.4178807,34.740087,126.4179888
34.74015452,126.4178889,34.74010323,126.4179962
34.74017111,126.4178967,34.7401202,126.418004
34.74018722,126.4179043,34.74013767,126.418012
34.74020415,126.4179122,34.74015434,126.4180196
34.74022026,126.4179196,34.74017191,126.4180275
34.74023479,126.4179257,34.7401913,126.4180357
34.74024937,126.4179312,34.74021101,126.4180434
34.74026347,126.4179356,34.74023159,126.4180504
34.74027705,126.417939,34.74025309,126.4180565
34.74028965,126.4179411,34.74027595,126.4180614
34.74030188,126.417942,34.74029951,126.4180641
34.74031373,126.4179417,34.74032357,126.4180643
34.74032434,126.4179404,34.74034873,126.4180615
34.74033666,126.4179376,34.74037167,126.4180561
34.74034784,126.417934,34.74039501,126.4180476
34.74035945,126.4179289,34.74041681,126.4180367
34.74036951,126.4179231,34.74043857,126.4180222
34.74038,126.4179155,34.74045783,126.4180053
34.74038983,126.4179065,34.74047523,126.4179858
34.74039907,126.4178962,34.74049064,126.4179643
34.74040758,126.4178845,34.74050386,126.4179413
34.74041569,126.4178704,34.74051441,126.417918
34.74042212,126.4178563,34.74052331,126.4178926
34.74042769,126.41784,34.74052991,126.4178677
34.74043167,126.4178236,34.74053487,126.4178418
34.74043441,126.4178055,34.74053799,126.4178169
34.7404358,126.4177878,34.74053975,126.4177909
34.74043626,126.4177675,34.74054012,126.4177675
34.74043609,126.4177471,34.74053983,126.4177442
34.74043565,126.4177267,34.74053908,126.4177209
34.74043489,126.4177064,34.74053813,126.4176976
34.74043407,126.4176858,34.74053727,126.4176745
34.74043307,126.4176645,34.7405364,126.4176522
34.74043198,126.4176439,34.74053557,126.4176292
34.74043076,126.4176214,34.74053475,126.4176082
34.74042968,126.4175999,34.740534,126.4175861
34.74042845,126.4175779,34.74053315,126.4175644
34.74042731,126.4175559,34.74053239,126.4175428
34.74042607,126.4175334,34.7405316,126.4175217
34.74042493,126.4175108,34.74053081,126.4175006
34.74042399,126.4174897,34.74052987,126.4174781
34.74042295,126.4174671,34.74052895,126.4174571
34.7404219,126.4174439,34.74052807,126.4174366
34.740421,126.4174228,34.74052709,126.4174141
34.74042007,126.4174006,34.74052615,126.4173926
34.74041911,126.4173781,34.74052524,126.4173715
34.74041818,126.4173559,34.74052433,126.41735
34.74041734,126.4173348,34.74052337,126.4173274
34.74041642,126.4173122,34.74052249,126.4173064
34.74041548,126.4172894,34.74052162,126.4172855
34.74041463,126.4172679,34.74052071,126.4172633
34.74041378,126.4172456,34.74051986,126.417242
34.740413,126.4172245,34.74051894,126.4172194
34.74041215,126.4172018,34.7405181,126.4171984
34.74041135,126.4171801,34.74051721,126.4171764
34.74041053,126.4171585,34.74051633,126.4171544
34.74040969,126.4171368,34.74051548,126.4171323
34.74040883,126.4171151,34.74051469,126.4171104
34.74040798,126.4170933,34.74051394,126.4170885
34.74040713,126.4170711,34.7405132,126.417067
34.74040636,126.4170493,34.7405125,126.4170452
34.74040558,126.4170274,34.74051178,126.4170233
34.74040481,126.4170055,34.74051104,126.4170015
34.74040407,126.4169829,34.74051033,126.4169805
34.74040341,126.4169617,34.74050956,126.416958
34.74040275,126.4169397,34.74050882,126.4169363
34.74040209,126.4169178,34.74050806,126.4169145
34.74040143,126.4168959,34.74050732,126.4168928
34.74040079,126.4168739,34.74050659,126.416871
34.74040012,126.416852,34.74050584,126.4168492
34.74039944,126.4168305,34.74050498,126.4168271
34.74039874,126.4168089,34.74050415,126.416805
34.740398,126.416787,34.74050335,126.4167832
34.74039721,126.416765,34.74050256,126.4167615
34.74039644,126.4167431,34.74050179,126.4167397
34.74039566,126.4167216,34.74050099,126.4167176
34.74039485,126.4166996,34.74050018,126.4166958
34.74039404,126.416678,34.7404994,126.4166737
34.74039323,126.4166561,34.74049861,126.416652
34.74039238,126.4166346,34.7404978,126.4166298
34.7403915,126.4166129,34.74049698,126.4166078
34.74039057,126.4165903,34.74049616,126.4165868
34.74038966,126.4165685,34.74049531,126.4165649
34.74038875,126.4165471,34.7404944,126.4165426
34.74038783,126.4165257,34.74049345,126.4165203
34.74038683,126.4165034,34.74049248,126.416499
34.74038585,126.4164812,34.74049141,126.4164775
34.74038489,126.4164599,34.74049022,126.4164552
34.74038391,126.4164378,34.74048901,126.4164336
34.74038295,126.4164167,34.74048773,126.4164111
34.74038192,126.416394,34.74048651,126.4163901
34.74038094,126.416373,34.74048512,126.4163675
34.74037987,126.4163512,34.74048372,126.4163457
34.74037872,126.4163298,34.74048222,126.4163235
34.74037743,126.4163083,34.74048069,126.4163014
34.74037598,126.4162866,34.74047914,126.4162795
34.74037437,126.4162642,34.74047762,126.4162583
34.74037282,126.4162433,34.74047592,126.4162357
34.74037112,126.4162216,34.74047428,126.4162139
34.74036936,126.4161999,34.74047258,126.416192
34.74036752,126.4161784,34.7404708,126.41617
34.74036563,126.4161571,34.74046893,126.4161479
34.74036364,126.4161353,34.740467,126.4161262
34.74036163,126.4161135,34.74046498,126.4161045
34.74035961,126.4160922,34.74046281,126.4160824
34.74035743,126.4160704,34.74046065,126.4160608
34.74035523,126.4160493,34.7404583,126.4160385
34.7403529,126.4160282,34.7404559,126.4160163
34.74035038,126.4160065,34.74045342,126.4159947
34.74034779,126.4159855,34.74045075,126.4159725
34.74034506,126.4159644,34.74044796,126.4159504
34.74034213,126.4159428,34.74044514,126.4159288
34.7403391,126.4159211,34.74044224,126.4159073
34.74033605,126.4159001,34.74043916,126.4158852
34.74033297,126.4158792,34.74043594,126.4158631
34.74032972,126.4158575,34.74043279,126.4158418
34.74032641,126.4158358,34.74042959,126.4158205
34.74032304,126.4158143,34.74042632,126.415799
34.74031971,126.4157934,34.74042288,126.415777
34.74031638,126.4157726,34.74041936,126.4157548
34.74031279,126.4157507,34.74041599,126.4157338
34.74030922,126.4157294,34.74041242,126.4157122
34.74030573,126.4157088,34.74040863,126.4156901
34.74030204,126.4156872,34.74040489,126.4156689
34.74029828,126.4156657,34.74040105,126.4156476
34.74029462,126.4156451,34.74039697,126.4156255
34.74029075,126.4156237,34.74039297,126.4156043
34.74028676,126.4156022,34.74038891,126.4155831
34.74028269,126.4155808,34.74038477,126.415562
34.74027872,126.4155604,34.74038037,126.4155399
34.7402744,126.4155387,34.74037613,126.4155191
34.74027017,126.4155178,34.74037166,126.4154976
34.74026592,126.4154971,34.74036704,126.4154759
34.7402615,126.4154762,34.74036239,126.4154545
34.74025694,126.415455,34.74035772,126.4154334
34.74025229,126.415434,34.74035297,126.4154123
34.7402477,126.4154137,34.740348,126.4153904
34.7402428,126.4153926,34.74034316,126.4153694
34.74023806,126.4153725,34.74033802,126.4153475
34.74023292,126.4153511,34.74033312,126.4153269
34.74022793,126.4153306,34.74032798,126.4153055
34.7402227,126.4153094,34.74032295,126.4152847
34.74021751,126.4152888,34.74031774,126.4152635
34.7402122,126.4152679,34.74031253,126.4152426
34.74020704,126.4152479,34.74030707,126.4152208
34.74020152,126.4152268,34.74030185,126.4152002
34.74019611,126.4152064,34.74029638,126.4151789
34.74019052,126.4151856,34.74029094,126.4151581
34.74018484,126.4151649,34.74028542,126.4151373
34.74017928,126.4151451,34.74027955,126.4151156
34.74017338,126.4151244,34.74027381,126.4150949
34.74016737,126.4151038,34.74026799,126.4150742
34.7401615,126.4150839,34.74026189,126.4150529
34.74015514,126.4150627,34.74025609,126.4150329
34.74014915,126.4150429,34.7402498,126.4150116
34.74014285,126.4150224,34.74024366,126.4149911
34.7401365,126.4150019,34.74023745,126.4149707
34.74013009,126.4149813,34.74023117,126.4149503
34.74012392,126.4149617,34.74022452,126.4149291
34.74011726,126.4149408,34.7402182,126.4149092
34.74011084,126.4149208,34.74021148,126.4148886
34.74010438,126.4149008,34.74020462,126.4148679
34.74009785,126.4148807,34.74019769,126.4148474
34.74009111,126.4148603,34.74019081,126.4148274
34.7400844,126.4148403,34.74018373,126.414807
34.74007769,126.4148204,34.74017651,126.4147866
34.74007075,126.4148001,34.74016942,126.4147667
34.74006407,126.4147807,34.74016199,126.4147459
34.74005703,126.4147604,34.7401548,126.414726
34.74005017,126.414741,34.74014724,126.4147054
34.74004295,126.4147208,34.7401399,126.4146856
34.74003563,126.4147006,34.74013253,126.4146659
34.74002855,126.4146813,34.74012474,126.4146453
34.74002108,126.4146612,34.74011721,126.4146257
34.74001381,126.414642,34.74010928,126.4146053
34.74000632,126.4146225,34.74010143,126.4145852
34.73999864,126.4146029,34.74009368,126.4145654
34.73999107,126.4145838,34.74008568,126.414545
34.73998307,126.414564,34.74007801,126.4145255
34.73997508,126.4145444,34.74007026,126.4145058
34.73996721,126.4145252,34.74006233,126.4144857
34.73995931,126.4145061,34.74005437,126.4144656
34.73995115,126.4144865,34.74004656,126.414446
34.73994292,126.4144669,34.74003872,126.4144265
34.73993465,126.4144473,34.74003086,126.4144071
34.7399267,126.4144285,34.74002265,126.4143868
34.73991839,126.4144089,34.74001474,126.4143674
34.73991008,126.4143893,34.74000682,126.414348
34.73990178,126.4143698,34.73999885,126.4143285
34.73989349,126.4143503,34.73999085,126.414309
34.73988523,126.4143308,34.73998281,126.4142896
34.739877,126.4143113,34.73997469,126.4142701
34.73986881,126.4142919,34.73996651,126.4142506
34.73986063,126.4142725,34.73995828,126.414231
34.73985228,126.4142527,34.73995027,126.414212
34.73984412,126.4142332,34.7399421,126.4141925
34.73983594,126.4142135,34.73993398,126.4141732
34.73982787,126.414194,34.73992582,126.4141537
34.73981995,126.4141747,34.73991756,126.4141339
34.73981187,126.414155,34.73990954,126.4141146
34.7398038,126.4141351,34.73990154,126.4140953
34.7397958,126.4141153,34.73989356,126.414076
34.73978784,126.4140956,34.73988559,126.4140565
34.73977997,126.4140758,34.73987763,126.414037
34.7397722,126.4140561,34.73986974,126.4140174
34.73976425,126.4140357,34.73986226,126.4139983
34.73975649,126.4140152,34.73985493,126.4139791
34.73974898,126.4139947,34.73984784,126.4139597
34.73974173,126.413974,34.739841,126.4139401
34.73973459,126.4139524,34.73983472,126.4139212
34.73972805,126.4139312,34.73982866,126.4139015
34.73972189,126.4139094,34.73982309,126.4138819
34.73971616,126.4138872,34.73981799,126.4138624
34.73971105,126.4138656,34.73981314,126.413842
34.73970612,126.4138427,34.739809,126.4138226
34.73970186,126.4138201,34.73980517,126.4138026
34.7396982,126.4137979,34.7398017,126.4137819
34.73969501,126.4137752,34.73979877,126.4137616
34.73969236,126.4137521,34.73979638,126.4137414
34.73969029,126.4137295,34.73979438,126.4137205
34.7396887,126.4137066,34.73979291,126.4136999
34.73968755,126.4136833,34.73979198,126.4136795
34.73968692,126.4136607,34.73979154,126.4136584
34.73968682,126.4136369,34.73979158,126.4136384
34.73968726,126.4136146,34.73979215,126.4136171
34.73968826,126.413591,34.73979317,126.413597
34.73968983,126.4135677,34.73979471,126.4135767
34.73969192,126.413545,34.73979676,126.413556
34.73969451,126.4135225,34.73979929,126.4135352
34.73969766,126.4134997,34.73980223,126.4135149
34.73970144,126.4134765,34.73980557,126.4134953
34.7397057,126.4134541,34.73980949,126.4134751
34.73971071,126.4134312,34.73981374,126.4134558
34.73971615,126.4134092,34.73981864,126.4134359
34.7397223,126.4133868,34.73982389,126.4134168
34.73972889,126.413365,34.73982964,126.4133975
34.73973592,126.4133437,34.73983586,126.4133782
34.73974333,126.4133228,34.73984255,126.4133589
34.7397512,126.413302,34.73984953,126.4133399
34.73975937,126.4132814,34.73985685,126.413321
34.73976759,126.4132614,34.73986471,126.4133019
34.7397761,126.4132413,34.73987279,126.4132832
34.73978469,126.4132215,34.73988114,126.4132645
34.73979277,126.4132031,34.73989031,126.4132445
34.7398018,126.4131829,34.73989872,126.4132265
34.73981067,126.4131633,34.73990752,126.413208
34.73981946,126.4131442,34.73991655,126.4131891
34.73982829,126.4131251,34.7399256,126.4131703
34.73983688,126.4131066,34.7399349,126.4131509
34.73984597,126.4130869,34.73994361,126.4131326
34.73985486,126.4130678,34.7399525,126.4131138
34.73986366,126.4130489,34.73996151,126.4130947
34.73987245,126.4130299,34.73997045,126.4130756
34.73988127,126.413011,34.73997937,126.4130565
34.73989012,126.4129921,34.73998825,126.4130374
34.73989915,126.4129728,34.73999699,126.4130186
34.73990811,126.4129537,34.74000575,126.4129997
34.73991681,126.412935,34.7400147,126.4129803
34.73992569,126.4129159,34.74002342,126.4129613
34.73993458,126.4128968,34.7400321,126.4129422
34.73994352,126.4128777,34.74004078,126.4129232
34.73995249,126.4128586,34.74004946,126.4129043
34.73996148,126.4128394,34.74005815,126.4128854
34.73997013,126.412821,34.74006722,126.4128658
34.73997915,126.4128017,34.74007594,126.412847
34.73998818,126.4127824,34.74008463,126.4128283
34.73999693,126.4127638,34.74009359,126.4128088
34.74000596,126.4127446,34.7401023,126.41279
34.74001495,126.4127255,34.74011109,126.4127711
34.74002383,126.4127067,34.74012002,126.412752
34.74003262,126.412688,34.74012906,126.4127326
34.74004177,126.4126686,34.74013772,126.4127141
34.7400509,126.4126493,34.74014635,126.4126954
34.74005977,126.4126305,34.74015513,126.4126761
34.74006862,126.4126118,34.74016391,126.4126567
34.74007748,126.412593,34.7401727,126.4126374
34.74008657,126.4125737,34.74018123,126.4126187
34.74009526,126.4125552,34.74019009,126.412599
34.74010418,126.4125362,34.74019873,126.4125798
34.74011307,126.4125171,34.74020736,126.4125607
34.74012191,126.412498,34.74021598,126.4125416
34.74013071,126.4124788,34.74022452,126.4125225
34.74013909,126.4124604,34.74023335,126.4125026
34.74014749,126.4124415,34.74024202,126.4124829
34.74015584,126.4124223,34.74025055,126.4124635
34.74016369,126.4124037,34.74025933,126.4124434
34.74017157,126.4123844,34.74026772,126.4124237
34.74017884,126.4123659,34.74027626,126.4124029
34.74018621,126.4123465,34.74028412,126.4123827
34.74019334,126.4123269,34.74029162,126.4123624
34.74019997,126.4123079,34.74029904,126.4123412
34.74020666,126.4122879,34.74030586,126.4123206
34.74021288,126.4122686,34.7403126,126.4122992
34.74021915,126.4122484,34.74031881,126.4122784
34.74022504,126.4122285,34.74032499,126.412257
34.74023074,126.4122083,34.74033091,126.4122359
34.74023605,126.4121884,34.74033669,126.4122142
34.74024127,126.4121678,34.74034203,126.412193
34.7402461,126.4121476,34.7403472,126.4121712
34.74025066,126.4121274,34.74035207,126.4121493
34.74025507,126.4121064,34.74035641,126.4121278
34.74025897,126.4120866,34.74036068,126.412105
34.74026276,126.412066,34.74036455,126.4120829
34.74026641,126.4120447,34.74036802,126.4120614
34.7402697,126.412024,34.74037132,126.4120391
34.74027272,126.4120032,34.74037433,126.4120167
34.74027545,126.4119823,34.74037712,126.4119944
34.7402779,126.4119613,34.74037966,126.4119721
34.74028008,126.4119403,34.74038191,126.4119497
34.74028198,126.4119192,34.74038393,126.4119274
34.74028359,126.4118981,34.7403857,126.4119049
34.74028491,126.4118771,34.74038715,126.4118823
34.74028596,126.4118558,34.7403883,126.41186
34.74028668,126.4118351,34.74038916,126.4118371
34.74028712,126.4118138,34.74038968,126.4118146
34.74028723,126.4117925,34.74038992,126.4117922
34.74028703,126.4117713,34.74038988,126.4117697
34.74028652,126.4117508,34.74038953,126.4117464
34.74028567,126.4117293,34.7403889,126.4117243
34.74028461,126.4117084,34.74038794,126.4117015
34.74028325,126.4116869,34.74038664,126.4116794
34.74028163,126.4116656,34.74038503,126.4116572
34.74027967,126.4116442,34.74038312,126.4116351
34.74027752,126.4116235,34.74038088,126.4116124
34.74027513,126.4116031,34.74037824,126.4115895
34.74027241,126.4115822,34.74037528,126.4115672
34.74026932,126.4115611,34.74037205,126.4115453
34.74026591,126.4115401,34.74036852,126.4115234
34.74026233,126.4115198,34.74036461,126.411501
34.74025848,126.4114995,34.74036036,126.4114786
34.74025425,126.411479,34.7403559,126.4114567
34.74024966,126.4114582,34.74035121,126.4114352
34.7402449,126.4114381,34.7403461,126.4114133
34.74023987,126.4114181,34.74034076,126.4113914
34.74023452,126.411398,34.74033522,126.4113699
34.74022883,126.4113778,34.74032949,126.4113486
34.74022284,126.4113576,34.74032356,126.4113276
34.74021686,126.4113383,34.7403171,126.4113058
34.74021046,126.4113186,34.7403105,126.4112847
34.74020381,126.4112992,34.74030363,126.4112637
34.74019663,126.4112792,34.74029678,126.4112435
34.74018964,126.4112605,34.74028927,126.4112221
34.74018223,126.4112413,34.74028171,126.4112015
34.74017445,126.4112219,34.74027406,126.4111814
34.74016645,126.4112027,34.74026615,126.4111615
34.7401584,126.4111839,34.74025778,126.4111414
34.74015045,126.4111658,34.74024887,126.4111209
34.74014179,126.4111468,34.74024019,126.4111016
34.74013313,126.4111283,34.74023104,126.4110821
34.74012467,126.4111106,34.74022133,126.4110621
34.74011552,126.4110919,34.74021194,126.4110433
34.74010618,126.4110733,34.74020236,126.4110247
34.74009697,126.4110553,34.74019237,126.4110058
34.74008764,126.4110374,34.74018224,126.410987
34.74007766,126.4110185,34.74017254,126.4109692
34.74006808,126.4110007,34.74016226,126.4109506
34.74005873,126.4109835,34.74015155,126.4109315
34.74004845,126.4109648,34.74014165,126.410914
34.74003861,126.4109471,34.74013121,126.4108956
34.74002875,126.4109294,34.74012071,126.4108773
34.74001855,126.4109113,34.74011047,126.4108595
34.74000833,126.4108931,34.74010017,126.4108418
34.73999884,126.4108762,34.74008912,126.4108228
34.73998837,126.4108576,34.74007906,126.4108055
34.73997799,126.4108392,34.74006891,126.410788
34.73996772,126.410821,34.74005864,126.4107703
34.73995787,126.4108035,34.74004799,126.4107519
34.7399475,126.4107851,34.74003791,126.4107343
34.73993737,126.4107672,34.74002763,126.4107163
34.73992753,126.4107497,34.74001711,126.4106977
34.73991706,126.4107312,34.74000721,126.4106803
34.73990665,126.4107127,34.73999725,126.4106627
34.73989662,126.4106949,34.73998697,126.4106445
34.73988657,126.410677,34.73997674,126.4106263
34.73987644,126.4106589,34.73996661,126.4106082
34.73986663,126.4106414,34.73995617,126.4105896
34.73985613,126.4106227,34.73994645,126.4105721
34.73984584,126.4106044,34.73993657,126.4105543
34.73983603,126.4105869,34.73992623,126.4105356
34.73982555,126.4105682,34.73991653,126.4105181
34.73981569,126.4105507,34.73990621,126.4104995
34.73980563,126.4105328,34.73989604,126.4104812
34.73979527,126.4105144,34.73988619,126.4104634
34.73978508,126.4104963,34.73987617,126.4104454
34.7397749,126.4104781,34.73986612,126.4104274
34.73976513,126.4104608,34.73985569,126.4104086
34.73975469,126.4104422,34.7398459,126.4103911
34.73974443,126.4104239,34.73983591,126.4103732
34.73973448,126.4104062,34.73982563,126.4103547
34.73972412,126.4103878,34.73981575,126.4103371
34.7397143,126.4103703,34.73980531,126.4103184
34.73970412,126.4103523,34.73979517,126.4103004
34.73969405,126.4103344,34.73978492,126.4102822
34.73968375,126.4103162,34.73977487,126.4102643
34.73967344,126.410298,34.73976486,126.4102465
34.73966337,126.4102802,34.73975459,126.4102283
34.73965306,126.4102619,34.73974459,126.4102105
34.73964291,126.410244,34.73973444,126.4101924
34.73963265,126.4102258,34.73972441,126.4101745
34.73962259,126.4102079,34.73971422,126.4101562
34.73961226,126.4101895,34.7397043,126.4101385
34.73960239,126.4101719,34.73969395,126.4101199
34.73959213,126.4101536,34.73968403,126.410102
34.73958189,126.4101354,34.73967406,126.4100841
34.73957194,126.4101176,34.73966376,126.4100658
34.73956191,126.4100997,34.73965355,126.4100475
34.73955174,126.4100816,34.73964347,126.4100295
34.73954158,126.4100636,34.73963337,126.4100114
34.73953127,126.4100453,34.73962339,126.4099937
34.73952132,126.4100276,34.73961305,126.4099753
34.73951123,126.4100096,34.73960288,126.4099571
34.73950075,126.4099909,34.73959311,126.4099397
34.73949074,126.4099731,34.7395829,126.4099214
34.73948075,126.4099553,34.73957266,126.4099031
34.73947038,126.4099367,34.73956281,126.4098854
34.73946045,126.409919,34.73955252,126.409867
34.73945011,126.4099006,34.73954268,126.4098492
34.7394402,126.409883,34.73953241,126.4098307
34.73942987,126.4098646,34.73952254,126.4098129
34.73941997,126.409847,34.73951223,126.4097944
34.73940964,126.4098287,34.73950232,126.4097766
34.73939974,126.4098111,34.73949196,126.409758
34.73938945,126.4097928,34.73948196,126.4097402
34.73937918,126.4097746,34.73947193,126.4097223
34.73936891,126.4097564,34.73946184,126.4097045
34.73935899,126.409739,34.73945132,126.4096859
34.73934869,126.409721,34.73944111,126.409668
34.7393387,126.4097038,34.73943049,126.4096494
34.73932816,126.409686,34.73942019,126.4096316
34.73931793,126.4096692,34.73940933,126.409613
34.73930748,126.4096526,34.73939839,126.4095945
34.7392968,126.4096361,34.73938728,126.4095762
34.73928588,126.40962,34.739376,126.409558
34.73927502,126.4096045,34.7393642,126.4095395
34.73926359,126.4095889,34.73935239,126.4095218
34.7392522,126.409574,34.73933995,126.4095039
34.73924051,126.4095594,34.73932718,126.4094865
34.73922854,126.4095453,34.73931398,126.4094694
34.73921625,126.4095317,34.73930038,126.4094527
34.73920389,126.4095187,34.73928609,126.4094363
34.73919122,126.4095063,34.73927132,126.4094205
34.73917821,126.4094944,34.7392561,126.4094054
34.73916499,126.4094832,34.7392403,126.4093909
34.73915134,126.4094724,34.73922425,126.4093771
34.7391376,126.4094623,34.73920764,126.4093637
34.73912342,126.4094526,34.73919085,126.4093513
34.73910992,126.4094441,34.73917279,126.4093389
34.73909598,126.4094358,34.73915463,126.4093276
34.7390806,126.4094274,34.73913738,126.4093177
34.73906559,126.4094198,34.73911933,126.4093081
34.73905173,126.4094134,34.73909973,126.4092986
34.73903692,126.4094073,34.73908063,126.4092903
34.7390216,126.4094016,34.73906166,126.409283
34.73900612,126.4093965,34.73904251,126.4092764
34.73899053,126.409392,34.73902314,126.4092708
34.73897593,126.4093885,34.73900253,126.4092657
34.73896109,126.4093854,34.73898193,126.4092615
34.73894555,126.4093829,34.73896187,126.4092581
34.73892978,126.4093809,34.73894191,126.4092555
34.73891394,126.4093796,34.73892192,126.4092534
34.73889923,126.4093789,34.73890074,126.4092521
34.73888397,126.4093788,34.73888007,126.4092517
34.73886816,126.4093793,34.73885997,126.4092521
34.73885212,126.4093805,34.73884013,126.4092532
34.7388362,126.4093823,34.73882024,126.4092551
34.73882197,126.4093844,34.73879877,126.4092579
34.73880632,126.4093873,34.73877885,126.4092612
34.73879028,126.4093909,34.73875948,126.409265
34.73877418,126.4093949,34.73874031,126.4092694
34.73875768,126.4093993,34.73872167,126.4092741
34.73874093,126.409404,34.73870339,126.409279
34.73872402,126.409409,34.73868537,126.4092843
34.73870593,126.4094145,34.7386686,126.4092895
34.73868896,126.4094197,34.73865077,126.4092952
34.73867202,126.4094248,34.73863292,126.409301
34.73865451,126.4094302,34.73861565,126.4093066
34.73863704,126.4094355,34.73859833,126.4093122
34.73862017,126.4094407,34.73858043,126.409318
34.73860174,126.4094464,34.73856409,126.4093233
34.73858437,126.4094518,34.7385467,126.409329
34.7385677,126.409457,34.73852861,126.4093349
34.73855066,126.4094623,34.73851088,126.4093406
34.73853379,126.4094676,34.73849299,126.4093464
34.7385157,126.4094732,34.73847631,126.4093518
34.73849758,126.4094788,34.73845966,126.4093572
34.73848085,126.409484,34.73844161,126.409363
34.73846384,126.4094894,34.73842383,126.4093686
34.73844645,126.4094948,34.73840645,126.4093742
34.73842866,126.4095004,34.73838946,126.4093796
34.73841001,126.4095062,34.73837331,126.4093847
34.73839293,126.4095114,34.73835559,126.4093903
34.73837563,126.4095167,34.73833808,126.4093959
34.73835846,126.409522,34.73832043,126.4094014
34.73834119,126.4095273,34.73830289,126.4094069
34.73832402,126.4095326,34.73828523,126.4094125
34.73830566,126.4095383,34.73826879,126.4094176
34.73828963,126.4095432,34.73825,126.4094235
34.73827103,126.409549,34.73823379,126.4094285
34.73825382,126.4095544,34.73821618,126.4094339
34.73823664,126.4095598,34.73819855,126.4094394
34.73821949,126.4095651,34.73818089,126.4094449
34.73820231,126.4095705,34.73816325,126.4094503
34.73818508,126.409576,34.73814566,126.4094556
34.73816724,126.4095816,34.73812869,126.4094608
34.73814915,126.4095873,34.73811196,126.409466
34.73813177,126.4095928,34.73809453,126.4094713
34.73811431,126.4095982,34.73807718,126.4094767
34.73809689,126.4096037,34.73805979,126.4094821
34.73808011,126.409609,34.73804179,126.4094878
34.73806293,126.4096144,34.73802418,126.4094933
34.7380452,126.40962,34.73800712,126.4094987
34.73802773,126.4096254,34.7379898,126.4095041
34.73801024,126.4096309,34.73797249,126.4095096
34.73799276,126.4096363,34.73795519,126.4095151
34.7379753,126.4096417,34.73793785,126.4095206
34.73795782,126.4096472,34.73792054,126.4095261
34.73794072,126.4096525,34.73790285,126.4095317
34.73792345,126.4096579,34.73788532,126.4095373
34.73790544,126.4096635,34.73786854,126.4095426
34.73788809,126.4096689,34.73785109,126.4095481
34.73787106,126.4096742,34.73783331,126.4095536
34.73785353,126.4096797,34.73781605,126.4095591
34.73783646,126.409685,34.73779833,126.4095647
34.73781897,126.4096905,34.73778103,126.4095701
34.73780164,126.4096959,34.73776359,126.4095757
34.73778442,126.4097014,34.73774605,126.4095813
34.73776676,126.409707,34.73772897,126.4095868
34.73774975,126.4097125,34.73771124,126.4095926
34.73773251,126.4097181,34.73769374,126.4095982
34.73771509,126.4097237,34.73767644,126.4096038
34.73769806,126.4097291,34.73765874,126.4096096
34.73768042,126.4097348,34.73764165,126.4096152
34.73766285,126.4097403,34.73762449,126.4096208
34.7376446,126.409746,34.73760799,126.4096263
34.73762705,126.4097513,34.73759073,126.4096319
34.73760742,126.4097568,34.73757545,126.4096367
34.737588,126.4097616,34.73755973,126.409641
34.73756582,126.4097658,34.73754643,126.4096437
34.73754368,126.4097685,34.73753279,126.4096449
34.73751842,126.4097689,34.73752214,126.4096445
34.73748791,126.4097644,34.73751701,126.4096438
34.7374576,126.4097527,34.73751296,126.409643
34.73742983,126.4097329,34.73750929,126.409642
34.73740952,126.4097101,34.73750104,126.4096391
34.73739456,126.4096862,34.7374904,126.4096331
34.73738336,126.4096608,34.73747993,126.4096243
34.7373756,126.4096349,34.73747056,126.4096123
34.73737079,126.4096101,34.73746317,126.4095961
34.73736801,126.4095855,34.73745964,126.4095777
34.73736671,126.4095628,34.73745954,126.4095568
34.73736617,126.4095416,34.73746137,126.4095344
34.73736593,126.4095183,34.73746335,126.4095141
34.7373661,126.4094965,34.73746479,126.4094923
34.73736642,126.409474,34.73746551,126.4094711
34.73736666,126.4094521,34.73746594,126.4094492
34.73736679,126.4094304,34.73746617,126.4094273
34.7373669,126.409408,34.73746619,126.409406
34.73736699,126.4093863,34.73746621,126.409384
34.73736702,126.4093637,34.7374662,126.4093628
34.73736704,126.409342,34.7374663,126.4093408
34.73736707,126.4093201,34.73746646,126.409319
34.7373671,126.409298,34.73746671,126.4092974
34.73736713,126.4092762,34.73746697,126.4092755
34.73736715,126.4092541,34.73746721,126.4092539
34.73736718,126.4092319,34.73746746,126.4092323
34.73736718,126.40921,34.73746765,126.4092105
34.73736715,126.4091882,34.73746772,126.4091885
34.73736714,126.4091667,34.73746782,126.4091663
34.73736714,126.4091447,34.73746793,126.4091446
34.73736718,126.4091227,34.73746805,126.4091229
34.73736731,126.4091007,34.7374682,126.4091011
34.73736747,126.4090786,34.73746838,126.4090795
34.73736764,126.4090568,34.73746859,126.4090576
34.73736786,126.4090352,34.73746885,126.4090355
34.73736814,126.4090126,34.73746912,126.4090143
34.73736844,126.4089911,34.7374694,126.4089922
34.73736874,126.4089694,34.73746973,126.4089701
34.73736901,126.4089473,34.73747007,126.4089485
34.73736932,126.4089253,34.7374704,126.4089268
34.73736964,126.4089036,34.73747076,126.4089047
34.73736995,126.4088814,34.73747113,126.4088832
34.73737026,126.4088599,34.73747146,126.4088611
34.73737053,126.4088378,34.73747169,126.4088394
34.73737078,126.4088164,34.73747186,126.4088171
34.73737099,126.4087945,34.73747193,126.4087953
34.73737114,126.4087723,34.73747194,126.4087738
34.73737129,126.4087509,34.73747194,126.4087514
34.73737147,126.4087288,34.73747205,126.4087298
34.73737168,126.4087068,34.73747227,126.4087081
34.73737193,126.4086854,34.73747257,126.4086857
34.73737219,126.4086629,34.73747293,126.4086645
34.73737246,126.4086414,34.73747333,126.4086423
34.73737271,126.4086191,34.73747373,126.4086209
34.73737297,126.4085977,34.73747405,126.4085986
34.7373732,126.4085763,34.73747428,126.4085762
34.73737342,126.408554,34.73747444,126.4085548
34.73737362,126.4085325,34.73747452,126.4085326
34.73737379,126.4085101,34.73747452,126.4085113
34.7373739,126.4084889,34.73747445,126.4084887
34.73737395,126.4084669,34.73747434,126.408467
34.73737391,126.4084452,34.73747417,126.408445
34.73737379,126.4084241,34.73747393,126.4084224
34.73737351,126.4084026,34.73747354,126.4084001
34.73737303,126.4083806,34.737473,126.4083785
34.73737239,126.4083591,34.73747228,126.4083562
34.73737159,126.4083378,34.73747141,126.4083338
34.7373706,126.4083165,34.73747039,126.4083115
34.73736943,126.4082952,34.73746923,126.4082892
34.73736805,126.4082738,34.73746793,126.408267
34.7373665,126.4082528,34.73746645,126.4082444
34.73736473,126.4082316,34.73746484,126.4082221
34.73736277,126.4082101,34.73746307,126.4082001
34.73736072,126.4081885,34.73746121,126.4081782
34.73735853,126.4081662,34.7374593,126.408157
34.73735637,126.4081448,34.7374572,126.4081351
34.73735421,126.4081234,34.73745497,126.408113
34.737352,126.4081015,34.73745268,126.4080916
34.73734979,126.4080798,34.73745022,126.4080699
34.73734761,126.4080587,34.73744761,126.4080477
34.73734535,126.4080373,34.73744495,126.4080258
34.73734296,126.4080153,34.73744236,126.4080045
34.73734058,126.4079938,34.73743975,126.4079827
34.73733816,126.4079724,34.73743717,126.4079608
34.73733569,126.407951,34.73743462,126.4079389
34.73733308,126.4079288,34.73743224,126.4079178
34.73733057,126.4079074,34.73742979,126.4078958
34.73732797,126.4078855,34.73742743,126.4078745
34.73732548,126.4078642,34.73742501,126.4078524
34.73732289,126.4078425,34.73742263,126.4078308
34.73732031,126.407821,34.73742015,126.407809
34.73731775,126.4077998,34.73741763,126.407787
34.73731506,126.4077774,34.73741521,126.4077661
34.73731253,126.4077562,34.73741263,126.407744
34.73730991,126.407734,34.73741016,126.4077229
34.73730741,126.4077125,34.73740765,126.4077011
34.73730493,126.4076909,34.73740515,126.4076794
34.73730249,126.4076695,34.73740264,126.4076575
34.73730002,126.4076477,34.73740019,126.407636
34.73729758,126.4076259,34.73739774,126.4076145
34.73729517,126.4076045,34.73739522,126.4075925
34.73729269,126.4075828,34.73739276,126.4075709
34.73729015,126.407561,34.73739033,126.4075494
34.73728762,126.4075393,34.73738786,126.4075278
34.73728517,126.4075182,34.73738527,126.4075056
34.7372826,126.4074962,34.73738279,126.4074844
34.73728009,126.4074744,34.73738027,126.4074628
34.7372776,126.4074527,34.73737776,126.4074413
34.73727511,126.4074306,34.73737532,126.4074201
34.7372727,126.4074091,34.73737282,126.4073982
34.73727028,126.4073878,34.73737025,126.4073762
34.73726783,126.4073664,34.73736767,126.4073543
34.73726525,126.4073442,34.73736511,126.4073332
34.7372627,126.407323,34.73736235,126.4073112
34.73726004,126.4073023,34.73735944,126.4072887
34.73725713,126.407281,34.73735656,126.4072668
34.73725404,126.4072602,34.7373535,126.4072446
34.73725071,126.4072398,34.73735023,126.407222
34.73724688,126.4072189,34.73734684,126.4072
34.73724276,126.4071987,34.73734314,126.4071776
34.73723829,126.4071785,34.73733914,126.4071553
34.73723349,126.4071581,34.73733483,126.4071334
34.73722842,126.4071376,34.73733014,126.4071118
34.73722319,126.4071176,34.73732498,126.40709
34.73721759,126.4070977,34.7373194,126.4070683
34.73721161,126.4070779,34.73731337,126.4070469
34.73720539,126.4070585,34.73730687,126.4070253
34.7371989,126.4070392,34.73730008,126.407004
34.73719201,126.4070195,34.73729312,126.4069834
34.73718491,126.4070003,34.73728572,126.4069626
34.73717767,126.4069817,34.73727778,126.4069416
34.73717016,126.4069633,34.73726944,126.4069207
34.73716195,126.4069444,34.73726108,126.4069009
34.73715393,126.4069269,34.73725171,126.4068801
34.73714535,126.4069093,34.73724208,126.40686
34.73713618,126.4068916,34.73723228,126.4068405
34.73712688,126.4068745,34.73722194,126.406821
34.73711713,126.4068575,34.73721131,126.406802
34.73710715,126.406841,34.73720018,126.4067831
34.73709691,126.4068249,34.73718862,126.4067645
34.73708613,126.4068089,34.73717687,126.4067465
34.73707515,126.4067934,34.7371646,126.4067286
34.73706416,126.4067786,34.73715167,126.4067107
34.73705245,126.4067638,34.73713879,126.4066937
34.73704084,126.4067498,34.73712523,126.4066765
34.73702819,126.4067353,34.73711218,126.4066604
34.73701561,126.4067214,34.73709861,126.4066443
34.73700286,126.406708,34.73708471,126.4066284
34.73698988,126.4066948,34.7370705,126.406613
34.73697672,126.4066821,34.73705594,126.4065979
34.7369635,126.40667,34.7370409,126.406583
34.73694999,126.4066582,34.73702556,126.4065688
34.73693634,126.4066468,34.73700981,126.4065549
34.73692243,126.4066359,34.73699384,126.4065416
34.73690806,126.4066251,34.73697787,126.4065289
34.7368936,126.4066149,34.73696158,126.4065166
34.73687908,126.4066051,34.73694493,126.4065046
34.73686438,126.4065956,34.7369281,126.4064931
34.73684984,126.4065867,34.73691072,126.4064819
34.73683483,126.4065781,34.7368934,126.4064715
34.7368197,126.4065699,34.73687584,126.4064615
34.73680366,126.4065618,34.73685885,126.4064524
34.73678843,126.4065545,34.73684072,126.4064435
34.73677314,126.4065477,34.73682235,126.406435
34.73675777,126.4065414,34.7368038,126.4064269
34.73674206,126.4065353,34.73678534,126.4064194
34.7367264,126.4065298,34.73676662,126.4064123
34.73671069,126.4065246,34.73674771,126.4064057
34.7366949,126.40652,34.73672868,126.4063996
34.73667881,126.4065156,34.73670974,126.4063942
34.73666301,126.4065119,34.73669034,126.4063892
34.73664683,126.4065085,34.73667116,126.4063848
34.73663057,126.4065055,34.73665192,126.406381
34.73661493,126.4065031,34.73663195,126.4063776
34.73659825,126.406501,34.73661292,126.4063748
34.73658191,126.4064994,34.73659347,126.4063726
34.73656572,126.4064983,34.7365738,126.4063709
34.73654963,126.4064977,34.73655398,126.4063699
34.73653355,126.4064974,34.73653414,126.4063695
34.73651747,126.4064975,34.73651429,126.4063696
34.73650153,126.4064981,34.73649432,126.4063705
34.73648505,126.4064991,34.73647492,126.4063719
34.73646887,126.4065006,34.73645527,126.4063738
34.73645217,126.4065025,34.7364362,126.4063759
34.73643549,126.4065048,34.73641716,126.4063784
34.73641876,126.4065073,34.73639823,126.4063812
34.73640179,126.4065102,34.73637958,126.4063841
34.73638517,126.4065133,34.73636063,126.4063873
34.73636784,126.4065166,34.73634243,126.4063905
34.73635091,126.40652,34.73632391,126.4063941
34.73633407,126.4065235,34.73630533,126.406398
34.73631579,126.4065275,34.73628824,126.4064017
34.73629841,126.4065313,34.73627027,126.4064058
34.73628097,126.4065352,34.7362524,126.40641
34.7362641,126.406539,34.73623398,126.4064144
34.73624685,126.406543,34.73621596,126.4064188
34.73622908,126.4065473,34.73619849,126.406423
34.73621241,126.4065515,34.73617998,126.4064277
34.73619631,126.4065559,34.736161,126.4064328
34.73618054,126.4065605,34.73614183,126.4064384
34.73616464,126.4065656,34.73612302,126.4064446
34.73614901,126.406571,34.73610414,126.4064513
34.73613367,126.4065768,34.73608518,126.4064586
34.7361184,126.406583,34.73606643,126.4064665
34.73610348,126.4065896,34.73604769,126.4064752
34.73608805,126.4065971,34.73602984,126.4064842
34.73607329,126.4066049,34.7360117,126.406494
34.73605854,126.4066133,34.73599403,126.4065044
34.73604454,126.406622,34.73597616,126.4065159
34.73603062,126.4066313,34.7359588,126.4065281
34.73601705,126.4066411,34.73594171,126.4065411
34.7360036,126.4066516,34.73592522,126.4065547
34.73599031,126.4066628,34.7359093,126.4065691
34.73597759,126.4066742,34.73589362,126.4065844
34.73596485,126.4066865,34.73587876,126.4066001
34.73595261,126.4066991,34.73586427,126.4066167
34.73594063,126.4067123,34.73585036,126.4066339
34.73592882,126.406726,34.73583708,126.4066515
34.73591723,126.4067404,34.7358245,126.4066693
34.73590597,126.4067555,34.73581247,126.4066875
34.73589571,126.4067704,34.73580039,126.4067069
34.73588573,126.4067858,34.73578892,126.4067266
34.73587595,126.4068022,34.73577814,126.4067461
34.73586665,126.406819,34.73576787,126.4067659
34.73585808,126.4068359,34.73575791,126.4067865
34.73584983,126.4068534,34.73574865,126.4068072
34.73584227,126.4068708,34.73573985,126.4068287
34.73583514,126.4068886,34.73573183,126.4068506
34.73582809,126.4069078,34.7357248,126.4068715
34.7358218,126.4069267,34.73571804,126.4068934
34.73581611,126.4069456,34.73571182,126.4069158
34.73581099,126.4069646,34.73570618,126.4069385
34.73580644,126.4069839,34.73570115,126.4069613
34.73580242,126.4070036,34.73569676,126.4069841
34.73579893,126.4070238,34.73569303,126.4070067
34.73579611,126.4070435,34.73568986,126.4070301
34.7357938,126.4070634,34.73568745,126.4070536
34.735792,126.4070838,34.73568581,126.4070767
34.73579081,126.4071038,34.73568485,126.4071004
34.73579023,126.4071245,34.73568455,126.4071234
34.73579024,126.4071449,34.73568489,126.4071466
34.73579082,126.4071656,34.73568589,126.4071697
34.73579191,126.4071856,34.73568753,126.4071933
34.73579355,126.4072058,34.73568985,126.4072165
34.73579577,126.407226,34.73569295,126.4072396
34.73579866,126.4072466,34.73569666,126.407262
34.73580206,126.4072668,34.73570105,126.4072845
34.73580597,126.4072866,34.73570604,126.407307
34.73581038,126.4073061,34.73571156,126.4073295
34.73581532,126.4073254,34.7357175,126.4073519
34.7358208,126.407345,34.73572361,126.4073737
34.73582657,126.407364,34.73573012,126.4073958
34.73583288,126.4073834,34.73573677,126.4074171
34.73583981,126.4074036,34.73574338,126.4074374
34.73584695,126.4074238,34.73575018,126.4074576
34.7358539,126.4074428,34.73575745,126.4074787
34.73586109,126.4074622,34.7357647,126.4074993
34.73586842,126.4074816,34.73577201,126.4075199
34.73587607,126.4075014,34.73577916,126.4075399
34.73588392,126.4075217,34.73578623,126.4075594
34.73589133,126.4075406,34.73579385,126.4075802
34.73589884,126.4075596,34.73580151,126.4076008
34.73590645,126.4075788,34.7358092,126.4076212
34.73591463,126.4075992,34.73581646,126.4076403
34.7359227,126.4076195,34.73582381,126.4076594
34.73593044,126.407639,34.73583148,126.4076794
34.73593804,126.4076582,34.73583932,126.4076997
34.73594579,126.4076778,34.735847,126.4077195
34.73595392,126.4076983,34.73585434,126.4077385
34.73596199,126.4077189,34.73586171,126.4077575
34.73596951,126.4077379,34.73586963,126.4077779
34.73597742,126.4077581,34.73587711,126.4077972
34.73598519,126.4077779,34.73588469,126.407817
34.73599292,126.4077976,34.73589231,126.4078367
34.73600069,126.4078175,34.73589988,126.4078564
34.73600836,126.4078372,34.73590754,126.4078762
34.73601613,126.4078573,34.73591511,126.4078957
34.7360237,126.4078769,34.73592288,126.4079156
34.73603143,126.4078971,34.73593047,126.407935
34.73603901,126.4079169,34.73593819,126.4079548
34.73604658,126.4079366,34.73594593,126.4079746
34.73605381,126.4079553,34.73595409,126.4079954
34.73606157,126.4079753,34.73596172,126.4080149
34.73606939,126.4079954,34.73596929,126.4080343
34.736077,126.408015,34.73597703,126.4080543
34.73608487,126.4080352,34.73598451,126.4080736
34.73609218,126.408054,34.73599254,126.4080943
34.73610001,126.4080741,34.73600005,126.4081138
34.73610788,126.4080944,34.73600749,126.4081331
34.7361154,126.4081139,34.73601522,126.4081532
34.73612319,126.4081342,34.73602262,126.4081725
34.73613066,126.4081537,34.73603034,126.4081926
34.73613818,126.4081735,34.736038,126.4082125
34.7361459,126.4081937,34.73604546,126.4082319
34.73615337,126.4082133,34.73605316,126.408252
34.73616095,126.4082331,34.73606072,126.4082718
34.73616861,126.4082532,34.73606822,126.4082914
34.73617605,126.4082726,34.73607595,126.4083116
34.73618379,126.4082928,34.73608338,126.4083309
34.73619129,126.4083125,34.73609103,126.4083509
34.73619882,126.4083324,34.73609855,126.4083708
34.73620635,126.4083522,34.73610606,126.4083906
34.73621379,126.4083718,34.73611371,126.4084108
34.73622142,126.4083918,34.73612121,126.4084304
34.73622904,126.4084118,34.73612869,126.4084501
34.73623663,126.4084318,34.73613617,126.4084698
34.7362442,126.4084518,34.73614364,126.4084895
34.73625157,126.4084712,34.73615133,126.4085098
34.73625925,126.4084915,34.73615875,126.4085292
34.73626665,126.408511,34.73616645,126.4085493
34.73627421,126.4085309,34.73617403,126.4085691
34.73628196,126.4085512,34.73618143,126.4085884
34.73628925,126.4085703,34.73618926,126.408609
34.73629684,126.4085902,34.73619681,126.4086288
34.73630443,126.40861,34.73620438,126.4086486
34.73631202,126.4086298,34.73621192,126.4086685
34.73631981,126.4086502,34.73621926,126.4086877
34.73632715,126.4086694,34.73622705,126.4087082
34.7363347,126.4086892,34.73623462,126.408728
34.73634224,126.408709,34.73624218,126.4087479
34.73634972,126.4087289,34.73624974,126.4087678
34.73635746,126.4087494,34.736257,126.408787
34.73636476,126.4087688,34.73626469,126.4088073
34.73637239,126.4087891,34.73627205,126.4088268
34.73637983,126.4088089,34.73627961,126.4088467
34.73638726,126.4088287,34.7362872,126.4088666
34.73639482,126.4088489,34.73629463,126.4088862
34.73640206,126.4088683,34.73630236,126.4089065
34.73640974,126.4088888,34.73630965,126.4089257
34.73641709,126.4089084,34.73631728,126.4089459
34.73642459,126.4089282,34.73632478,126.4089658
34.73643203,126.4089478,34.73633233,126.4089859
34.73643981,126.4089683,34.73633953,126.4090052
34.73644715,126.4089877,34.73634714,126.4090256
34.73645466,126.4090075,34.7363546,126.4090455
34.73646206,126.4090271,34.73636215,126.4090657
34.73646979,126.4090475,34.73636939,126.409085
34.73647716,126.409067,34.73637697,126.4091053
34.7364848,126.4090872,34.73638427,126.4091249
34.7364922,126.4091069,34.73639181,126.4091449
34.73649979,126.409127,34.7363992,126.4091646
34.73650719,126.4091467,34.73640676,126.4091846
34.73651469,126.4091666,34.73641423,126.4092045
34.73652213,126.4091865,34.73642174,126.4092244
34.73652974,126.4092068,34.73642912,126.4092438
34.73653706,126.4092263,34.73643677,126.4092641
34.7365446,126.4092464,34.73644419,126.4092837
34.73655194,126.4092661,34.73645179,126.4093038
34.73655943,126.409286,34.7364593,126.4093236
34.73656688,126.4093058,34.73646686,126.4093436
34.73657431,126.4093254,34.73647449,126.4093636
34.73658195,126.4093455,34.73648195,126.4093833
34.73658923,126.4093645,34.73648979,126.4094039
34.73659711,126.4093851,34.73649706,126.409423
34.73660449,126.4094043,34.73650481,126.4094434
34.73661229,126.4094247,34.73651214,126.4094627
34.73661966,126.4094439,34.73651992,126.4094831
34.73662755,126.4094645,34.7365272,126.4095022
34.73663476,126.4094832,34.73653519,126.4095231
34.73664266,126.4095037,34.73654253,126.4095422
34.73665023,126.4095232,34.73655022,126.4095622
34.7366578,126.4095427,34.73655793,126.4095823
34.73666572,126.409563,34.7365653,126.4096016
34.73667326,126.4095825,34.73657302,126.4096217
34.73668114,126.4096027,34.7365804,126.409641
34.73668864,126.4096221,34.73658814,126.4096613
34.73669635,126.4096421,34.73659566,126.4096809
34.73670391,126.4096616,34.73660334,126.4097009
34.73671167,126.4096818,34.73661078,126.4097204
34.73671916,126.4097014,34.73661848,126.4097405
34.73672678,126.4097212,34.73662601,126.4097602
34.73673448,126.4097414,34.73663344,126.4097798
34.73674214,126.4097615,34.73664087,126.4097994
34.73674953,126.4097808,34.73664855,126.4098197
34.73675703,126.4098007,34.73665605,126.4098396
34.73676462,126.4098207,34.73666347,126.4098593
34.73677216,126.4098406,34.73667089,126.4098791
34.73677969,126.4098605,34.73667833,126.409899
34.73678719,126.4098803,34.73668584,126.4099189
34.7367948,126.4099005,34.73669323,126.4099385
34.73680227,126.4099203,34.73670075,126.4099584
34.73680986,126.4099405,34.73670816,126.4099779
34.73681727,126.4099602,34.73671571,126.4099979
34.73682467,126.40998,34.73672327,126.410018
34.73683204,126.4099997,34.73673086,126.410038
34.73683955,126.4100198,34.7367383,126.4100576
34.73684708,126.41004,34.73674574,126.4100772
34.73685442,126.4100597,34.7367534,126.4100972
34.73686176,126.4100794,34.73676106,126.4101173
34.73686911,126.4100991,34.73676874,126.4101373
34.73687668,126.4101193,34.73677622,126.4101568
34.73688417,126.4101392,34.73678381,126.4101766
34.73689157,126.4101588,34.7367915,126.4101966
34.73689905,126.4101786,34.7367991,126.4102165
34.73690637,126.410198,34.73680684,126.4102369
34.73691412,126.4102184,34.73681416,126.4102561
34.73692155,126.410238,34.73682179,126.4102763
34.73692922,126.4102582,34.73682915,126.4102958
34.73693674,126.4102779,34.73683666,126.4103158
34.73694417,126.4102975,34.73684426,126.4103359
34.73695193,126.4103179,34.73685154,126.4103552
34.73695934,126.4103374,34.73685913,126.4103754
34.73696676,126.4103569,34.73686673,126.4103956
34.7369745,126.4103772,34.73687402,126.410415
34.73698191,126.4103967,34.73688166,126.4104353
34.73698963,126.4104169,34.73688899,126.4104548
34.73699701,126.4104362,34.73689666,126.4104752
34.7370047,126.4104563,34.73690403,126.4104948
34.73701238,126.4104764,34.73691145,126.4105144
34.73701981,126.4104958,34.73691912,126.4105347
34.73702742,126.4105155,34.73692664,126.4105546
34.73703515,126.4105354,34.73693414,126.4105743
34.73704292,126.4105552,34.73694172,126.4105941
34.73705049,126.4105742,34.73694968,126.4106145
34.7370585,126.4105938,34.73695746,126.4106342
34.73706629,126.4106124,34.73696577,126.4106547
34.73707443,126.4106312,34.73697414,126.4106747
34.73708268,126.4106497,34.73698278,126.4106948
34.73709134,126.4106685,34.73699145,126.4107143
34.73709982,126.4106863,34.73700076,126.4107345
34.73710875,126.4107043,34.73701013,126.4107541
34.73711791,126.4107222,34.73701979,126.4107735
34.73712732,126.4107398,34.73702971,126.4107927
34.73713687,126.4107572,34.73704003,126.4108118
34.73714669,126.4107742,34.73705065,126.4108307
34.73715676,126.410791,34.73706157,126.4108494
34.73716724,126.4108079,34.73707262,126.4108675
34.73717797,126.4108246,34.73708396,126.4108853
34.73718845,126.4108405,34.737096,126.4109035
34.73720005,126.4108575,34.73710735,126.4109202
34.73721097,126.4108729,34.73711981,126.4109379
34.73722242,126.4108886,34.73713217,126.410955
34.73723381,126.4109036,34.73714503,126.4109722
34.73724545,126.4109184,34.73715809,126.4109892
34.73725744,126.410933,34.73717129,126.4110058
34.73726948,126.4109472,34.73718493,126.4110222
34.73728227,126.4109617,34.73719826,126.4110377
34.7372953,126.4109759,34.73721179,126.4110529
34.73730774,126.4109891,34.7372263,126.4110687
34.73732134,126.4110029,34.73724008,126.4110832
34.73733407,126.4110154,34.73725515,126.4110984
34.73734756,126.4110281,34.7372699,126.4111127
34.73736127,126.4110405,34.73728484,126.4111267
34.73737517,126.4110526,34.73729997,126.4111403
34.73738899,126.4110642,34.73731558,126.4111539
34.73740319,126.4110756,34.7373312,126.4111668
34.73741745,126.4110866,34.73734712,126.4111796
34.73743211,126.4110975,34.73736298,126.4111918
34.73744645,126.4111077,34.73737948,126.411204
34.73746093,126.4111176,34.73739618,126.4112159
34.73747598,126.4111274,34.73741264,126.411227
34.73749119,126.4111369,34.73742928,126.4112378
34.73750607,126.4111458,34.73744653,126.4112485
34.73752122,126.4111545,34.73746378,126.4112587
34.73753643,126.4111628,34.73748122,126.4112686
34.73755208,126.411171,34.73749845,126.411278
34.73756753,126.4111788,34.73751611,126.4112873
34.7375838,126.4111865,34.73753319,126.4112958
34.73759925,126.4111936,34.73755129,126.4113044
34.73761482,126.4112003,34.73756947,126.4113126
34.73763065,126.4112068,34.73758761,126.4113204
34.73764661,126.411213,34.73760583,126.4113277
34.73766269,126.4112188,34.73762413,126.4113346
34.73767883,126.4112243,34.73764258,126.411341
34.73769505,126.4112294,34.73766112,126.4113469
34.73771134,126.4112341,34.73767976,126.4113524
34.73772768,126.4112386,34.73769852,126.4113574
34.73774412,126.4112426,34.73771733,126.4113618
34.73776063,126.4112464,34.73773619,126.4113658
34.73777674,126.4112496,34.73775556,126.4113694
34.73779326,126.4112525,34.73777463,126.4113726
34.73781005,126.411255,34.73779351,126.4113753
34.7378265,126.4112571,34.7378128,126.4113778
34.73784289,126.4112588,34.73783218,126.41138
34.73785952,126.4112602,34.7378514,126.4113818
34.73787614,126.4112612,34.73787065,126.4113833
34.73789277,126.4112617,34.73788993,126.4113845
34.7379094,126.411262,34.73790921,126.4113852
34.73792613,126.4112619,34.73792842,126.4113857
34.73794322,126.4112615,34.73794726,126.4113858
34.73796048,126.4112609,34.73796592,126.4113857
34.7379778,126.41126,34.73798452,126.4113853
34.73799516,126.411259,34.73800307,126.4113848
34.7380125,126.4112578,34.73802162,126.411384
34.73803032,126.4112565,34.73803969,126.411383
34.73804704,126.4112552,34.73805884,126.4113818
34.73806526,126.4112536,34.73807647,126.4113805
34.73808215,126.4112521,34.73809544,126.4113791
34.73810096,126.4112504,34.73811247,126.4113778
34.7381192,126.4112489,34.73813008,126.4113764
34.73813719,126.4112474,34.73814794,126.4113749
34.73815526,126.411246,34.73816572,126.4113733
34.73817328,126.4112448,34.73818355,126.4113717
34.73819078,126.4112436,34.73820189,126.4113698
34.73820935,126.4112422,34.73821916,126.4113681
34.73822714,126.411241,34.73823722,126.4113664
34.73824389,126.4112397,34.73825633,126.4113649
34.73826257,126.4112383,34.73827353,126.411364
34.73828156,126.4112371,34.73829045,126.4113643
34.73830145,126.4112362,34.73830645,126.411366
34.73832296,126.411236,34.7383207,126.4113692
34.73834669,126.4112376,34.73833249,126.4113733
34.73837275,126.4112422,34.7383415,126.4113777
34.73840278,126.4112525,34.73834573,126.4113802
34.73843027,126.4112686,34.73835043,126.4113835
34.73845667,126.411293,34.73835275,126.4113853
34.73847622,126.4113213,34.73835725,126.4113892
34.73848943,126.4113528,34.73836265,126.4113947
34.7384963,126.41138,34.73837138,126.4114065
34.73850056,126.4114042,34.7383793,126.4114231
34.73850337,126.4114261,34.73838416,126.4114439
34.73850575,126.41145,34.73838594,126.4114634
34.73850747,126.4114728,34.73838663,126.4114842
34.73850886,126.4114937,34.73838698,126.4115069
34.73851017,126.4115153,34.73838761,126.411529
34.73851149,126.4115369,34.73838864,126.4115509
34.73851294,126.4115593,34.73838982,126.4115722
34.73851431,126.4115809,34.73839117,126.4115941
34.73851556,126.4116034,34.73839262,126.4116152
34.73851681,126.411625,34.73839419,126.4116372
34.73851819,126.4116484,34.73839564,126.4116574
34.73851943,126.4116699,34.73839726,126.4116794
34.7385207,126.4116916,34.73839877,126.4117013
34.73852198,126.4117128,34.73840027,126.4117237
34.73852344,126.4117354,34.73840159,126.4117447
34.73852484,126.4117579,34.73840285,126.4117658
34.73852614,126.4117791,34.73840417,126.4117883
34.73852755,126.4118011,34.73840541,126.4118099
34.73852893,126.411823,34.73840662,126.4118315
34.73853026,126.4118446,34.73840783,126.4118536
34.73853156,126.4118662,34.73840903,126.4118756
34.73853294,126.4118887,34.73841018,126.4118967
34.73853427,126.4119107,34.73841133,126.4119183
34.73853558,126.4119328,34.73841251,126.4119398
34.73853689,126.4119544,34.73841372,126.4119619
34.73853818,126.4119765,34.73841492,126.4119833
34.73853946,126.4119986,34.73841612,126.4120049
34.73854064,126.4120203,34.73841736,126.4120268
34.73854176,126.4120425,34.73841859,126.4120483
34.73854281,126.4120643,34.73841987,126.4120701
34.73854387,126.4120861,34.73842117,126.4120919
34.73854493,126.4121071,34.7384225,126.4121145
34.73854612,126.4121294,34.73842373,126.4121359
34.73854731,126.412151,34.73842496,126.4121579
34.73854851,126.412173,34.73842618,126.4121796
34.73854969,126.4121947,34.73842736,126.4122014
34.73855089,126.4122166,34.73842852,126.4122232
34.7385521,126.412239,34.73842963,126.4122444
34.73855323,126.4122604,34.73843079,126.4122667
34.73855437,126.4122817,34.73843195,126.412289
34.73855556,126.4123037,34.73843308,126.4123106
34.73855676,126.4123257,34.73843422,126.4123322
34.73855795,126.4123471,34.73843541,126.4123545
34.73855918,126.4123688,34.7384366,126.4123765
34.73856046,126.4123906,34.7384378,126.4123982
34.73856177,126.4124124,34.73843902,126.41242
34.73856307,126.4124342,34.73844025,126.4124419
34.73856429,126.4124559,34.73844146,126.4124638
34.73856555,126.4124785,34.73844262,126.4124848
34.73856674,126.4125002,34.73844384,126.4125068
34.73856791,126.4125218,34.73844508,126.4125288
34.73856909,126.4125433,34.73844633,126.4125509
34.73857034,126.4125658,34.73844755,126.4125721
34.73857152,126.4125872,34.73844884,126.4125942
34.73857273,126.4126095,34.73845008,126.4126155
34.73857386,126.4126309,34.73845136,126.4126378
34.73857499,126.4126532,34.73845261,126.4126591
34.73857604,126.4126748,34.73845392,126.4126811
34.73857709,126.4126969,34.73845521,126.4127027
34.73857812,126.4127191,34.7384565,126.4127241
34.73857913,126.4127406,34.73845785,126.4127463
34.73858022,126.412762,34.73845921,126.4127685
34.73858136,126.4127834,34.73846058,126.4127907
34.73858259,126.4128056,34.73846187,126.4128121
34.73858383,126.4128278,34.73846312,126.4128336
34.73858503,126.412849,34.73846442,126.412856
34.7385863,126.412871,34.73846566,126.4128776
34.73858755,126.412893,34.73846689,126.4128992
34.73858874,126.412915,34.73846808,126.4129209
34.73858993,126.4129365,34.73846929,126.412943
34.73859118,126.4129584,34.73847047,126.4129647
34.7385924,126.4129794,34.73847168,126.4129873
34.7385937,126.4130011,34.73847285,126.4130092
34.73859504,126.4130237,34.73847396,126.4130303
34.73859632,126.4130453,34.73847511,126.4130523
34.7385976,126.4130669,34.73847628,126.4130743
34.73859889,126.4130884,34.73847745,126.4130964
34.73860021,126.4131109,34.73847861,126.4131176
34.73860147,126.4131332,34.73847977,126.4131389
34.73860267,126.4131547,34.738481,126.413161
34.73860383,126.4131761,34.73848227,126.4131832
34.73860503,126.4131985,34.73848352,126.4132045
34.73860616,126.4132198,34.7384848,126.4132268
