In_x,In_y,Out_x,Out_y,Center_x,Center_y
-0.32515835,6.753781355,0.32515835,-6.753781355,0,0
4.665789073,7.051833898,5.314825082,-6.429466588,4.990307077,0.311183655
9.656802533,7.349887968,10.30442588,-6.105155086,9.980614209,0.622366441
14.64778326,7.64793856,15.29405996,-5.78084865,14.97092161,0.933544955
19.63876869,7.945994269,20.28368819,-5.456529159,19.96122844,1.244732555
24.62974399,8.244045165,25.27332734,-5.132217464,24.95153566,1.55591385
29.62075528,8.542097582,30.26293044,-4.80790648,29.94184286,1.867095551
34.61170508,8.84015179,35.25259508,-4.483597932,34.93215008,2.178276929
39.60269608,9.138202996,40.24221838,-4.159284077,39.92245723,2.489459459
44.59371187,9.436255682,45.23181707,-3.834974624,44.91276447,2.800640529
49.58464667,9.734308994,50.22149667,-3.510664684,49.90307167,3.111822155
54.57567275,10.03236229,55.2110846,-3.186348356,54.89337868,3.423006969
59.56666926,10.33041383,60.20070288,-2.862042715,59.88368607,3.734185557
64.55763363,10.62846891,65.19035214,-2.537722088,64.87399289,4.04537341
69.54861441,10.9265195,70.17998627,-2.213417469,69.86430034,4.356551018
74.53964048,11.2245728,75.16957419,-1.889100794,74.85460733,4.667736005
79.5305753,11.52262612,80.1592538,-1.5647912,79.84491455,4.978917458
84.52160156,11.82067943,85.14884191,-1.240480719,84.83522174,5.290099355
89.51258208,12.11873001,90.13847579,-0.916167892,89.82552893,5.601281058
94.50356253,12.41678605,95.12810954,-0.591857353,94.81583604,5.912464347
99.49454297,12.71483662,100.1177433,-0.267541625,99.80614314,6.223647499
104.4855559,13.01288994,105.1073449,0.056765955,104.7964504,6.534827947
109.4765039,13.31094324,110.0970109,0.381083172,109.7867574,6.846013205
114.4675034,13.60899495,115.0866261,0.70539048,114.7770647,7.157192715
119.4584966,13.90704798,120.0762472,1.029701202,119.7673719,7.468374594
124.4494455,14.20510044,125.0659125,1.354015531,124.757679,7.779557987
129.4404719,14.50315376,130.0555007,1.67832311,129.7479863,8.090738435
134.4314545,14.80120706,135.0451319,2.002641798,134.7382932,8.401924428
139.4224327,15.09926037,140.0347683,2.326949378,139.7286005,8.713104876
144.413417,15.39731118,145.0243982,2.651264423,144.7189076,9.024287801
149.4044103,15.695366,150.0140193,2.975574573,149.7092148,9.335470287
154.3953743,15.99341758,155.0036698,3.29988425,154.699522,9.646650913
159.3864004,16.29147088,159.9932578,3.624198954,159.6898291,9.957834916
164.3773444,16.58952366,164.9829284,3.948505944,164.6801364,10.2690148
169.3683615,16.8875775,169.9725255,4.272819918,169.6704435,10.58019871
174.3593421,17.18562809,174.9621594,4.597129841,174.6607508,10.89137896
179.3503241,17.48368403,179.9517916,4.921440277,179.6510579,11.20256215
184.341303,17.7817347,184.941427,5.245756109,184.641365,11.5137454
189.3323106,18.0797869,189.9310337,5.570067009,189.6316722,11.82492695
194.3232638,18.37784131,194.9206945,5.894382377,194.6219792,12.13611185
199.3142515,18.67589232,199.9103217,6.21868744,199.6122866,12.44728988
204.3052708,18.97394521,204.8999166,6.543000921,204.6025937,12.75847307
209.2962055,19.27199852,209.8895962,6.867313264,209.5929008,13.06965589
214.2872319,19.57005184,214.8791844,7.191620996,214.5832081,13.38083642
219.2782244,19.86810314,219.868806,7.515937356,219.5735152,13.69202025
224.2691927,20.16615845,224.8584519,7.840247111,224.5638223,14.00320278
229.2601732,20.46420903,229.8480857,8.16456284,229.5541294,14.31438593
234.2511995,20.76226235,234.8376739,8.488870419,234.5444367,14.62556638
239.2421342,21.06031565,239.8273534,8.813184887,239.5347438,14.93675027
244.2331604,21.35836896,244.8169414,9.137496687,244.5250509,15.24793282
249.2241383,21.65641972,249.8065784,9.461802183,249.5153583,15.55911095
254.2151213,21.95447557,254.796209,9.786122955,254.5056651,15.87029926
259.2061021,22.25252617,259.7858431,10.11042757,259.4959726,16.18147687
264.1971074,22.55057946,264.7754516,10.43474626,264.4862795,16.49266286
269.188063,22.84863278,269.7651106,10.75905384,269.4765868,16.80384331
274.1790586,23.14668426,274.7547293,11.08336687,274.466894,17.11502557
279.1700518,23.44473773,279.7443504,11.4076783,279.4572011,17.42620802
284.1610046,23.74278999,284.7340123,11.73198596,284.4475084,17.73738798
289.1520306,24.04084329,289.7236001,12.05630342,289.4378154,18.04857335
294.1430063,24.3388966,294.713239,12.380611,294.4281227,18.3597538
299.1339915,24.6369499,299.7028677,12.70492969,299.4184296,18.67093979
304.1249725,24.9350005,304.6925016,13.02923432,304.4087371,18.98211741
309.1159655,25.23305575,309.6821225,13.35355198,309.399044,19.29330386
314.1069332,25.53110711,314.6717693,13.67786057,314.3893513,19.60448384
319.0979595,25.82916042,319.6613575,14.00216993,319.3796585,19.91566518
324.0888995,26.1272134,324.6510315,14.32648649,324.3699655,20.22684994
329.0799204,26.42526704,329.6406251,14.65079442,329.3602727,20.53803073
334.0709008,26.72331761,334.6302589,14.97511015,334.3505799,20.84921388
339.0495516,27.04613759,339.6302573,15.3046947,339.3399045,21.17541614
344.0843698,27.37743784,344.5739488,15.62809773,344.3291593,21.50276778
349.0341359,27.70259506,349.6034061,15.94646963,349.318771,21.82453235
354.01538,28.0266271,354.6018263,16.25899548,354.3086032,22.14281129
359.0187282,28.35613427,359.5778298,16.57051605,359.298279,22.46332516
364.0151172,28.6903692,364.5598148,16.8931226,364.287466,22.7917459
368.9955909,29.04029361,369.5560077,17.22518001,369.2757993,23.13273681
374.0424434,29.40240424,374.4854427,17.55070347,374.2639431,23.47655386
378.9164677,29.75406132,379.5871247,17.89523115,379.2517962,23.82464623
383.9690638,30.12306594,384.509464,18.23301866,384.2392639,24.1780423
388.9183611,30.48605753,389.5354331,18.57217714,389.2268971,24.52911733
393.9034446,30.8548253,394.5259532,18.90082953,394.2146989,24.87782741
398.8900795,31.22473805,399.5152881,19.22233976,399.2026838,25.2235389
403.9122932,31.58814937,404.4695338,19.54394306,404.1909135,25.56604622
408.9286779,31.94815428,409.4294134,19.8717432,409.1790456,25.90994874
413.8426576,32.29893377,414.4913278,20.21433695,414.1669927,26.25663536
418.9352948,32.65336134,419.3749896,20.54769093,419.1551422,26.60052613
423.8320002,32.98652159,424.4557342,20.88529517,424.1438672,26.93590838
428.8134727,33.32905533,429.452258,21.20531949,429.1328654,27.26718741
433.8767901,33.68907022,434.3665426,21.513854,434.1216664,27.60146211
438.8360523,34.04171948,439.3849197,21.82907698,439.110486,27.93539823
443.8629379,34.39084985,444.3361088,22.14114244,444.0995233,28.26599614
448.8336742,34.72532097,449.3435337,22.46637638,449.088604,28.59584867
453.7772513,35.05035023,454.3779774,22.80357251,454.0776143,28.92696137
458.8045644,35.37305744,459.3291303,23.13636652,459.0668473,29.25471198
463.8219221,35.68526367,464.2910899,23.46660071,464.056506,29.57593219
468.7472968,35.98775008,469.3449294,23.80816645,469.0461131,29.89795827
473.7537399,36.3109137,474.3164419,24.14791864,474.0350909,30.22941617
478.763887,36.65029332,479.2834867,24.48314314,479.0236868,30.56671823
483.7080225,36.99364246,484.3179656,24.79252822,484.0129941,30.89308534
488.6876355,37.34454837,489.3189997,25.06162658,489.0033176,31.20308747
493.6829255,37.70176418,494.3008156,25.37879559,493.9918705,31.54027988
498.6851808,38.06249881,499.2703131,25.76817856,498.9777469,31.91533869
503.6221925,38.43844431,504.2957768,26.25595742,503.9589846,32.34720087
508.599345,38.85204961,509.2662361,26.86267653,508.9327905,32.85736307
513.3404421,39.3591511,514.4567227,27.51917717,513.8985824,33.43916413
517.6648237,40.22237364,519.9814323,28.35491985,518.823128,34.28864674
521.6954445,41.71013694,525.4722084,29.86441312,523.5838265,35.78727503
525.0869677,43.75129756,530.8971387,32.48845058,527.9920532,38.11987407
527.7618987,46.2719651,535.9437546,36.27373767,531.8528266,41.27285138
529.8330893,49.2125261,540.2836148,40.96341154,535.058352,45.08796882
531.1863646,52.21922444,543.8671474,46.60814674,537.526756,49.41368559
531.9205674,55.34642314,546.0870989,52.99469229,539.0038331,54.17055771
532.2037385,59.02376959,546.5607321,59.26939138,539.3822353,59.14658048
531.9719089,62.75509171,545.5746438,65.44535853,538.7732764,64.10022512
531.3001573,66.08354968,543.2046402,71.61622243,537.2523987,68.84988605
529.9692698,69.43346608,540.0709591,77.1915465,535.0201144,73.31250629
528.0368809,72.50096297,536.1739565,82.22930992,532.1054187,77.36513644
525.4146954,75.23940257,531.4990636,86.28773707,528.4568795,80.76356982
522.2061346,77.38454634,526.0160387,89.02752094,524.1110866,83.20603364
518.1974465,79.0132706,520.6161535,90.76071201,519.4068,84.8869913
513.8116733,80.05646558,515.2763528,92.02994481,514.544013,86.04320519
509.0750116,80.83523539,510.1632288,92.96419196,509.6191202,86.89971368
504.5050315,81.44704726,504.8433056,93.799533,504.6741686,87.62329013
499.3963557,82.10755374,500.0509988,94.48716237,499.7236772,88.29735806
494.3609815,82.84713877,495.192993,95.16958925,494.7769872,89.00836401
489.2827202,83.65573875,490.3850079,95.84795758,489.8338641,89.75184816
484.1969706,84.46940558,485.5835394,96.52907117,484.890255,90.49923838
479.3033182,85.23941886,480.5894685,97.25311781,479.9463934,91.24626833
474.3856294,86.00153783,475.6227875,98.00680844,475.0042084,92.00417314
469.4310514,86.76588354,470.6978133,98.78894939,470.0644323,92.77741647
464.5179954,87.51738676,465.736216,99.61350567,465.1271057,93.56544622
459.5500178,88.27218765,460.8332671,100.4564002,460.1916424,94.3642939
454.60783,89.08392236,455.9123386,101.2909062,455.2600843,95.18741429
449.6955677,89.92006699,450.9652275,102.1226995,450.3303976,96.02138326
444.7735814,90.78294877,446.0270399,102.9238738,445.4003106,96.85341129
439.8428648,91.61235696,441.0857842,103.6856818,440.4643245,97.64901936
434.9370079,92.42053548,436.1143281,104.4351385,435.525668,98.42783701
429.9493831,93.2443912,431.236047,105.232318,430.5927151,99.23835462
424.7806415,94.29569191,426.6379775,106.301031,425.7093095,100.2983615
419.3482916,96.14762833,422.6736577,107.8173033,421.0109746,101.9824658
414.1049532,99.3873079,419.5409466,109.9803679,416.8229499,104.6838379
409.5926723,104.3134401,417.4815059,112.5337217,413.5370891,108.4235809
406.5858635,110.6782453,416.4643072,115.2776909,411.5250854,112.9779681
405.5276984,117.3341585,416.3063781,118.5056383,410.9170382,117.9198984
406.0435748,123.8068693,417.0510086,121.9131083,411.5472917,122.8599888
407.7144372,129.8159473,418.3139704,125.440506,413.0142038,127.6282266
409.5579536,134.6274192,420.0683345,129.9500317,414.8131441,132.2887255
411.3938922,139.4386538,421.818839,134.4665349,416.6063656,136.9525944
413.2538647,144.3154832,423.4873967,138.943779,418.3706307,141.6296311
415.0445456,149.0723841,425.1640589,143.5657794,420.1043022,146.3190817
416.770173,153.7613183,426.8556145,148.2745249,421.8128938,151.0179216
418.5234943,158.4778695,428.5659043,152.9388162,423.5446993,155.7083428
420.335912,163.2457501,430.2858581,157.5261899,425.3108851,160.38597
422.1398642,167.9056004,432.066438,162.2017638,427.1031511,165.0536821
423.9808943,172.6002436,433.8484611,166.827635,428.9146777,169.7139393
425.7727407,177.1710288,435.6653905,171.5829415,430.7190656,174.3769852
427.5986001,181.8610079,437.4171222,176.2310327,432.5078611,179.0460203
429.3313814,186.4172818,439.2030871,181.0350738,434.2672342,183.7261778
430.6060097,190.4427691,440.9878843,186.5267154,435.796947,188.4847422
431.3000782,194.1412371,442.3033867,192.6156112,436.8017325,193.3784242
431.3147547,197.3940003,442.4831505,199.3411951,436.8989526,198.3675977
430.6502026,200.6185711,441.0417253,205.8695669,435.8459639,203.244069
429.3596558,203.5660368,437.9386722,211.8697359,433.649164,207.7178863
427.196755,206.3217985,433.4255595,216.515252,430.3111572,211.4185253
424.2621209,208.5133086,427.9726443,219.7108552,426.1173826,214.1120819
420.5575989,209.950668,422.2177436,221.4387407,421.3876712,215.6947044
416.3624885,210.4482852,416.4856439,222.0186801,416.4240662,216.2334826
411.6891594,210.3937822,411.1626956,221.9073153,411.4259275,216.1505487
406.9114066,210.1577862,405.9591492,221.6587314,406.4352779,215.9082588
402.0525759,209.849433,400.8466057,221.4254801,401.4495908,215.6374565
396.9979733,209.5240717,395.9287514,221.2095215,396.4633623,215.3667966
391.9426795,209.2006124,391.0090676,220.9868838,391.4758736,215.0937481
386.9385595,208.922188,386.0326675,220.7275109,386.4856135,214.8248495
381.858343,208.6590525,381.1294497,220.468138,381.4938964,214.5635953
376.8676647,208.4079391,376.1350142,220.2092194,376.5013394,214.3085792
371.6905759,208.1479262,371.3260627,219.9633162,371.5083193,214.0556212
366.6833895,207.9125881,366.3452514,219.7188127,366.5143205,213.8157004
361.6870001,207.6882347,361.3530117,219.4726015,361.5200059,213.5804181
356.6960721,207.4533572,356.3551573,219.2373979,356.5256147,213.3453776
351.7208191,207.2194,351.3404766,219.0269903,351.5306478,213.1231951
346.7431049,207.0050165,346.3269025,218.8257451,346.5350037,212.9153808
341.7077448,206.8052594,341.3704536,218.6217552,341.5390992,212.7135073
336.7038717,206.6213343,336.3820842,218.4130053,336.5429779,212.5171698
331.6733416,206.4384165,331.4202409,218.2067812,331.5467913,212.3225988
326.7284296,206.2437479,326.3743529,217.97328,326.5513912,212.108514
321.7103693,206.0287135,321.4018063,217.7565482,321.5560878,211.8926309
316.7278061,205.806675,316.3942633,217.5351718,316.5610347,211.6709234
311.7832237,205.5768805,311.3491597,217.3122486,311.5661917,211.4445646
306.7621295,205.3264462,306.3819074,217.0818186,306.5720185,211.2041324
301.8266886,205.0699637,301.3304728,216.8275294,301.5785807,210.9487466
296.7698023,204.7962343,296.4033542,216.5368303,296.5865782,210.6665323
291.8526546,204.5277087,291.339375,216.1918052,291.5960148,210.359757
286.8624387,204.2452565,286.3508909,215.823609,286.6066648,210.0344328
281.9344993,203.9132655,281.3069459,215.4080498,281.6207226,209.6606576
276.9602421,203.4888251,276.3185961,214.9701,276.6394191,209.2294626
272.0237283,203.0145072,271.2995459,214.5044817,271.6616371,208.7594944
267.0829034,202.4865503,266.2944244,213.996328,266.6886639,208.2414392
262.1725828,201.9286247,261.2697897,213.4173709,261.7211862,207.6729978
257.2833016,201.3146233,256.2377049,212.7812053,256.7605033,207.0479143
252.4056806,200.6133066,251.2152103,212.0745564,251.8104454,206.3439315
247.5096732,199.8171055,246.2371311,211.2904246,246.8734021,205.5537651
242.6882239,198.9635491,241.2074645,210.426211,241.9478442,204.69488
237.7211089,198.0450944,236.3393046,209.537938,237.0302068,203.7915162
232.935479,197.116371,231.3044716,208.5808982,232.1199753,202.8486346
227.989026,196.1151481,226.4475657,207.6096977,227.2182958,201.8624229
223.1553257,195.1020946,221.5001446,206.5426308,222.3277352,200.8223627
218.3442167,194.0465427,216.5526695,205.4147538,217.4484431,199.7306483
213.5217711,192.9249516,211.6425782,204.2395371,212.5821746,198.5822443
208.6886404,191.7407044,206.7708956,203.0124303,207.729768,197.3765674
203.8792384,190.4999632,201.906919,201.7187305,202.8930787,196.1093469
199.1584,189.2072023,196.985519,200.3609919,198.0719595,194.7840971
194.3731271,187.8265231,192.1595965,198.9807237,193.2663618,193.4036234
189.5941332,186.392882,187.3532197,197.5651781,188.4736764,191.97903
184.9339016,184.9456786,182.4531234,196.0801638,183.6935125,190.5129212
180.1400808,183.4047876,177.7133746,194.6029765,178.9267277,189.0038821
175.5266413,181.8549047,172.8313506,193.0170758,174.1789959,187.4359903
170.8513579,180.2066398,168.0586799,191.389119,169.4550189,185.7978794
166.1840229,178.5011596,163.318274,189.7046331,164.7511485,184.1028963
161.5132266,176.7474611,158.6166801,187.9717263,160.0649534,182.3595937
156.8399463,174.9505413,153.9533682,186.1872549,155.3966573,180.5688981
152.2410658,173.1451267,149.2590229,184.3001896,150.7500444,178.7226582
147.6452071,171.2930368,144.6059088,182.3503377,146.1255579,176.8216873
143.0817701,169.4026623,139.9595327,180.3447196,141.5206514,174.873691
138.5592234,167.4829081,135.3067032,178.288222,136.9329633,172.885565
133.9848252,165.4712967,130.7519261,176.2185823,132.3683757,170.8449395
129.5059752,163.4348786,126.1519111,174.0630355,127.8289432,168.748957
125.0580145,161.3260485,121.5673049,171.8809787,123.3126597,166.6035136
120.5758248,159.123136,117.0523574,169.7191843,118.8140911,164.4211601
116.1551282,156.9007933,112.4990248,167.5297224,114.3270765,162.2152579
111.6933787,154.6229609,108.0176604,165.3332727,109.8555195,159.9781168
107.248848,152.3310614,103.5362715,163.1166741,105.3925597,157.7238678
102.8195654,150.0408037,99.04957668,160.8787434,100.9345711,155.4597735
98.34580284,147.7372942,94.61595705,158.6371965,96.48087995,153.1872454
93.89240023,145.4531793,90.16929405,156.3619055,92.03084714,150.9075424
89.40910708,143.1797068,85.74108065,154.0983544,87.57509386,148.6390306
84.9540215,140.9558068,81.26316908,151.8277196,83.10859529,146.3917632
80.42403506,138.7223258,76.84103704,149.6048565,78.63253605,144.1635912
75.91280872,136.53922,72.36755049,147.3978543,74.14017961,141.9685372
71.26844636,134.3836316,67.94506159,145.3362932,69.60675397,139.8599624
66.42630608,132.3525589,63.56678234,143.4990086,64.99654421,137.9257837
61.4769936,130.6131517,59.08657162,141.914735,60.28178261,136.2639433
56.38933985,129.1837678,54.54984769,140.6354944,55.46959377,134.9096311
51.25468654,128.1154617,49.89902928,139.6536604,50.57685791,133.8845611
46.03386825,127.4211959,45.21210199,139.0087485,45.62298512,133.2149722
40.79024616,127.0754788,40.47866247,138.7092828,40.63445432,132.8923808
35.51878008,127.0839264,35.7526448,138.7601029,35.63571244,132.9220147
30.22615624,127.4749986,31.07893055,139.1583468,30.6525434,133.3166727
25.0145858,128.2412577,26.40434956,139.882503,25.70946768,134.0618803
19.78739079,129.4073952,21.87983297,140.9195104,20.83361188,135.1634528
14.68645569,130.9843416,17.42869795,142.2933631,16.05757682,136.6388524
9.769106969,132.9124752,13.02722519,143.9875875,11.39816608,138.4500313
5.042491361,135.1115033,8.667855313,145.9624324,6.855173337,140.5369679
0.544218461,137.4103049,4.275526308,148.2397295,2.409872384,142.8250172
-3.968557989,139.8345952,0.020752232,150.6236442,-1.973902878,145.2291197
-8.402280457,142.3038782,-4.23728817,153.0984651,-6.319784313,147.7011717
-12.74729971,144.751698,-8.56980721,155.6200159,-10.65855346,150.1858569
-17.09337301,147.2093456,-12.91278263,158.1118989,-15.00307782,152.6606223
-21.42645597,149.6663358,-17.27698562,160.5900545,-19.35172079,155.1281952
-25.76923454,152.1434937,-21.63201973,163.047175,-23.70062713,157.5953343
-30.1360855,154.6157574,-25.98439829,165.4712693,-28.0602419,160.0435134
-34.44789532,157.0736421,-30.38407873,167.9234149,-32.41598703,162.4985285
-38.83727367,159.5761734,-34.69459315,170.3514977,-36.76593341,164.9638355
-43.17897216,162.0552394,-39.05265992,172.8032312,-41.11581604,167.4292353
-47.53264981,164.5499933,-43.38791431,175.2583355,-45.46028206,169.9041644
-51.85360162,167.0314729,-47.75116629,177.7350583,-49.80238395,172.3832656
-56.21402253,169.5359043,-52.10012501,180.1444738,-54.15707377,174.840189
-60.55935818,172.0262961,-56.46904162,182.5592913,-58.5141999,177.2927937
-64.87416912,174.4841331,-60.88269946,184.9813478,-62.87843429,179.7327405
-69.21904423,176.9157311,-65.29148667,187.384236,-67.25526545,182.1499835
-73.54556303,179.24541,-69.77307138,189.789031,-71.65931721,184.5172205
-77.89052246,181.4200842,-74.33312896,192.1629656,-76.11182571,186.7915249
-82.27227962,183.4199414,-79.02693802,194.3601068,-80.64960882,188.8900241
-86.72956987,185.2548923,-83.8200046,196.3219665,-85.27478724,190.7884294
-91.27060862,186.9487826,-88.66559341,198.0750713,-89.96810101,192.511927
-95.8890235,188.4705316,-93.54606212,199.6770935,-94.71754281,194.0738126
-100.5266629,189.8012492,-98.52398711,201.0895871,-99.525325,195.4454182
-105.2292317,190.9467559,-103.5489025,202.2597416,-104.3890671,196.6032487
-109.9817052,191.9204176,-108.6044551,203.232763,-109.2930802,197.5765903
-114.769485,192.7026524,-113.691988,204.0211242,-114.2307365,198.3618883
-119.5658523,193.2869656,-118.8227689,204.6366319,-119.1943106,198.9617988
-124.4173578,193.677275,-123.93723,205.0611809,-124.1772939,199.3692279
-129.2062194,193.8591308,-129.1396126,205.2766424,-129.172916,199.5678866
-134.0450516,193.8243386,-134.299803,205.2832562,-134.1724273,199.5537974
-138.8506295,193.5800343,-139.4835679,205.082503,-139.1670987,199.3312687
-143.732746,193.1460575,-144.563249,204.6533785,-144.1479975,198.899718
-148.4842706,192.524912,-149.7296576,204.003269,-149.1069641,198.2640905
-153.2617806,191.6979555,-154.8029412,203.1148658,-154.0323609,197.4064107
-157.9601824,190.670958,-159.8744882,202.013065,-158.9173353,196.3420115
-162.6563489,189.428918,-164.8490638,200.7133673,-163.7527063,195.0711427
-167.2476873,188.0040768,-169.8199873,199.2144957,-168.5338373,193.6092862
-171.8399546,186.3695523,-174.6719025,197.5643235,-173.2559286,191.9669379
-176.2844682,184.5859592,-179.5360656,195.6969538,-177.9102669,190.1414565
-180.7131019,182.5940691,-184.2691899,193.6837097,-182.4911459,188.1388894
-185.1169381,180.4263394,-188.8801533,191.5253795,-186.9985457,185.9758594
-189.3618677,178.1649977,-193.4797378,189.1223448,-191.4208028,183.6436712
-193.5409468,175.7756765,-197.9743931,186.5362202,-195.7576699,181.1559483
-197.7739414,173.2050155,-202.2617118,183.8727585,-200.0178266,178.538887
-201.9601038,170.5425881,-206.4723901,181.1049335,-204.2162469,175.8237608
-206.0178728,167.8646896,-210.7224008,178.2171367,-208.3701368,173.0409132
-210.1097161,165.0982283,-214.8822837,175.3350239,-212.4959999,170.2166261
-214.2684975,162.2543965,-218.9376551,172.4757715,-216.6030763,167.365084
-218.361567,159.4475943,-223.0510613,169.5685425,-220.7063142,164.5080684
-222.4500416,156.6435651,-227.1733171,166.6646015,-224.8116793,161.6540833
-226.5516158,153.8309518,-231.3053189,163.8023911,-228.9284673,158.8166715
-230.6713436,151.0039414,-235.4254855,160.9637605,-233.0484145,155.983851
-234.8569002,148.1427221,-239.4944021,158.1806043,-237.1756512,153.1616632
-239.0142377,145.3035355,-243.603674,155.3933248,-241.3089559,150.3484302
-243.1551288,142.4783558,-247.7386276,152.6053953,-245.4468782,147.5418756
-247.2485728,139.675321,-251.9151621,149.7866879,-249.5818675,144.7310044
-251.3935851,136.8402928,-256.0361854,146.993999,-253.7148852,141.9171459
-255.4927469,134.036243,-260.2025669,144.1696622,-257.8476569,139.1029526
-259.6590765,131.1869785,-264.2995835,141.3872277,-261.97933,136.2871031
-263.7572237,128.3770975,-268.4537904,138.5493242,-266.1055071,133.4632108
-267.8737481,125.5450243,-272.5814956,135.7216843,-270.2276219,130.6333543
-272.006831,122.7031317,-276.6956616,132.9082772,-274.3512463,127.8057045
-276.1179777,119.8845526,-280.8409981,130.0850402,-278.4794879,124.9847964
-280.278891,117.0409361,-284.9465646,127.3014996,-282.6127278,122.1712178
-284.3750667,114.2465114,-289.1166332,124.4684203,-286.7458499,119.3574658
-288.4980884,111.4275787,-293.2541822,121.651509,-290.8761353,116.5395438
-292.6102678,108.6111157,-297.3966177,118.8234348,-295.0034427,113.7172752
-296.7443474,105.7880311,-301.5235729,116.0113781,-299.1339602,110.8997046
-300.9209148,102.9412525,-305.6127907,113.2299959,-303.2668528,108.0856242
-305.0048689,100.1526846,-309.8004414,110.3990296,-307.4026552,105.2758571
-309.1308541,97.32900368,-313.9440447,107.6001353,-311.5374494,102.4645695
-313.2500119,94.50464943,-318.0839426,104.7864712,-315.6669773,99.64556034
-317.4152973,91.64551755,-322.1658793,101.9902708,-319.7905883,96.81789417
-321.4727701,88.81647252,-326.3220158,99.11532205,-323.8973929,93.96589728
-325.3948162,85.97065693,-330.5344584,96.14527402,-327.9646373,91.05796548
-329.1404637,83.02970362,-334.760361,93.04980224,-331.9504124,88.03975293
-332.7428526,79.92113407,-338.8796914,89.80640499,-335.811272,84.86376953
-336.0834627,76.68958221,-342.8992962,86.271778,-339.4913795,81.4806801
-339.1577184,73.27616692,-346.6982089,82.42663959,-342.9279637,77.85140325
-341.9067652,69.68050107,-350.1947079,78.21819914,-346.0507366,73.94935011
-344.319179,65.89686061,-353.3378349,73.69300949,-348.828507,69.79493505
-346.4165016,61.94624886,-356.0876372,68.90195925,-351.2520694,65.42410405
-348.205788,57.88035483,-358.4239838,63.86255496,-353.3148859,60.87145489
-349.628172,53.81818775,-360.3954368,58.52247466,-355.0118044,56.17033121
-350.7487365,49.52447336,-361.8419183,53.15517197,-356.2953274,51.33982267
-351.475187,45.40711899,-362.8577404,47.42853733,-357.1664637,46.41782816
-351.8849679,40.99913752,-363.426395,41.88721861,-357.6556815,41.44317806
-351.9448376,36.79308423,-363.5751695,36.09894956,-357.7600036,36.44601689
-351.6380693,32.34511584,-363.2784259,30.5684296,-357.4582476,31.45677272
-351.0236478,28.12581073,-362.5507686,24.88101488,-356.7872082,26.50341281
-350.0851768,23.60420842,-361.5415398,19.5955466,-355.8133583,21.59987751
-348.9263692,18.77782764,-360.3898448,14.6930194,-354.658107,16.73542352
-347.7488824,14.06903139,-359.0807955,9.715953661,-353.4148389,11.89249253
-346.5331838,9.228543339,-357.787691,4.876333964,-352.1604374,7.052438652
-345.279493,4.311401792,-356.516747,0.117526833,-350.89812,2.214464313
-344.0841717,-0.364509362,-355.1830865,-4.881198458,-349.6336291,-2.62285391
-342.8087073,-5.350276176,-353.9340182,-9.571129685,-348.3713628,-7.46070293
-341.5957506,-10.07053199,-352.6368425,-14.53032538,-347.1162966,-12.30042868
-340.309019,-15.09815676,-351.4174827,-19.18329878,-345.8632508,-17.14072777
-339.1015132,-19.87775005,-350.143076,-24.09068241,-344.6222946,-21.98421623
-337.894499,-24.67001821,-348.8789059,-28.98811136,-343.3867024,-26.82906478
-336.624054,-29.65118928,-347.6731677,-33.69539699,-342.1486109,-31.67329314
-335.4056009,-34.39702247,-346.4138447,-38.63761474,-340.9097228,-36.5173186
-334.152235,-39.25224794,-345.1962732,-43.47219235,-339.6742541,-41.36222015
-332.8868448,-44.13626989,-343.9857352,-48.27673363,-338.43629,-46.20650176
-331.6538166,-48.91412889,-342.7410052,-53.18698829,-337.1974109,-51.05055859
-330.4076801,-53.73496066,-341.4859278,-58.04828243,-335.946804,-55.89162154
-329.1457678,-58.63742399,-340.2475548,-62.82817628,-334.6966613,-60.73280013
-327.9058368,-63.48943497,-338.9874353,-67.65859274,-333.446636,-65.57401386
-326.6734966,-68.3142012,-337.7190571,-72.51607706,-332.1962768,-70.41513913
-325.4241382,-73.19787243,-336.474873,-77.31650695,-330.9495056,-75.25718969
-324.1910574,-78.00012936,-335.2151743,-82.19854145,-329.7031158,-80.09933541
-322.947602,-82.82091165,-333.9463653,-87.0570182,-328.4469836,-84.93896493
-321.6847996,-87.64020844,-332.6636462,-91.90827082,-327.1742229,-89.77423963
-320.4123611,-92.45569373,-331.3726516,-96.75860794,-325.8925063,-94.60715084
-319.1232963,-97.36343177,-330.0960091,-101.5160665,-324.6096527,-99.43974916
-317.8857367,-102.2560431,-328.8082004,-106.2991706,-323.3469686,-104.2776068
-316.7344911,-107.8354469,-327.8394606,-110.4888955,-322.2869758,-109.1621712
-316.2748807,-114.3491207,-327.6517185,-113.9347973,-321.9632996,-114.141959
-318.6473606,-122.8409577,-327.8035718,-115.0157034,-323.2254662,-118.9283305
-323.8377518,-128.1373765,-328.6928698,-117.4676259,-326.2653108,-122.8025012
-329.6292436,-130.5363178,-331.3461677,-120.1550847,-330.4877056,-125.3457013
-335.1316768,-131.2375983,-335.6725045,-120.9033573,-335.4020907,-126.0704778
-340.2346942,-131.3187861,-340.5413838,-120.3921256,-340.388039,-125.8554559
-345.2496373,-131.242877,-345.515342,-120.1913627,-345.3824896,-125.7171199
-350.2128115,-131.2122047,-350.5486477,-120.1608606,-350.3807296,-125.6865326
-355.3216218,-131.2008571,-355.4381438,-120.1508419,-355.3798828,-125.6758495
-360.3252609,-131.1917991,-360.4332731,-120.090678,-360.379267,-125.6412386
-365.393247,-131.1852478,-365.3644218,-120.0221936,-365.3788344,-125.6037207
-370.3632938,-131.1882792,-370.3940041,-119.9872031,-370.378649,-125.5877412
-375.3886995,-131.1847662,-375.3684433,-119.9560339,-375.3785714,-125.5704
-380.4311048,-131.1438033,-380.3255757,-119.9083919,-380.3783403,-125.5260976
-385.4547241,-131.0784031,-385.3009265,-119.8371742,-385.3778253,-125.4577887
-390.4076284,-130.9955963,-390.3465005,-119.7502385,-390.3770644,-125.3729174
-395.4277292,-130.9108417,-395.3247114,-119.6542797,-395.3762203,-125.2825607
-400.4565975,-130.8269571,-400.2941997,-119.561331,-400.3753986,-125.194144
-405.409588,-130.760302,-405.3405823,-119.5237774,-405.3750852,-125.1420397
-410.3775452,-130.7175202,-410.3724488,-119.519664,-410.374997,-125.1185921
-415.3875613,-130.6564404,-415.3614945,-119.452637,-415.3745279,-125.0545387
-420.4404022,-130.5831337,-420.3068773,-119.3454959,-420.3736398,-124.9643148
-425.3671906,-130.5146293,-425.3788286,-119.2625226,-425.3730096,-124.888576
-430.4217855,-130.4582852,-430.3238178,-119.2358009,-430.3728017,-124.8470431
-435.3766999,-130.4315708,-435.3688264,-119.2558383,-435.3727632,-124.8437046
-440.2763935,-130.4620435,-440.4685035,-119.3223663,-440.3724485,-124.8922049
-445.2360436,-130.6044431,-445.5039108,-119.484733,-445.3699772,-125.044588
-450.1100363,-130.8662729,-450.6153178,-119.7579156,-450.3626771,-125.3120943
-454.9653953,-131.2600853,-455.7299554,-120.1339056,-455.3476754,-125.6969955
-459.918393,-131.7962126,-460.7258003,-120.6057982,-460.3220966,-126.2010054
-464.8438143,-132.3876544,-465.73391,-121.1642332,-465.2888621,-126.7759438
-469.7834161,-132.9960101,-470.7161938,-121.8027339,-470.2498049,-127.399372
-474.6770558,-133.6145061,-475.731911,-122.5271682,-475.2044834,-128.0708371
-479.6364256,-134.2794593,-480.6755877,-123.2510967,-480.1560067,-128.765278
-484.604988,-134.9806128,-485.6095195,-123.9424598,-485.1072537,-129.4615363
-489.5376481,-135.688367,-490.5813397,-124.6127803,-490.0594939,-130.1505737
-494.4616568,-136.4024399,-495.5601823,-125.2885023,-495.0109195,-130.8454711
-499.406888,-137.1255899,-500.513795,-125.9837643,-499.9603415,-131.5546771
-504.392708,-137.838668,-505.4282521,-126.6791573,-504.9104801,-132.2589127
-509.3405508,-138.5265758,-510.3845754,-127.3721754,-509.8625631,-132.9493756
-514.2694748,-139.2009938,-515.3620098,-128.0628593,-514.8157423,-133.6319265
-519.2516122,-139.9024569,-520.2838126,-128.7439,-519.7677124,-134.3231784
-524.1771352,-140.6005117,-525.2595842,-129.4470452,-524.7183597,-135.0237784
-529.1721567,-141.2955426,-530.1673802,-130.1425071,-529.6697685,-135.7190248
-534.0953142,-141.9716476,-535.1490145,-130.8428048,-534.6221643,-136.4072262
-539.0195078,-142.6679691,-540.122666,-131.5717063,-539.5710869,-137.1198377
-543.8621018,-143.435718,-545.1570331,-132.3667601,-544.5095674,-137.9012391
-548.6079378,-144.3625817,-550.2445946,-133.2535591,-549.4262662,-138.8080704
-553.2381274,-145.5324917,-555.3629997,-134.3064678,-554.3005636,-139.9194798
-557.8986581,-146.9179326,-560.3388815,-135.5891974,-559.1187698,-141.253565
-562.4395068,-148.5031206,-565.2803552,-137.1744802,-563.859931,-142.8388004
-566.9112896,-150.3098957,-570.1148839,-139.0249698,-568.5130867,-144.6674327
-571.244785,-152.2811633,-574.9083334,-141.1370602,-573.0765592,-146.7091117
-575.473282,-154.4800733,-579.5757845,-143.5021926,-577.5245332,-148.9911329
-579.4843797,-156.8990654,-584.1536102,-146.2014434,-581.8189949,-151.5502544
-583.3827903,-159.5861163,-588.5236407,-149.1356553,-585.9532155,-154.3608858
-587.0523258,-162.4706166,-592.761165,-152.3702933,-589.9067454,-157.420455
-590.4852095,-165.5496686,-596.8295325,-155.9015519,-593.657371,-160.7256102
-593.7850806,-168.9206532,-600.6295758,-159.5708195,-597.2073282,-164.2457364
-596.8702718,-172.4373748,-604.2874167,-163.4366609,-600.5788443,-167.9370178
-599.7586575,-176.1220604,-607.7114315,-167.5057697,-603.7350445,-171.8139151
-602.3896248,-179.9328788,-610.8840053,-171.836288,-606.636815,-175.8845834
-604.7992411,-183.9035975,-613.7864795,-176.335988,-609.2928603,-180.1197927
-606.990365,-188.0030264,-616.432948,-180.9869265,-611.7116565,-184.4949764
-608.9075736,-192.1291804,-618.8312501,-185.8796924,-613.8694119,-189.0044364
-610.634751,-196.4623589,-620.8732887,-190.8071416,-615.7540199,-193.6347503
-612.0729373,-200.7722404,-622.679163,-195.9548827,-617.3760502,-198.3635616
-613.2711844,-205.1422785,-624.2178644,-201.2012308,-618.7445244,-203.1717546
-614.220764,-209.572657,-625.4412353,-206.5300424,-619.8309996,-208.0513497
-614.9172088,-214.0615091,-626.3513756,-211.909639,-620.6342922,-212.985574
-615.3573666,-218.6006408,-626.9628355,-217.3131648,-621.1601011,-217.9569028
-615.5367879,-223.0731448,-627.2350948,-222.8287698,-621.3859413,-222.9509573
-615.4801749,-227.5483989,-627.1555048,-228.3508563,-621.3178398,-227.9496276
-615.1685635,-232.1040034,-626.758336,-233.7690573,-620.9634498,-232.9365303
-614.6340672,-236.7622498,-626.1747445,-239.0475284,-620.4044059,-237.9048891
-613.9401366,-241.482562,-625.4753047,-244.2292608,-619.7077206,-242.8559114
-613.1525776,-246.1892983,-624.6355491,-249.388867,-618.8940633,-247.7890827
-612.2584823,-251.1577805,-623.7364151,-254.2581023,-617.9974487,-252.7079414
-611.3686032,-255.8980962,-622.7357797,-259.3372514,-617.0521914,-257.6176738
-610.3966081,-260.6297868,-621.6911305,-264.3996067,-616.0438693,-262.5146968
-609.303387,-265.0502215,-620.377004,-269.6834526,-614.8401955,-267.3668371
-608.0042481,-269.3447111,-618.7390658,-274.9464701,-613.371657,-272.1455906
-606.4224146,-273.5757502,-616.7558665,-280.0559156,-611.5891406,-276.8158329
-604.5519698,-277.644281,-614.3877556,-285.0415927,-609.4698627,-281.3429368
-602.3971996,-281.4795904,-611.5481293,-289.8662269,-606.9726645,-285.6729086
-599.9053706,-285.1603207,-608.290716,-294.3631227,-604.0980433,-289.7617217
-597.0886551,-288.6530217,-604.6338664,-298.4874443,-600.8612607,-293.570233
-593.945945,-291.9828208,-600.6727283,-302.1906277,-597.3093367,-297.0867242
-590.5743336,-294.9871625,-596.3750449,-305.5981057,-593.4746893,-300.2926341
-586.9483287,-297.6783362,-591.8436349,-308.6862491,-589.3959818,-303.1822927
-582.9804241,-300.0942063,-587.2060002,-311.3582107,-585.0932122,-305.7262085
-578.8782836,-302.1298968,-582.2860626,-313.627454,-580.5821731,-307.8786754
-574.5459582,-303.8482495,-577.2723334,-315.4577304,-575.9091458,-309.6529899
-570.1382057,-305.1566708,-572.0682994,-316.8976103,-571.1032525,-311.0271406
-565.5844668,-306.0749102,-566.811867,-317.9019683,-566.1981669,-311.9884392
-560.9302929,-306.609978,-561.5242994,-318.412352,-561.2272961,-312.511165
-556.3072659,-306.7275999,-556.1517994,-318.4549063,-556.2295327,-312.5912531
-551.6626422,-306.4599199,-550.8224076,-318.0415329,-551.2425249,-312.2507264
-547.0103569,-305.7905491,-545.6018513,-317.1446997,-546.3061041,-311.4676244
-542.4564584,-304.7381965,-540.4502035,-315.7993611,-541.453331,-310.2687788
-538.0105795,-303.3262472,-535.3795589,-314.1448187,-536.6950692,-308.7355329
-533.5051647,-301.572938,-530.5418145,-312.3382727,-532.0234896,-306.9556054
-529.0603166,-299.641684,-525.7761242,-310.3781608,-527.4182204,-305.0099224
-524.5476624,-297.5723534,-521.1513531,-308.3876758,-522.8495077,-302.9800146
-520.1110402,-295.4742775,-516.4958179,-306.3264893,-518.3034291,-300.9003834
-515.5851406,-293.2843383,-511.973371,-304.2633124,-513.7792558,-298.7738254
-511.110968,-291.1209299,-507.4161578,-302.1368716,-509.2635629,-296.6289007
-506.6212298,-288.9598898,-502.8777191,-300.0009137,-504.7494745,-294.4804017
-502.0623711,-286.7713887,-498.4090215,-297.8903083,-500.2356963,-292.3308485
-497.501663,-284.5941676,-493.9311236,-295.7911121,-495.7163933,-290.1926398
-492.9795877,-282.4474562,-489.4101042,-293.6702266,-491.194846,-288.0588414
-488.4258865,-280.307778,-484.921759,-291.5394083,-486.6738227,-285.9235932
-483.8886407,-278.1919151,-480.4110403,-289.3969804,-482.1498405,-283.7944477
-479.4363972,-276.0932111,-475.8276155,-287.2114473,-477.6320063,-281.6523292
-474.8651598,-273.9303058,-471.3576816,-285.1016906,-473.1114207,-279.5159982
-470.3822222,-271.807637,-466.7970016,-282.956829,-468.5896119,-277.382233
-465.8106741,-269.6644683,-462.3119857,-280.8599719,-464.0613299,-275.2622201
-461.3023489,-267.5689847,-457.7573736,-278.7290134,-459.5298613,-273.148999
-456.7641781,-265.4603507,-453.2292597,-276.6184235,-454.9967189,-271.0393871
-452.2251008,-263.3487684,-448.702642,-274.5095291,-450.4638714,-268.9291487
-447.6821638,-261.2449974,-444.1734665,-272.4066645,-445.9278151,-266.8258309
-443.1609619,-259.1530239,-439.6173563,-270.3032513,-441.3891591,-264.7281376
-438.5894171,-257.0360434,-435.11398,-268.2197104,-436.8516985,-262.6278769
-434.0450039,-254.9412762,-430.5784907,-266.1247213,-432.3117473,-260.5329988
-429.5229582,-252.8529638,-426.0293879,-264.0043299,-427.776173,-258.4286469
-425.0084383,-250.7562225,-421.4746299,-261.8883225,-423.2415341,-256.3222725
-420.4744879,-248.6440703,-416.9397448,-259.7867506,-418.7071163,-254.2154104
-415.9443674,-246.5403944,-412.399009,-257.681145,-414.1716882,-252.1107697
-411.4148526,-244.446962,-407.8521288,-255.5771813,-409.6334907,-250.0120717
-406.8067901,-242.3380939,-403.3723349,-253.513528,-405.0895625,-247.925811
-402.2822125,-240.2685905,-398.8105398,-251.4072767,-400.5463762,-245.8379336
-397.712056,-238.1901129,-394.2914324,-249.3162852,-396.0017442,-243.753199
-393.1784294,-236.1125124,-389.7360538,-247.2238512,-391.4572416,-241.6681818
-388.6900106,-234.0426217,-385.1343016,-245.1262614,-386.9121561,-239.5844415
-384.1325327,-231.9417036,-380.6000549,-243.0630721,-382.3662938,-237.5023878
-379.5469237,-229.8323794,-376.093027,-241.0103052,-377.8199754,-235.4213423
-374.9915979,-227.7415841,-371.5556426,-238.9391855,-373.2736203,-233.3403848
-370.4424548,-225.6609547,-367.0129257,-236.8560279,-368.7276902,-231.2584913
-365.9094256,-223.5931958,-362.4552984,-234.7573391,-364.182362,-229.1752674
-361.3335847,-221.5077945,-357.9396964,-232.6780199,-359.6366406,-227.0929072
-356.8435484,-219.4460709,-353.346135,-230.5579263,-355.0948417,-225.0019986
-352.3120998,-217.3410033,-348.8052942,-228.4567475,-350.558697,-222.8988754
-347.7641438,-215.2179297,-344.284179,-226.3666164,-346.0241614,-220.7922731
-343.2644251,-213.1175695,-339.7184366,-224.24603,-341.4914309,-218.6817998
-338.7477668,-210.99432,-335.1790964,-222.1280636,-336.9634316,-216.5611918
-334.2177669,-208.8511195,-330.6585985,-220.0183208,-332.4381827,-214.4347201
-329.7026703,-206.719388,-326.1187787,-217.9065061,-327.9107245,-212.312947
-325.1619422,-204.5868211,-321.6022091,-215.8005937,-323.3820757,-210.1937074
-320.6340578,-202.4728299,-317.0660109,-213.6906362,-318.8500344,-208.081733
-316.0435211,-200.3399535,-312.5831485,-211.6196233,-314.3133348,-205.9797884
-311.5385833,-198.2611743,-308.0023082,-209.521395,-309.7704457,-203.8912846
-306.9876509,-196.166163,-303.4630057,-207.4490794,-305.2253283,-201.8076212
-302.4224104,-194.0696154,-298.9413659,-205.3709866,-300.6818882,-199.720301
-297.8680486,-191.9882121,-294.4052936,-203.2854633,-296.1366711,-197.6368377
-293.3203828,-189.9196109,-289.8609451,-201.1905474,-291.590664,-195.5550791
-288.7693145,-187.8565909,-285.3229581,-199.0835828,-287.0461363,-193.4700869
-284.2205209,-185.7868191,-280.7891196,-196.9694344,-282.5048203,-191.3781268
-279.7088506,-183.7182566,-276.224878,-194.8395236,-277.9668643,-189.2788901
-275.1534885,-181.6190802,-271.701346,-192.7466554,-273.4274173,-187.1828678
-270.6025435,-179.5148809,-267.170823,-190.6644215,-268.8866833,-185.0896512
-266.0519131,-177.4103745,-262.6385632,-188.5855489,-264.3452382,-182.9979617
-261.5238998,-175.315087,-258.0815047,-186.5021968,-259.8027023,-180.9086419
-256.9978517,-173.2137135,-253.5264286,-184.4163923,-255.2621402,-178.8150529
-252.5080255,-171.1257576,-248.937238,-182.3125981,-250.7226318,-176.7191778
-247.9733059,-169.005978,-244.4000253,-180.2253225,-246.1866656,-174.6156502
-243.4755106,-166.8608823,-239.8529696,-178.1055644,-241.6642401,-172.4832234
-239.1138081,-164.6792703,-235.243609,-175.8696865,-237.1787086,-170.2744784
-234.8604184,-162.3875983,-230.6584785,-173.4847531,-232.7594484,-167.9361757
-230.7055022,-159.9530658,-226.1472704,-170.9310309,-228.4263863,-165.4420483
-226.6501747,-157.3510818,-221.7525586,-168.1870433,-224.2013667,-162.7690625
-222.7713443,-154.6088786,-217.4334129,-165.2044992,-220.1023786,-159.9066889
-218.9141631,-151.6178716,-213.3692385,-162.0935577,-216.1417008,-156.8557147
-215.2783014,-148.5741899,-209.3351863,-158.7217683,-212.3067438,-153.6479791
-211.7722117,-145.3688614,-205.435418,-155.208725,-208.6038149,-150.2887932
-208.4864276,-142.061116,-201.6240352,-151.4731464,-205.0552314,-146.7671312
-205.2459404,-138.4888865,-198.0954713,-147.6859366,-201.6707058,-143.0874115
-202.2483036,-134.8700524,-194.6534671,-143.6555701,-198.4508854,-139.2628113
-199.3675328,-131.0397107,-191.4605176,-139.5430067,-195.4140252,-135.2913587
-196.735235,-127.176165,-188.3947621,-135.1900849,-192.5649986,-131.183125
-194.2708638,-123.1670545,-185.5436096,-130.7300571,-189.9072367,-126.9485558
-192.0001321,-119.0729273,-182.8851911,-126.1246282,-187.4426616,-122.5987777
-189.9158519,-114.8829534,-180.4571258,-121.391634,-185.1864889,-118.1372937
-188.0092679,-110.601667,-178.2213033,-116.572239,-183.1152856,-113.586953
-186.266949,-106.2130364,-176.1971762,-111.6984017,-181.2320626,-108.955719
-184.7344198,-101.85541,-174.3454521,-106.6471989,-179.539936,-104.2513044
-183.3885011,-97.39411208,-172.7481081,-101.552743,-178.0683046,-99.47342753
-182.2369491,-92.87282281,-171.4165916,-96.38838849,-176.8267704,-94.63060565
-181.2864022,-88.30586302,-170.3684576,-91.1582421,-175.8274299,-89.73205256
-180.5572834,-83.75451778,-169.5740947,-85.82740407,-175.065689,-84.79096092
-180.0502959,-79.14434276,-168.9890948,-80.49810089,-174.5196953,-79.82122183
-179.7653568,-74.52769996,-168.5888201,-75.13924283,-174.1770884,-74.83347139
-179.6896674,-69.91868868,-168.3894816,-69.75298154,-174.0395745,-69.83583511
-179.7898178,-65.13943974,-168.3714803,-64.53341506,-174.080649,-64.8364274
-180.0087361,-60.37476178,-168.4922926,-59.30439457,-174.2505144,-59.83957817
-180.3125306,-55.50399273,-168.7301746,-54.19030477,-174.5213526,-54.84714875
-180.6676073,-50.59925705,-169.0344532,-49.11717118,-174.8510303,-49.85821411
-181.0228262,-45.46842004,-169.359556,-44.27149623,-175.1911911,-44.86995814
-181.3212249,-40.45760416,-169.7360891,-39.30552783,-175.528657,-39.88156599
-181.61306,-35.4548747,-170.1356126,-34.3326775,-175.8743363,-34.8937761
-181.916987,-30.44349781,-170.3597654,-29.35987132,-176.1383762,-29.90168456
-182.0673609,-24.78891426,-169.8861129,-25.04001735,-175.9767369,-24.91446581
-181.0966743,-17.54581139,-168.9951177,-22.49415527,-175.045896,-20.01998333
-176.8555194,-9.904394562,-168.413318,-21.47224824,-172.6344187,-15.6883214
-170.0874683,-5.818422376,-167.0786548,-19.90821841,-168.5830616,-12.86332039
-164.6745747,-4.705538289,-163.0517957,-17.97572319,-163.8631852,-11.34063074
-159.5425363,-4.179061304,-158.2277687,-17.67712645,-158.8851525,-10.92809388
-154.5373376,-3.801218653,-153.2574723,-17.476563,-153.8974049,-10.63889083
-149.4468695,-3.41528308,-148.3802804,-17.11850139,-148.9135749,-10.26689223
-144.3420428,-3.055893807,-143.5185105,-16.69778281,-143.9302766,-9.876838308
-139.420456,-2.705879305,-138.4725871,-16.2636393,-138.9465216,-9.484759301
-134.3263031,-2.315239363,-133.5968127,-15.89517391,-133.9615579,-9.105206636
-129.425093,-1.942490227,-128.5253678,-15.54062127,-128.9752304,-8.74155575
-124.4146789,-1.566972301,-123.5616823,-15.20722342,-123.9881806,-8.387097861
-119.3940348,-1.197775598,-118.607033,-14.88099699,-119.0005339,-8.039386293
-114.3244438,-0.830233432,-113.7012196,-14.55183228,-114.0128317,-7.691032854
-109.2719381,-0.491757674,-108.7767128,-14.21453532,-109.0243254,-7.353146495
-104.3015797,-0.196718228,-103.7684865,-13.85621972,-104.0350331,-7.026468975
-99.36861243,0.118220546,-98.72401417,-13.50086148,-99.0463133,-6.691320465
-94.36196067,0.45101308,-93.75300216,-13.16662171,-94.05748142,-6.357804314
-89.36794353,0.780281385,-88.7681136,-12.84773113,-89.06802857,-6.033724873
-84.39445,1.103974155,-83.76220835,-12.53035846,-84.07832918,-5.713192153
-79.44129399,1.437555044,-78.73718579,-12.20426671,-79.08923989,-5.383355835
-74.44857728,1.795062032,-73.75398508,-11.86893716,-74.10128118,-5.036937565
-69.39657547,2.14950469,-68.82979568,-11.53413149,-69.11318558,-4.692313402
-64.44656248,2.479368151,-63.80229169,-11.19412341,-64.12442708,-4.357377631
-59.4385553,2.815534305,-58.83365881,-10.84738365,-59.13610705,-4.01592467
-54.46104886,3.14133335,-53.83421432,-10.49488327,-54.14763159,-3.676774958
-49.40368492,3.444982299,-48.91323198,-10.14119673,-49.15845845,-3.348107214
-44.42823124,3.728258846,-43.91000617,-9.772211314,-44.1691187,-3.021976234
-39.45588129,4.047316229,-38.90633029,-9.399583609,-39.18110579,-2.67613369
-34.51460065,4.384441287,-33.87184857,-9.041147708,-34.19322461,-2.32835321
-29.52459532,4.729690444,-28.88573134,-8.696171164,-29.20516333,-1.98324036
-24.50835066,5.069352551,-23.92434051,-8.367779336,-24.21634558,-1.649213393
-19.56327585,5.424897977,-18.8927311,-8.041343176,-19.22800347,-1.3082226
-14.58030933,5.784541855,-13.89882831,-7.721436856,-14.23956882,-0.9684475
-9.529244311,6.143913183,-8.973288237,-7.397907099,-9.251266274,-0.626996958
-4.588938558,6.47813525,-3.936624694,-7.054273175,-4.262781626,-0.288068962
-0.32515835,6.753781355,0.32515835,-6.753781355,0,0
