TimeStamp (sec),Distance (m),GPS_Speed (kmh),PosLat (deg),PosLon (deg),AccelForward (g),AccelLateral (g),AccelCombi (g),YawRate (deg/s),GPS_Height (m),GPS_NumSat (NA),RPM (NA),Pedal_throttle (percent),Pedal_brake (percent),Steer_angle (deg),Gear (NA),CoolantT (c),OilT (c),Fuel (percent),IntakeBoost (bar),IntakeTemp (c),AFR (NA)
0,0,123.8066984,34.73858342,126.4134082,0.200075,0.027252,,,0,7,6775,100,0,0,3,82,101,,,,
0.1,11,124.5066969,34.73858344,126.4134462,0.195633,0.012026,,,0,7,6840,100,0,0,3,82,101,,,,
0.2,23,125.2066938,34.7385835,126.4134846,0.193083,0.003741,,,0,7,6867,100,0,0,3,82,101,,,,
0.3,34,125.9056962,34.73858356,126.4135229,0.190528,-0.004538,,,0,7,6912,100,0,0,3,82,101,,,,
0.4,46,126.5066817,34.73858362,126.4135613,0.187348,-0.012198,,,0,7,6959,100,0,0,3,82,102,,,,
0.5,57,127.2066915,34.73858374,126.4136,0.184785,-0.021114,,,0,7,6973,100,0,0,3,82,102,,,,
0.6,69,127.9056954,34.73858392,126.4136392,0.180968,-0.029406,,,0,7,7033,100,0,0,3,82,102,,,,
0.7,81,128.5066809,34.73858409,126.4136783,0.177781,-0.038328,,,0,7,7063,100,0,0,3,82,102,,,,
0.8,92,129.2056833,34.73858427,126.4137174,0.17455,-0.047334,,,0,7,7078,100,0,0,3,82,102,,,,
0.9,104,129.8056871,34.73858453,126.4137569,0.166889,-0.064554,,,0,7,7106,100,0,0,3,82,102,,,,
1,116,130.4056892,34.73858489,126.4137966,0.157967,-0.083005,,,0,7,7142,100,0,0,3,82,102,,,,
1.1,128,131.0036798,34.73858533,126.4138365,0.149038,-0.098294,,,0,7,7174,100,0,0,3,82,102,,,,
1.2,140,131.4046887,34.73858584,126.4138765,0.139491,-0.112914,,,0,7,7219,100,0,0,3,82,102,,,,
1.3,152,131.9036903,34.73858649,126.4139168,0.131244,-0.123691,,,0,7,7247,100,0,0,3,82,102,,,,
1.4,164,132.3036805,34.7385873,126.4139572,0.126827,-0.128733,,,0,7,7283,100,0,0,2,82,102,,,,
1.5,176,132.7036707,34.73858826,126.4139976,0.126872,-0.128038,,,0,7,7318,28,0,0,1,82,102,,,,
1.6,188,133.1046796,34.73858932,126.4140382,0.131378,-0.121607,,,0,7,7395,0,0,0,0,82,102,,,,
1.7,201,133.6046758,34.7385905,126.4140789,0.140326,-0.109454,,,0,7,7107,48,0,0,0,82,102,,,,
1.8,213,134.1046719,34.73859176,126.4141198,0.151779,-0.092871,,,0,7,6523,100,0,0,0,82,102,,,,
1.9,225,134.6066701,34.73859306,126.4141608,0.161319,-0.075038,,,0,7,5718,100,0,0,0,82,102,,,,
2,237,135.3066671,34.7385944,126.4142021,0.168929,-0.058487,,,0,7,5905,100,0,0,0,82,102,,,,
2.1,250,136.005671,34.73859577,126.4142435,0.172715,-0.04386,,,0,7,5830,100,0,0,0,82,102,,,,
2.2,262,136.6056732,34.73859715,126.4142851,0.172683,-0.032446,,,0,7,5907,100,0,0,0,82,102,,,,
2.3,275,137.2046583,34.73859857,126.4143269,0.169496,-0.026748,,,0,7,5915,100,0,0,2,82,102,,,,
2.4,287,137.7056619,34.73860002,126.4143689,0.166303,-0.024855,,,0,7,5944,100,0,0,4,82,102,,,,
2.5,300,138.3056641,34.7386015,126.414411,0.162492,-0.024875,,,0,7,5974,100,0,0,4,82,102,,,,
2.6,313,138.9046605,34.73860302,126.4144533,0.159955,-0.026787,,,0,7,5984,100,0,0,4,82,102,,,,
2.7,325,139.405677,34.73860458,126.4144958,0.158687,-0.028686,,,0,7,6022,100,0,0,4,82,102,,,,
2.8,338,140.005655,34.73860618,126.4145385,0.158063,-0.029317,,,0,7,6041,100,0,0,4,82,102,,,,
2.9,351,140.6046642,34.7386078,126.4145813,0.158693,-0.029298,,,0,7,6067,100,0,0,4,82,102,,,,
3,364,141.1056663,34.73860942,126.4146243,0.158693,-0.027379,,,0,7,6098,100,0,0,4,82,102,,,,
3.1,377,141.7056572,34.73861104,126.4146675,0.158681,-0.02483,,,0,7,6105,100,0,0,4,82,102,,,,
3.2,390,142.3046535,34.73861266,126.4147108,0.157412,-0.0223,,,0,7,6124,100,0,0,4,82,102,,,,
3.3,403,142.8056572,34.73861428,126.4147543,0.156775,-0.021669,,,0,7,6160,100,0,0,4,82,102,,,,
3.4,416,143.4046535,34.73861592,126.414798,0.156138,-0.021688,,,0,7,6183,100,0,0,4,82,102,,,,
3.5,429,143.9046513,34.73861757,126.4148418,0.155501,-0.023613,,,0,7,6211,100,0,0,4,82,102,,,,
3.6,442,144.4056533,34.73861926,126.4148857,0.154863,-0.026799,,,0,7,6227,100,0,0,4,82,102,,,,
3.7,455,145.0056443,34.73862099,126.4149299,0.154232,-0.029986,,,0,7,6265,100,0,0,4,82,102,,,,
3.8,468,145.6046406,34.73862277,126.4149742,0.154232,-0.033166,,,0,7,6262,100,0,0,4,82,102,,,,
3.9,482,146.1046497,34.7386246,126.4150187,0.154226,-0.035696,,,0,7,6302,100,0,0,4,82,102,,,,
4,495,146.6056533,34.73862647,126.4150633,0.153582,-0.036321,,,0,7,6315,100,0,0,4,82,102,,,,
4.1,509,147.2046368,34.73862838,126.4151081,0.152308,-0.035664,,,0,7,6347,100,0,0,4,82,102,,,,
4.2,522,147.7056404,34.73863032,126.415153,0.15102,-0.03309,,,0,7,6368,100,0,0,4,82,102,,,,
4.3,536,148.3046368,34.7386323,126.4151981,0.148464,-0.027985,,,0,7,6378,100,0,0,4,82,102,,,,
4.4,549,148.8046329,34.73863432,126.4152434,0.145278,-0.022255,,,0,7,6422,100,0,0,4,82,102,,,,
4.5,563,149.3046307,34.73863635,126.4152888,0.142098,-0.01715,,,0,7,6435,100,0,0,4,82,102,,,,
4.6,576,149.8046269,34.73863841,126.4153343,0.139555,-0.01144,,,0,7,6455,100,0,0,4,82,102,,,,
4.7,590,150.3036414,34.73864048,126.41538,0.137662,-0.008279,,,0,7,6470,100,0,0,4,82,102,,,,
4.8,604,150.7046246,34.73864257,126.4154258,0.137687,-0.007673,,,0,7,6496,100,0,0,4,82,102,,,,
4.9,618,151.2046224,34.73864467,126.4154718,0.140256,-0.010242,,,0,7,6535,100,0,0,4,82,102,,,,
5,631,151.7046186,34.7386468,126.415518,0.144736,-0.014716,,,0,7,6550,100,0,0,4,82,102,,,,
5.1,645,152.2046148,34.73864895,126.4155643,0.151116,-0.020452,,,0,7,6570,100,0,0,4,82,102,,,,
5.2,659,152.7066242,34.73865111,126.4156108,0.158101,-0.026149,,,0,7,6602,100,0,0,4,82,102,,,,
5.3,673,153.4046336,34.7386533,126.4156575,0.162517,-0.028029,,,0,7,6609,100,0,0,4,82,102,,,,
5.4,687,153.9056372,34.73865551,126.4157043,0.162492,-0.026729,,,0,7,6637,100,0,0,4,82,102,,,,
5.5,701,154.5056282,34.73865773,126.4157514,0.159911,-0.02288,,,0,7,6649,100,0,0,4,82,102,,,,
5.6,715,155.1056303,34.73865997,126.4157985,0.154162,-0.0165,,,0,7,6674,100,0,0,4,82,102,,,,
5.7,730,155.7046154,34.73866221,126.4158458,0.147152,-0.00949,,,0,7,6707,100,0,1,4,82,102,,,,
5.8,744,156.203617,34.73866445,126.4158933,0.140147,-0.002485,,,0,7,6714,100,0,1,4,82,102,,,,
5.9,758,156.6046131,34.73866669,126.4159409,0.133781,0.003881,,,0,7,6736,100,0,1,4,82,102,,,,
6,772,157.1036276,34.73866892,126.4159886,0.128064,0.009605,,,0,7,6761,100,0,1,4,82,102,,,,
6.1,787,157.5036178,34.73867114,126.4160364,0.124246,0.014053,,,0,7,6785,100,0,0,4,82,102,,,,
6.2,801,157.9046138,34.73867333,126.4160844,0.121072,0.017227,,,0,7,6787,100,0,0,4,82,102,,,,
6.3,816,158.4036283,34.73867552,126.4161325,0.119154,0.019113,,,0,7,6814,100,0,0,4,82,102,,,,
6.4,830,158.8036185,34.7386777,126.4161808,0.116611,0.018444,,,0,7,6847,100,0,0,4,82,102,,,,
6.5,845,159.2036087,34.7386799,126.4162292,0.114699,0.014582,,,0,7,6849,100,0,0,4,82,102,,,,
6.6,859,159.603623,34.73868213,126.4162777,0.112787,0.006896,,,0,7,6883,100,0,0,4,82,102,,,,
6.7,874,160.0036132,34.73868441,126.4163264,0.110882,-0.004582,,,0,7,6900,100,0,0,4,82,102,,,,
6.8,888,160.4036146,34.73868677,126.4163752,0.109626,-0.016659,,,0,7,6930,100,0,0,4,82,102,,,,
6.9,903,160.8036048,34.7386892,126.4164242,0.110282,-0.025537,,,0,7,6931,100,0,0,4,82,102,,,,
7,918,161.2026005,34.73869168,126.4164733,0.112851,-0.029948,,,0,7,6958,100,0,0,4,82,102,,,,
7.1,932,161.5036018,34.73869421,126.4165225,0.117338,-0.029247,,,0,7,6982,100,0,2,4,82,102,,,,
7.2,947,161.9046107,34.73869676,126.4165719,0.124348,-0.022198,,,0,7,7003,100,0,2,4,82,102,,,,
7.3,962,162.4046068,34.73869931,126.4166214,0.131346,-0.011376,,,0,7,7020,100,0,2,4,82,102,,,,
7.4,977,162.9046046,34.73870182,126.4166711,0.137076,-0.001842,,,0,7,7039,100,0,1,4,82,102,,,,
7.5,992,163.4046008,34.73870431,126.4167209,0.142155,0.005124,,,0,7,7061,100,0,0,4,82,102,,,,
7.6,1007,163.9046099,34.73870677,126.4167709,0.145322,0.007629,,,0,7,7076,100,0,0,4,82,102,,,,
7.7,1022,164.4056135,34.7387092,126.416821,0.146572,0.005666,,,0,7,7086,100,0,0,4,82,102,,,,
7.8,1037,165.004597,34.73871162,126.4168713,0.145271,-0.001357,,,0,7,7102,100,0,0,4,82,102,,,,
7.9,1052,165.5045932,34.73871405,126.4169217,0.141435,-0.009636,,,0,7,7122,100,0,0,4,82,102,,,,
8,1067,166.0045894,34.7387165,126.4169722,0.136317,-0.017271,,,0,7,7151,100,0,0,4,82,102,,,,
8.1,1082,166.5035926,34.73871897,126.4170228,0.1293,-0.023606,,,0,7,7174,100,0,0,4,82,102,,,,
8.2,1097,166.9046015,34.73872147,126.4170736,0.121665,-0.026136,,,0,7,7183,100,0,0,4,81,102,,,,
8.3,1113,167.4036031,34.73872402,126.4171244,0.115305,-0.026761,,,0,7,7205,100,0,0,4,81,102,,,,
8.4,1128,167.8025859,34.73872659,126.4171754,0.110251,-0.026117,,,0,7,7223,100,0,0,4,81,102,,,,
8.5,1143,168.1036,34.73872919,126.4172265,0.109652,-0.024843,,,0,7,7223,100,0,0,4,81,102,,,,
8.6,1158,168.5025828,34.73873184,126.4172776,0.112883,-0.023581,,,0,7,7240,100,0,0,4,81,102,,,,
8.7,1174,168.8035857,34.73873452,126.4173289,0.120537,-0.0236,,,0,7,7276,100,0,0,4,81,102,,,,
8.8,1189,169.2035872,34.73873726,126.4173803,0.128771,-0.025518,,,0,7,7263,100,0,0,4,81,102,,,,
8.9,1205,169.6035902,34.73874005,126.4174319,0.131824,-0.028074,,,0,7,7308,100,0,0,4,81,102,,,,
9,1220,170.004575,34.73874291,126.4174835,0.121416,-0.031273,,,0,7,7303,100,0,0,4,81,102,,,,
9.1,1236,170.50058,34.73874582,126.4175353,0.08985,-0.035735,,,0,7,7311,100,0,0,4,81,102,,,,
9.2,1251,170.6055959,34.73874879,126.4175871,0.024384,-0.040215,,,0,7,7336,100,0,0,4,81,102,,,,
9.3,1267,171.1955687,34.73875179,126.4176388,-0.086841,-0.046607,,,0,7,7374,100,0,0,4,81,102,,,,
9.4,1282,170.791576,34.7387548,126.4176903,-0.231119,-0.054905,,,0,7,7357,47,0,0,4,81,102,,,,
9.5,1298,169.9885749,34.7387578,126.4177414,-0.399429,-0.064478,,,0,7,7302,0,0,0,4,81,102,,,,
9.6,1313,168.8795884,34.73876077,126.417792,-0.573119,-0.075293,,,0,7,7069,0,0,0,4,81,102,,,,
9.7,1329,166.862609,34.7387637,126.4178419,-0.71644,-0.084177,,,0,7,7110,0,100,0,4,81,102,,,,
9.8,1343,163.1695937,34.73876661,126.4178903,-0.788795,-0.089244,,,0,7,6871,0,100,0,4,81,102,,,,
9.9,1358,160.1685963,34.73876951,126.4179378,-0.831336,-0.091124,,,0,7,6758,0,100,0,4,81,102,,,,
10,1372,157.0616238,34.7387724,126.4179843,-0.858015,-0.089837,,,0,7,6555,0,100,0,3,81,102,,,,
10.1,1386,153.2686267,34.73877528,126.4180295,-0.875707,-0.087294,,,0,7,6426,0,100,0,1,81,102,,,,
10.2,1400,150.1686291,34.73877814,126.4180727,-0.878262,-0.085376,,,0,7,6326,0,100,0,0,81,102,,,,
10.3,1413,147.0686427,34.738781,126.418116,-0.881449,-0.082833,,,0,7,6236,0,100,0,0,81,102,,,,
10.4,1427,143.9686451,34.73878386,126.4181592,-0.884623,-0.080914,,,0,7,6133,0,100,0,0,81,102,,,,
10.5,1439,140.8686588,34.7387867,126.4182008,-0.886528,-0.078365,,,0,7,6286,0,100,0,0,81,102,,,,
10.6,1452,137.7696686,34.73878951,126.4182404,-0.887803,-0.075816,,,0,7,6511,0,100,0,0,81,102,,,,
10.7,1464,134.7686695,34.73879233,126.41828,-0.889078,-0.07326,,,0,7,6899,0,100,0,0,81,102,,,,
10.8,1476,131.6696778,34.73879515,126.4183196,-0.890391,-0.070067,,,0,7,7164,0,100,0,0,81,102,,,,
10.9,1488,128.6686803,34.73879794,126.4183575,-0.895508,-0.066237,,,0,7,7086,0,100,0,0,81,102,,,,
11,1499,125.5696885,34.7388007,126.4183942,-0.902563,-0.061788,,,0,7,6843,0,100,0,0,81,102,,,,
11.1,1511,122.5656945,34.73880342,126.4184301,-0.914124,-0.058614,,,0,7,6586,0,100,0,0,81,102,,,,
11.2,1521,119.1677147,34.73880613,126.418465,-0.934729,-0.056728,,,0,7,6357,0,100,0,0,81,102,,,,
11.3,1532,115.9637199,34.73880878,126.4184989,-0.976225,-0.057403,,,0,7,6129,0,100,0,0,81,102,,,,
11.4,1542,112.3607295,34.73881131,126.4185317,-1.02463,-0.061909,,,0,7,5919,0,100,0,0,81,102,,,,
11.5,1552,108.4597328,34.73881374,126.4185633,-1.069771,-0.070876,,,0,7,5731,0,100,0,0,81,102,,,,
11.6,1562,104.4607434,34.73881609,126.4185938,-1.104015,-0.084337,,,0,7,5535,0,100,0,0,81,102,,,,
11.7,1571,100.5577511,34.73881837,126.418623,-1.121006,-0.105496,,,0,7,5376,0,100,0,0,81,102,,,,
11.8,1580,96.36076137,34.73882063,126.4186507,-1.116379,-0.139389,,,0,7,5635,0,100,0,0,81,102,,,,
11.9,1588,92.46177151,34.73882298,126.4186773,-1.095194,-0.184772,,,0,7,5860,0,100,0,0,81,102,,,,
12,1596,88.66178181,34.73882548,126.4187028,-1.058733,-0.24354,,,0,7,6033,0,100,0,0,81,102,,,,
12.1,1604,84.86579615,34.73882819,126.4187273,-1.00892,-0.315666,,,0,7,6246,0,100,0,0,81,102,,,,
12.2,1611,81.46879806,34.73883122,126.4187508,-0.948948,-0.398613,,,0,7,6371,0,100,-18,0,81,102,,,,
12.3,1618,78.37080729,34.73883475,126.4187732,-0.882647,-0.491044,,,0,7,6256,0,100,-25,0,81,102,,,,
12.4,1625,75.47181142,34.73883879,126.4187947,-0.814441,-0.585336,,,0,7,6037,0,100,-27,0,81,102,,,,
12.5,1632,72.67482839,34.73884336,126.4188153,-0.744979,-0.676384,,,0,7,5714,0,100,-52,1,81,102,,,,
12.6,1638,70.17683498,34.73884854,126.4188351,-0.676154,-0.758471,,,0,7,5435,0,100,-77,2,81,102,,,,
12.7,1644,67.87983204,34.73885438,126.418854,-0.607961,-0.827818,,,0,7,5300,0,100,-99,2,81,102,,,,
12.8,1650,65.88184126,34.73886108,126.418872,-0.539748,-0.885101,,,0,7,5162,0,100,-103,2,81,102,,,,
12.9,1656,64.08484578,34.73886847,126.4188892,-0.469643,-0.934742,,,0,7,5021,0,21,-103,2,81,102,,,,
13,1662,62.58784576,34.73887652,126.4189057,-0.399531,-0.977372,,,0,7,4963,0,0,-103,2,81,102,,,,
13.1,1668,61.38885205,34.73888521,126.4189215,-0.328795,-1.012992,,,0,7,4978,0,0,-103,2,81,102,,,,
13.2,1673,60.29585109,34.73889455,126.4189364,-0.258727,-1.041589,,,0,7,4933,0,0,-116,2,81,102,,,,
13.3,1679,59.89485506,34.73890462,126.4189504,-0.19249,-1.061881,,,0,7,4865,0,0,-125,2,81,102,,,,
13.4,1684,59.39385786,34.73891523,126.4189635,-0.130715,-1.071996,,,0,7,4809,3,0,-128,2,81,102,,,,
13.5,1689,58.79485508,34.73892635,126.4189759,-0.073413,-1.073825,,,0,7,4819,11,0,-128,2,81,102,,,,
13.6,1695,58.3018563,34.738938,126.4189875,-0.021847,-1.067407,,,0,7,4833,13,0,-128,2,81,102,,,,
13.7,1700,58.50185864,34.7389502,126.4189983,0.023944,-1.056598,,,0,7,4883,19,0,-128,2,81,102,,,,
13.8,1705,58.70286037,34.73896309,126.419008,0.060176,-1.048377,,,0,7,4947,31,0,-127,2,81,102,,,,
13.9,1711,59.00285583,34.73897654,126.4190168,0.086861,-1.046535,,,0,7,5084,34,0,-125,2,81,102,,,,
14,1716,59.3048517,34.73899053,126.4190248,0.105273,-1.05171,,,0,7,5185,33,0,-119,2,81,102,,,,
14.1,1722,59.80385332,34.73900504,126.4190318,0.116656,-1.064539,,,0,7,5168,31,0,-117,2,81,102,,,,
14.2,1727,60.20585197,34.73902005,126.4190378,0.119103,-1.085634,,,0,7,5176,29,0,-119,2,81,102,,,,
14.3,1733,60.80385374,34.73903558,126.4190424,0.111391,-1.113046,,,0,7,5249,29,0,-123,2,81,102,,,,
14.4,1738,61.20285419,34.7390514,126.419046,0.097326,-1.141062,,,0,7,5407,29,0,-123,2,81,102,,,,
14.5,1744,61.50284965,34.73906744,126.4190484,0.078843,-1.166511,,,0,7,5504,29,0,-123,2,81,102,,,,
14.6,1749,61.80084953,34.73908366,126.4190498,0.060393,-1.187504,,,0,7,5406,20,0,-122,2,81,102,,,,
14.7,1755,61.90034698,34.73909996,126.41905,0.045256,-1.204699,,,0,7,5351,21,0,-121,2,81,102,,,,
14.8,1761,61.95035078,34.73911629,126.4190487,0.046059,-1.220626,,,0,7,5478,20,0,-117,2,81,102,,,,
14.9,1766,62.00085187,34.73913257,126.4190464,0.06342,-1.235864,,,0,7,5487,20,0,-115,2,81,102,,,,
15,1772,62.10234972,34.73914878,126.4190429,0.096026,-1.245328,,,0,7,5477,17,0,-102,2,81,102,,,,
15.1,1778,62.35234782,34.73916486,126.4190383,0.138726,-1.245194,,,0,7,5358,16,0,-96,2,81,102,,,,
15.2,1783,62.61384465,34.73918075,126.4190325,0.181236,-1.231619,,,0,7,5354,17,0,-102,2,81,102,,,,
15.3,1789,64.00884309,34.73919634,126.4190254,0.204593,-1.199008,,,0,7,5296,16,0,-129,2,81,102,,,,
15.4,1795,64.90684032,34.73921162,126.4190173,0.205664,-1.155612,,,0,7,5281,16,0,-129,2,81,103,,,,
15.5,1801,65.60783825,34.73922655,126.4190084,0.186379,-1.106519,,,0,7,5299,16,0,-141,2,81,103,,,,
15.6,1807,66.40384035,34.73924112,126.4189986,0.150574,-1.055572,,,0,7,5323,17,0,-141,2,81,103,,,,
15.7,1813,66.80033666,34.73925523,126.4189879,0.103431,-1.008531,,,0,7,5313,16,0,-141,2,81,103,,,,
15.8,1819,66.85033403,34.73926876,126.4189764,0.058264,-0.973625,,,0,7,5290,17,0,-141,2,81,103,,,,
15.9,1825,66.89934165,34.73928178,126.4189642,0.021427,-0.953409,,,0,7,5329,19,0,-140,2,81,103,,,,
16,1831,66.84933945,34.73929425,126.4189512,-0.002632,-0.951038,,,0,7,5364,18,0,-129,2,81,103,,,,
16.1,1838,66.80050886,34.73930612,126.4189375,-0.010726,-0.966493,,,0,7,5345,18,0,-128,2,81,103,,,,
16.2,1844,66.86717255,34.73931728,126.4189229,0.000306,-0.997728,,,0,7,5342,18,0,-128,2,81,103,,,,
16.3,1850,66.93383785,34.73932755,126.4189073,0.031,-1.029486,,,0,7,5362,18,0,-129,2,81,103,,,,
16.4,1856,67.00283669,34.73933709,126.4188909,0.071826,-1.050359,,,0,7,5356,18,0,-128,2,81,103,,,,
16.5,1862,67.30583357,34.73934592,126.4188736,0.116439,-1.055272,,,0,7,5369,23,0,-124,2,81,103,,,,
16.6,1868,67.90583093,34.73935408,126.4188556,0.160994,-1.041659,,,0,7,5496,30,0,-98,2,81,103,,,,
16.7,1874,68.5078287,34.73936158,126.4188369,0.199737,-1.005115,,,0,7,5566,32,0,-63,2,81,103,,,,
16.8,1881,69.30883423,34.73936838,126.4188174,0.225134,-0.947036,,,0,7,5571,41,0,-52,2,81,103,,,,
16.9,1887,70.20783248,34.73937472,126.4187974,0.240991,-0.880767,,,0,7,5660,55,0,-72,2,81,103,,,,
17,1894,71.00782412,34.73938064,126.418777,0.249232,-0.81583,,,0,7,5729,66,0,-71,2,81,103,,,,
17.1,1900,71.80882966,34.73938614,126.418756,0.253055,-0.757987,,,0,7,5787,69,0,-64,2,81,103,,,,
17.2,1907,72.70782629,34.73939118,126.4187347,0.25695,-0.71549,,,0,7,5859,75,0,-51,2,81,103,,,,
17.3,1913,73.50981996,34.73939563,126.4187127,0.267841,-0.693324,,,0,7,5954,78,0,-51,2,81,103,,,,
17.4,1920,74.50981878,34.73939957,126.4186901,0.28445,-0.685128,,,0,7,6024,81,0,-51,2,81,103,,,,
17.5,1927,75.51081377,34.73940297,126.4186671,0.304857,-0.685797,,,0,7,6103,83,0,-50,2,81,103,,,,
17.6,1934,76.61181316,34.73940582,126.4186434,0.326513,-0.689608,,,0,7,6199,86,0,-49,2,81,103,,,,
17.7,1941,77.81380828,34.73940808,126.4186192,0.34685,-0.692062,,,0,7,6292,90,0,-49,2,81,103,,,,
17.8,1948,79.21381016,34.73940963,126.4185943,0.361451,-0.684975,,,0,7,6397,94,0,-48,2,81,103,,,,
17.9,1956,80.61280459,34.73941069,126.418569,0.370342,-0.670234,,,0,7,6465,100,0,-42,2,81,103,,,,
18,1963,81.91280531,34.73941128,126.4185433,0.376052,-0.647226,,,0,7,6549,100,0,-26,2,81,104,,,,
18.1,1971,83.21279958,34.73941144,126.4185172,0.379233,-0.617852,,,0,7,6635,100,0,-26,2,81,105,,,,
18.2,1978,84.51179446,34.73941119,126.4184907,0.381776,-0.582723,,,0,7,6722,100,0,-26,2,81,105,,,,
18.3,1986,85.711794,34.7394105,126.4184638,0.38363,-0.539978,,,0,7,6851,100,0,-25,2,81,105,,,,
18.4,1994,86.9137843,34.73940952,126.4184365,0.379679,-0.492765,,,0,7,6922,100,0,-24,2,81,105,,,,
18.5,2002,88.31378457,34.73940829,126.4184089,0.36293,-0.44046,,,0,7,6993,100,0,-20,2,81,105,,,,
18.6,2010,89.70978402,34.73940685,126.418381,0.328234,-0.3837,,,0,7,7068,100,0,-16,2,81,105,,,,
18.7,2019,90.71377882,34.73940524,126.4183528,0.265388,-0.323129,,,0,7,7175,100,0,0,2,81,105,,,,
18.8,2027,92.10377383,34.73940352,126.4183246,0.163786,-0.259989,,,0,7,7245,73,0,0,2,81,105,,,,
18.9,2036,92.49877185,34.73940179,126.4182964,0.035505,-0.192363,,,0,7,7277,0,0,0,2,81,105,,,,
19,2044,92.39576926,34.73940011,126.4182686,-0.110499,-0.117681,,,0,7,7027,0,0,0,2,81,105,,,,
19.1,2052,91.98877522,34.73939856,126.4182412,-0.26208,-0.031452,,,0,7,6979,0,16,3,2,81,105,,,,
19.2,2061,90.87577821,34.73939722,126.4182144,-0.403196,0.073974,,,0,7,6934,0,100,10,2,81,105,,,,
19.3,2069,88.47978155,34.73939628,126.4181885,-0.507321,0.206098,,,0,7,6626,0,100,23,2,81,105,,,,
19.4,2077,86.47679377,34.73939581,126.4181633,-0.571927,0.357882,,,0,7,6319,0,100,30,2,81,105,,,,
19.5,2084,84.17279664,34.73939589,126.4181388,-0.596432,0.519756,,,0,7,6045,0,100,49,2,81,105,,,,
19.6,2092,81.48080051,34.73939662,126.418115,-0.585961,0.680737,,,0,7,5865,0,100,54,2,81,105,,,,
19.7,2099,79.58480487,34.73939811,126.418092,-0.548359,0.815321,,,0,7,5739,0,100,74,2,81,105,,,,
19.8,2106,78.08280785,34.73940079,126.4180695,-0.510833,0.897344,,,0,7,5674,0,100,74,2,81,105,,,,
19.9,2113,76.38381796,34.73940422,126.4180476,-0.480974,0.960305,,,0,7,5623,0,82,82,2,81,105,,,,
20,2120,74.78681838,34.73940843,126.4180263,-0.460631,1.009895,,,0,7,5572,0,82,103,2,81,105,,,,
20.1,2127,73.48681606,34.73941364,126.4180058,-0.445227,1.047204,,,0,7,5424,0,65,125,2,81,105,,,,
20.2,2133,72.18582721,34.73942031,126.4179867,-0.419097,1.055496,,,0,7,5355,0,0,125,2,81,105,,,,
20.3,2140,70.78682634,34.73942697,126.4179676,-0.392967,1.064412,,,0,7,5339,0,0,126,2,81,105,,,,
20.4,2146,69.48782663,34.73943364,126.4179485,-0.366824,1.072691,,,0,7,5311,0,0,129,2,81,105,,,,
20.5,2152,68.28983394,34.73944154,126.4179307,-0.339412,1.080313,,,0,7,5243,0,0,135,2,81,105,,,,
20.6,2158,67.29083613,34.73945087,126.4179144,-0.311364,1.085412,,,0,7,5176,0,0,136,2,81,105,,,,
20.7,2164,66.38983587,34.7394602,126.4178981,-0.282691,1.09051,,,0,7,5122,0,0,139,2,81,105,,,,
20.8,2170,65.38983706,34.73946953,126.4178818,-0.254916,1.095679,,,0,7,5040,0,0,151,2,81,105,,,,
20.9,2176,64.38884367,34.73948006,126.4178669,-0.253699,1.107807,,,0,7,4974,0,0,151,2,81,105,,,,
21,2182,63.28984469,34.73949138,126.4178531,-0.258077,1.121803,,,0,7,4903,0,0,151,2,81,105,,,,
21.1,2188,62.29084528,34.73950323,126.4178402,-0.254209,1.133275,,,0,7,4845,0,0,152,2,81,105,,,,
21.2,2193,61.38985306,34.73951571,126.4178282,-0.245892,1.144746,,,0,7,4785,0,0,161,2,81,105,,,,
21.3,2199,60.39185466,34.73952882,126.4178174,-0.23428,1.156199,,,0,7,4710,0,0,162,2,81,105,,,,
21.4,2204,59.59285758,34.73954224,126.4178077,-0.208634,1.165689,,,0,7,4653,0,0,162,2,81,105,,,,
21.5,2209,58.89585565,34.73955602,126.4177992,-0.167692,1.168117,,,0,7,4581,0,0,161,2,81,105,,,,
21.6,2215,58.4978546,34.73957015,126.4177917,-0.111487,1.158404,,,0,7,4566,20,0,160,2,81,105,,,,
21.7,2220,58.29585346,34.73958459,126.4177853,-0.043236,1.133408,,,0,7,4580,39,0,158,2,81,105,,,,
21.8,2225,57.90186128,34.73959942,126.4177801,0.030668,1.094506,,,0,7,4750,47,0,152,2,82,105,,,,
21.9,2231,58.10485699,34.73961455,126.4177757,0.101985,1.053112,,,0,7,4884,46,0,150,2,82,105,,,,
22,2236,58.60785621,34.73962998,126.4177722,0.166902,1.014936,,,0,7,5101,44,0,130,2,82,105,,,,
22.1,2241,59.40785429,34.7396457,126.4177695,0.222872,0.983166,,,0,7,5092,43,0,125,2,82,105,,,,
22.2,2247,60.21285582,34.73966169,126.4177678,0.267338,0.960993,,,0,7,5162,43,0,98,2,82,105,,,,
22.3,2253,61.51184908,34.739678,126.4177672,0.297177,0.952154,,,0,7,5290,42,0,87,2,82,105,,,,
22.4,2258,62.71084922,34.73969452,126.4177676,0.315558,0.951555,,,0,7,5287,42,0,84,2,82,105,,,,
22.5,2264,63.81284479,34.73971124,126.4177689,0.323754,0.95476,,,0,7,5254,42,0,74,2,82,105,,,,
22.6,2270,65.10983764,34.73972813,126.4177711,0.323046,0.959865,,,0,7,5300,42,0,74,2,82,105,,,,
22.7,2276,66.10883545,34.73974516,126.4177744,0.315379,0.965608,,,0,7,5369,42,0,100,2,82,105,,,,
22.8,2282,67.0098341,34.73976231,126.4177789,0.3058,0.972026,,,0,7,5432,42,0,124,2,82,105,,,,
22.9,2288,68.01183494,34.73977953,126.4177844,0.294322,0.982911,,,0,7,5538,42,0,111,2,82,105,,,,
23,2295,69.21083508,34.73979675,126.4177909,0.282194,0.998901,,,0,7,5608,42,0,108,2,82,105,,,,
23.1,2301,70.30983405,34.73981391,126.4177985,0.268205,1.02057,,,0,7,5673,42,0,103,2,82,105,,,,
23.2,2308,71.30882703,34.7398309,126.4178071,0.257447,1.042035,,,0,7,5765,42,0,99,2,82,105,,,,
23.3,2314,72.20882468,34.7398476,126.4178172,0.25433,1.042979,,,0,7,5846,42,0,82,2,82,105,,,,
23.4,2321,73.10781649,34.73986404,126.4178282,0.258192,1.010698,,,0,7,5901,42,0,77,2,82,105,,,,
23.5,2328,73.90782101,34.73988023,126.4178402,0.265834,0.936954,,,0,7,5968,42,0,73,2,82,105,,,,
23.6,2334,74.70982111,34.73989625,126.4178529,0.272761,0.817934,,,0,7,6031,41,0,54,2,82,105,,,,
23.7,2341,75.70781791,34.73991217,126.4178662,0.27134,0.651159,,,0,7,6062,41,0,26,2,82,105,,,,
23.8,2348,76.50780956,34.73992816,126.41788,0.255286,0.441301,,,0,7,6046,42,0,4,2,82,105,,,,
23.9,2355,77.30781408,34.73994438,126.4178937,0.227148,0.213752,,,0,7,6040,43,0,0,2,82,105,,,,
24,2362,78.10680633,34.73996089,126.4179072,0.18947,-0.01622,,,0,7,6126,38,0,0,2,82,105,,,,
24.1,2370,78.80381309,34.73997774,126.4179204,0.144175,-0.235854,,,0,7,6190,29,0,-20,2,82,105,,,,
24.2,2377,79.20381616,34.73999497,126.4179329,0.094445,-0.431142,,,0,7,6225,29,0,-38,2,82,105,,,,
24.3,2384,79.60080332,34.74001265,126.4179446,0.042828,-0.589562,,,0,7,6321,26,0,-52,2,82,105,,,,
24.4,2391,79.69880891,34.74003061,126.4179555,-0.008145,-0.720608,,,0,7,6353,22,0,-70,2,82,105,,,,
24.5,2399,79.5978019,34.74004883,126.4179654,-0.057831,-0.827468,,,0,7,6358,19,0,-77,2,82,105,,,,
24.6,2406,79.39481102,34.74006725,126.4179744,-0.104961,-0.913321,,,0,7,6408,0,0,-77,2,82,105,,,,
24.7,2413,78.89380739,34.74008584,126.4179824,-0.148878,-0.980744,,,0,7,6319,0,0,-77,2,82,105,,,,
24.8,2420,78.29180962,34.74010455,126.417989,-0.187041,-1.034846,,,0,7,6151,0,0,-77,2,82,105,,,,
24.9,2427,77.49181153,34.74012331,126.4179945,-0.217556,-1.081951,,,0,7,6028,0,0,-77,2,82,105,,,,
25,2434,76.69081887,34.74014208,126.4179989,-0.240404,-1.123313,,,0,7,5974,0,0,-77,2,82,105,,,,
25.1,2441,75.79081962,34.74016083,126.4180021,-0.253692,-1.158302,,,0,7,5907,0,0,-90,2,82,105,,,,
25.2,2448,74.88981453,34.74017952,126.4180041,-0.257408,-1.186905,,,0,7,5809,0,0,-91,2,82,105,,,,
25.3,2455,73.89082155,34.74019805,126.4180046,-0.250347,-1.20786,,,0,7,5711,0,0,-93,2,82,105,,,,
25.4,2461,72.9918233,34.74021642,126.4180039,-0.238212,-1.221174,,,0,7,5630,0,0,-94,2,82,105,,,,
25.5,2468,72.19282623,34.74023459,126.418002,-0.22356,-1.227483,,,0,7,5574,0,0,-96,2,82,105,,,,
25.6,2474,71.49282931,34.74025249,126.417999,-0.209564,-1.227426,,,0,7,5518,0,0,-102,2,82,105,,,,
25.7,2481,70.79383179,34.74027003,126.4179948,-0.198137,-1.221652,,,0,7,5440,0,0,-102,2,82,105,,,,
25.8,2487,70.19383444,34.74028706,126.4179893,-0.191114,-1.212047,,,0,7,5349,0,0,-103,2,82,105,,,,
25.9,2494,69.59383225,34.74030359,126.4179828,-0.182784,-1.197969,,,0,7,5284,0,0,-103,2,82,105,,,,
26,2500,68.99283388,34.74031959,126.4179753,-0.169961,-1.178148,,,0,7,5236,0,0,-102,2,82,105,,,,
26.1,2506,68.29583195,34.74033506,126.4179668,-0.149465,-1.151922,,,0,7,5179,0,0,-102,2,82,105,,,,
26.2,2512,67.8928339,34.74034998,126.4179575,-0.118746,-1.116117,,,0,7,5111,2,0,-102,2,82,105,,,,
26.3,2518,67.19784042,34.74036428,126.417947,-0.075357,-1.06893,,,0,7,5123,23,0,-102,2,82,105,,,,
26.4,2524,67.0011662,34.7403782,126.4179358,-0.026908,-1.019264,,,0,7,5178,41,0,-103,2,82,105,,,,
26.5,2531,67.13450163,34.74039175,126.4179238,0.022778,-0.974135,,,0,7,5385,42,0,-102,2,82,105,,,,
26.6,2537,67.26783223,34.74040494,126.4179109,0.069895,-0.941204,,,0,7,5434,39,0,-102,2,83,105,,,,
26.7,2543,67.40683414,34.74041773,126.4178972,0.1125,-0.929401,,,0,7,5486,39,0,-101,2,83,105,,,,
26.8,2549,68.10483065,34.74042995,126.4178824,0.145597,-0.948068,,,0,7,5594,37,0,-99,2,83,105,,,,
26.9,2555,68.60682886,34.74044157,126.4178666,0.174244,-0.985116,,,0,7,5611,36,0,-96,2,83,105,,,,
27,2562,69.30883423,34.74045253,126.4178499,0.199705,-1.030353,,,0,7,5705,35,0,-77,2,83,105,,,,
27.1,2568,70.20783248,34.74046279,126.4178322,0.221999,-1.074182,,,0,7,5773,35,0,-74,2,83,105,,,,
27.2,2574,71.00982453,34.74047223,126.4178135,0.242973,-1.10318,,,0,7,5787,35,0,-77,2,83,105,,,,
27.3,2581,72.00882395,34.74048071,126.4177937,0.258205,-1.100401,,,0,7,5850,36,0,-77,2,83,105,,,,
27.4,2588,72.9088232,34.74048854,126.4177732,0.267051,-1.074736,,,0,7,5902,36,0,-77,2,83,105,,,,
27.5,2594,73.80882085,34.74049576,126.417752,0.268268,-1.031927,,,0,7,5955,38,0,-76,2,83,105,,,,
27.6,2601,74.70982111,34.74050244,126.4177304,0.263763,-0.97836,,,0,7,6045,40,0,-64,2,83,105,,,,
27.7,2608,75.70781791,34.7405086,126.4177082,0.25484,-0.921721,,,0,7,6113,45,0,-52,2,83,105,,,,
27.8,2615,76.50780956,34.74051417,126.4176856,0.245956,-0.873393,,,0,7,6168,58,0,-51,2,83,105,,,,
27.9,2622,77.30781408,34.74051924,126.4176625,0.240908,-0.835893,,,0,7,6234,69,0,-51,2,83,105,,,,
28,2629,78.10780573,34.74052379,126.417639,0.240959,-0.808577,,,0,7,6292,78,0,-51,2,83,105,,,,
28.1,2636,78.90880483,34.7405278,126.4176151,0.246115,-0.790159,,,0,7,6387,83,0,-51,2,83,105,,,,
28.2,2644,79.80881052,34.74053119,126.4175907,0.256981,-0.778056,,,0,7,6502,88,0,-51,2,83,105,,,,
28.3,2651,80.70980917,34.74053384,126.4175656,0.270996,-0.766565,,,0,7,6546,90,0,-51,2,83,105,,,,
28.4,2659,81.71080256,34.74053592,126.4175401,0.284361,-0.75315,,,0,7,6606,92,0,-50,2,83,105,,,,
28.5,2666,82.81080254,34.74053745,126.4175142,0.295794,-0.736541,,,0,7,6705,93,0,-49,2,83,105,,,,
28.6,2674,83.90979508,34.74053846,126.4174879,0.303391,-0.716102,,,0,7,6802,100,0,-48,2,83,105,,,,
28.7,2681,84.9107949,34.74053897,126.4174612,0.30589,-0.69117,,,0,7,6909,100,0,-46,2,83,105,,,,
28.8,2689,86.01078845,34.7405389,126.4174341,0.303296,-0.658584,,,0,7,7023,100,0,-39,2,83,105,,,,
28.9,2697,87.11078843,34.74053844,126.4174067,0.296253,-0.617718,,,0,7,7079,100,0,-26,2,83,105,,,,
29,2705,88.21078842,34.74053761,126.417379,0.286031,-0.569205,,,0,7,7182,100,0,-26,2,83,105,,,,
29.1,2713,89.30877994,34.74053644,126.4173511,0.273265,-0.513045,,,0,7,7158,100,0,-21,2,83,105,,,,
29.2,2722,90.20678362,34.74053495,126.417323,0.258632,-0.44928,,,0,7,7214,100,0,-20,2,83,105,,,,
29.3,2730,90.90777671,34.74053313,126.4172945,0.246555,-0.382387,,,0,7,7289,100,0,-17,2,83,105,,,,
29.4,2738,91.70878064,34.7405311,126.4172659,0.237658,-0.318062,,,0,7,7367,25,0,-13,1,83,105,,,,
29.5,2747,92.60777245,34.74052891,126.4172371,0.231297,-0.258249,,,0,7,7409,0,0,0,0,83,105,,,,
29.6,2755,93.40777053,34.74052655,126.4172081,0.226211,-0.208041,,,0,7,7215,1,0,0,0,83,105,,,,
29.7,2764,94.20677405,34.74052404,126.4171789,0.222394,-0.171867,,,0,7,6926,100,0,0,0,83,105,,,,
29.8,2772,94.90676614,34.74052147,126.4171496,0.219201,-0.150867,,,0,7,5971,100,0,0,0,84,105,,,,
29.9,2781,95.60776406,34.74051885,126.41712,0.215371,-0.133015,,,0,7,5231,100,0,0,0,85,105,,,,
30,2790,96.40876316,34.74051617,126.4170903,0.210909,-0.114546,,,0,7,5287,100,0,0,0,85,105,,,,
30.1,2799,97.30676039,34.74051341,126.4170604,0.206467,-0.097446,,,0,7,5443,100,0,0,0,85,105,,,,
30.2,2808,98.00775832,34.74051056,126.4170301,0.203924,-0.091073,,,0,7,5474,100,0,0,0,85,105,,,,
30.3,2817,98.8067554,34.7405077,126.4169998,0.202012,-0.0847,,,0,7,5451,100,0,0,1,85,105,,,,
30.4,2826,99.50675392,34.74050485,126.4169695,0.2001,-0.07834,,,0,7,5493,100,0,0,3,85,105,,,,
30.5,2835,100.2057563,34.7405019,126.4169389,0.198195,-0.073241,,,0,7,5537,100,0,0,3,85,105,,,,
30.6,2844,100.8057536,34.74049885,126.4169079,0.19692,-0.068149,,,0,7,5569,100,0,0,3,85,105,,,,
30.7,2853,101.405751,34.74049579,126.416877,0.195645,-0.063681,,,0,7,5601,100,0,0,3,85,105,,,,
30.8,2863,102.0067477,34.74049273,126.416846,0.194371,-0.058576,,,0,7,5626,100,0,0,3,85,105,,,,
30.9,2872,102.7067527,34.74048959,126.4168147,0.193109,-0.052866,,,0,7,5682,100,0,0,3,85,105,,,,
31,2881,103.4067496,34.74048637,126.4167831,0.193128,-0.049717,,,0,7,5722,100,0,0,3,85,105,,,,
31.1,2891,104.1067353,34.74048309,126.4167514,0.195046,-0.050387,,,0,7,5734,100,0,0,3,85,105,,,,
31.2,2901,104.8067451,34.74047976,126.4167194,0.197608,-0.054249,,,0,7,5789,100,0,0,3,85,105,,,,
31.3,2910,105.5077494,34.74047635,126.4166873,0.201426,-0.061916,,,0,7,5833,100,0,0,3,85,105,,,,
31.4,2920,106.3067352,34.74047281,126.4166549,0.204606,-0.071469,,,0,7,5865,100,0,0,3,85,105,,,,
31.5,2930,107.0067322,34.74046916,126.4166223,0.207143,-0.080385,,,0,7,5901,100,0,0,3,85,105,,,,
31.6,2939,107.7077494,34.74046538,126.4165896,0.208411,-0.088651,,,0,7,5937,100,0,0,3,85,105,,,,
31.7,2949,108.5067336,34.74046148,126.4165567,0.209042,-0.095012,,,0,7,5979,100,0,0,3,85,105,,,,
31.8,2959,109.207738,34.74045743,126.4165235,0.209048,-0.100104,,,0,7,6024,100,0,0,3,85,105,,,,
31.9,2969,110.0067238,34.74045327,126.4164902,0.209686,-0.104572,,,0,7,6059,100,0,0,3,85,105,,,,
32,2979,110.7077394,34.74044901,126.4164566,0.210317,-0.10967,,,0,7,6094,100,0,0,3,85,105,,,,
32.1,2990,111.5067252,34.74044463,126.416423,0.210323,-0.114782,,,0,7,6140,100,0,0,3,85,105,,,,
32.2,3000,112.2067221,34.74044014,126.4163891,0.21096,-0.121149,,,0,7,6196,100,0,0,3,85,105,,,,
32.3,3010,112.9077281,34.74043549,126.416355,0.211604,-0.126878,,,0,7,6209,100,0,0,3,85,105,,,,
32.4,3020,113.7067252,34.7404307,126.4163207,0.212879,-0.13197,,,0,7,6261,100,0,0,3,85,105,,,,
32.5,3031,114.4077295,34.74042576,126.4162863,0.214153,-0.136419,,,0,7,6305,100,0,0,3,85,105,,,,
32.6,3041,115.2077212,34.74042068,126.4162517,0.215422,-0.139586,,,0,7,6347,100,0,0,3,85,105,,,,
32.7,3052,116.0067183,34.74041543,126.4162169,0.216053,-0.140855,,,0,7,6372,100,0,0,3,85,105,,,,
32.8,3063,116.7077226,34.74041003,126.4161821,0.216053,-0.141492,,,0,7,6420,100,0,0,3,85,105,,,,
32.9,3073,117.5067084,34.74040445,126.416147,0.216046,-0.142129,,,0,7,6484,100,0,0,3,85,105,,,,
33,3084,118.2077241,34.74039871,126.4161117,0.215402,-0.142786,,,0,7,6492,100,0,0,3,85,105,,,,
33.1,3095,119.0077173,34.7403928,126.4160761,0.214134,-0.145348,,,0,7,6537,100,0,0,3,85,105,,,,
33.2,3106,119.8067015,34.74038673,126.4160404,0.213497,-0.149184,,,0,7,6589,100,0,0,3,85,105,,,,
33.3,3117,120.5067001,34.74038044,126.4160044,0.212866,-0.154308,,,0,7,6628,100,0,0,3,85,105,,,,
33.4,3128,121.2077157,34.74037397,126.4159682,0.212872,-0.161963,,,0,7,6663,100,0,0,3,85,105,,,,
33.5,3139,122.0077073,34.74036733,126.4159319,0.21351,-0.170267,,,0,7,6704,100,0,0,3,85,105,,,,
33.6,3150,122.806706,34.7403605,126.4158954,0.21416,-0.180464,,,0,7,6741,100,0,0,3,85,105,,,,
33.7,3161,123.5076975,34.74035346,126.4158586,0.216078,-0.190661,,,0,7,6800,100,0,0,3,85,105,,,,
33.8,3173,124.307702,34.74034617,126.4158217,0.218634,-0.200858,,,0,7,6841,100,0,0,3,85,105,,,,
33.9,3184,125.1076937,34.74033868,126.4157846,0.221808,-0.211043,,,0,7,6875,100,0,0,3,85,105,,,,
34,3196,125.9066908,34.74033099,126.4157474,0.223707,-0.219965,,,0,7,6914,100,0,0,3,85,105,,,,
34.1,3207,126.6076951,34.74032308,126.41571,0.224319,-0.228888,,,0,7,6957,100,0,0,3,86,105,,,,
34.2,3219,127.4076996,34.74031493,126.4156724,0.222349,-0.237798,,,0,7,6964,100,0,0,3,86,105,,,,
34.3,3230,128.2076913,34.74030649,126.4156347,0.21465,-0.245452,,,0,7,7041,100,0,0,3,86,105,,,,
34.4,3242,129.0066771,34.74029781,126.4155969,0.201859,-0.253737,,,0,7,7077,100,0,0,3,86,105,,,,
34.5,3254,129.7076815,34.74028888,126.4155589,0.18462,-0.262029,,,0,7,7093,100,0,0,3,86,105,,,,
34.6,3266,130.5046781,34.7402797,126.4155209,0.164213,-0.270964,,,0,7,7118,100,0,0,3,86,105,,,,
34.7,3278,131.0036798,34.74027024,126.4154829,0.142576,-0.281167,,,0,7,7218,100,0,0,3,86,105,,,,
34.8,3290,131.4036941,34.74026046,126.4154449,0.124157,-0.292002,,,0,7,7259,100,0,0,2,86,105,,,,
34.9,3302,131.8026768,34.7402504,126.4154068,0.112124,-0.302843,,,0,7,7240,46,0,0,1,86,105,,,,
35,3314,132.1016777,34.74024006,126.4153687,0.107746,-0.314308,,,0,7,7337,0,0,0,0,86,105,,,,
35.1,3326,132.304675,34.74022943,126.4153307,0.111653,-0.325149,,,0,7,7157,1,0,0,0,86,105,,,,
35.2,3338,132.8036767,34.74021846,126.4152926,0.123819,-0.336589,,,0,7,6979,100,0,0,0,86,105,,,,
35.3,3350,133.2046614,34.74020708,126.4152544,0.141671,-0.344836,,,0,7,6293,100,0,0,0,86,105,,,,
35.4,3362,133.7066709,34.74019536,126.4152162,0.160121,-0.349259,,,0,7,5658,100,0,0,0,86,105,,,,
35.5,3375,134.4076881,34.74018329,126.4151779,0.175379,-0.349833,,,0,7,5804,100,0,0,0,86,105,,,,
35.6,3387,135.2066611,34.7401709,126.4151396,0.186787,-0.344033,,,0,7,5842,100,0,0,0,86,105,,,,
35.7,3399,135.9056763,34.74015815,126.4151012,0.191847,-0.331835,,,0,7,5855,100,0,0,0,86,105,,,,
35.8,3412,136.5066618,34.74014503,126.4150626,0.193096,-0.310746,,,0,7,5889,100,0,0,0,86,105,,,,
35.9,3424,137.2056641,34.74013165,126.415024,0.191822,-0.283946,,,0,7,5900,100,0,0,2,86,105,,,,
36,3437,137.8066625,34.74011804,126.4149854,0.190541,-0.253979,,,0,7,5939,100,0,0,4,86,105,,,,
36.1,3449,138.5066594,34.74010422,126.4149466,0.188635,-0.222757,,,0,7,5957,100,0,0,4,86,105,,,,
36.2,3462,139.2056634,34.74009021,126.4149078,0.187379,-0.192229,,,0,7,5980,100,0,0,4,86,105,,,,
36.3,3475,139.8066601,34.740076,126.4148688,0.188029,-0.168068,,,0,7,6010,100,0,0,4,86,105,,,,
36.4,3488,140.5066586,34.74006165,126.4148297,0.189948,-0.14963,,,0,7,6055,100,0,0,4,86,105,,,,
36.5,3501,141.2056497,34.74004716,126.4147905,0.192503,-0.135654,,,0,7,6060,100,0,0,4,86,105,,,,
36.6,3513,141.8066594,34.74003252,126.4147512,0.19569,-0.126088,,,0,7,6111,100,0,0,4,86,105,,,,
36.7,3526,142.506645,34.74001773,126.4147118,0.198858,-0.115814,,,0,7,6125,100,0,0,4,86,105,,,,
36.8,3539,143.2066419,34.74000276,126.4146723,0.2001,-0.097854,,,0,7,6168,100,0,0,4,86,105,,,,
36.9,3553,143.9066517,34.73998767,126.4146325,0.198137,-0.068391,,,0,7,6246,100,0,0,4,86,105,,,,
37,3566,144.6076561,34.73997251,126.4145926,0.191057,-0.02425,,,0,7,6173,100,0,0,4,86,105,,,,
37.1,3579,145.4046527,34.73995732,126.4145525,0.176946,0.036487,,,0,7,6267,100,0,0,4,86,105,,,,
37.2,3592,145.906651,34.73994218,126.4145121,0.153882,0.11635,,,0,7,6265,72,0,3,4,86,105,,,,
37.3,3606,146.6026454,34.73992724,126.4144714,0.118746,0.21588,,,0,7,6299,35,0,8,4,86,105,,,,
37.4,3619,146.9016463,34.73991263,126.4144305,0.075351,0.326188,,,0,7,6272,19,0,23,4,86,105,,,,
37.5,3632,147.1016471,34.73989844,126.4143894,0.026251,0.441531,,,0,7,6250,0,0,23,4,86,105,,,,
37.6,3646,147.2976454,34.73988474,126.4143481,-0.025365,0.555522,,,0,7,6148,0,0,27,4,86,105,,,,
37.7,3659,147.094648,34.7398717,126.4143066,-0.076256,0.660445,,,0,7,6173,0,0,30,4,86,105,,,,
37.8,3673,146.5946519,34.73985952,126.414265,-0.117567,0.741818,,,0,7,6168,0,0,30,4,86,104,,,,
37.9,3686,146.0936482,34.73984807,126.4142232,-0.147413,0.802823,,,0,7,6142,0,0,29,4,86,103,,,,
38,3699,145.4916311,34.73983735,126.4141815,-0.16643,0.846027,,,0,7,6136,0,0,27,4,86,103,,,,
38.1,3712,144.6946473,34.73982737,126.4141396,-0.175276,0.875898,,,0,7,6080,0,0,24,4,86,103,,,,
38.2,3726,144.1936324,34.73981818,126.4140977,-0.176506,0.897561,,,0,7,6049,0,0,25,4,86,103,,,,
38.3,3739,143.5926598,34.73980995,126.4140557,-0.17332,0.918624,,,0,7,6064,0,0,34,4,86,103,,,,
38.4,3752,142.8946633,34.73980249,126.4140136,-0.170152,0.942887,,,0,7,6036,0,0,48,4,86,103,,,,
38.5,3765,142.3936597,34.73979584,126.4139716,-0.168916,0.971618,,,0,7,6018,0,0,49,4,86,103,,,,
38.6,3778,141.7936559,34.73979003,126.4139295,-0.17151,1.00544,,,0,7,5999,0,0,48,4,86,103,,,,
38.7,3790,141.1946483,34.73978516,126.4138874,-0.178578,1.043686,,,0,7,5951,0,0,48,4,86,103,,,,
38.8,3803,140.6936446,34.73978146,126.4138453,-0.191337,1.082518,,,0,7,5910,0,0,48,4,86,103,,,,
38.9,3816,140.0916517,34.73977871,126.4138034,-0.20532,1.116806,,,0,7,5929,0,0,50,4,86,103,,,,
39,3829,139.2926675,34.7397769,126.4137616,-0.21544,1.13829,,,0,7,5854,0,0,55,4,86,103,,,,
39.1,3841,138.592669,34.73977602,126.41372,-0.217843,1.141196,,,0,7,5817,0,0,59,4,86,103,,,,
39.2,3854,137.8886696,34.73977611,126.4136786,-0.205568,1.116048,,,0,7,5795,0,0,57,4,86,103,,,,
39.3,3866,136.7936666,34.73977722,126.4136374,-0.176812,1.061729,,,0,7,5782,0,0,55,4,86,103,,,,
39.4,3879,136.1946703,34.73977907,126.4135964,-0.140453,0.992847,,,0,7,5732,0,0,57,4,86,103,,,,
39.5,3891,135.6946612,34.73978164,126.4135556,-0.100965,0.919,,,0,7,5695,4,0,61,4,86,103,,,,
39.6,3904,135.1976616,34.73978491,126.413515,-0.064121,0.853656,,,0,7,5662,15,0,62,4,86,103,,,,
39.7,3916,135.0026692,34.73978886,126.4134746,-0.039425,0.818393,,,0,7,5704,27,0,61,4,86,103,,,,
39.8,3928,135.2986751,34.73979403,126.4134346,-0.030572,0.825588,,,0,7,5772,30,0,60,4,86,103,,,,
39.9,3940,135.1994174,34.7398001,126.4133949,-0.028724,0.851176,,,0,7,5847,34,0,59,4,86,103,,,,
40,3953,135.1744179,34.73980708,126.4133554,-0.033192,0.886229,,,0,7,5841,42,0,57,4,86,103,,,,
40.1,3965,135.1494201,34.73981522,126.4133163,-0.038124,0.921059,,,0,7,5848,52,0,56,4,85,103,,,,
40.2,3977,135.1244334,34.73982522,126.4132778,-0.026659,0.933812,,,0,7,5834,57,0,55,4,85,103,,,,
40.3,3990,135.0998524,34.73983522,126.4132393,-0.015825,0.947195,,,0,7,5824,60,0,53,4,85,103,,,,
40.4,4002,135.1165139,34.73984522,126.4132009,-0.004971,0.960535,,,0,7,5816,65,0,51,4,85,103,,,,
40.5,4014,135.1331754,34.73985674,126.4131629,0.007801,0.969419,,,0,7,5859,65,0,50,4,85,103,,,,
40.6,4027,135.1498369,34.7398701,126.4131255,0.023097,0.974517,,,0,7,5888,65,0,49,4,85,103,,,,
40.7,4039,135.1665113,34.73988347,126.4130881,0.038392,0.979616,,,0,7,5872,65,0,48,4,85,103,,,,
40.8,4051,135.1831727,34.73989684,126.4130508,0.053631,0.984523,,,0,7,5887,66,0,47,4,85,103,,,,
40.9,4064,135.2026586,34.7399117,126.4130139,0.063172,0.970343,,,0,7,5890,66,0,35,4,85,103,,,,
41,4076,135.5016708,34.73992754,126.4129774,0.070839,0.940229,,,0,7,5900,67,0,33,4,85,103,,,,
41.1,4088,135.7036623,34.73994398,126.4129411,0.080405,0.894145,,,0,7,5923,67,0,31,4,85,103,,,,
41.2,4101,136.1016746,34.73996121,126.412905,0.090615,0.827965,,,0,7,5925,69,0,27,4,85,103,,,,
41.3,4113,136.3036645,34.73997923,126.4128693,0.10208,0.708454,,,0,7,5949,69,0,23,4,85,103,,,,
41.4,4126,136.7036675,34.7399971,126.4128335,0.112902,0.555981,,,0,7,5951,69,0,22,4,85,103,,,,
41.5,4138,137.103669,34.74001487,126.4127975,0.122443,0.388359,,,0,7,5973,72,0,6,4,85,103,,,,
41.6,4151,137.5046537,34.74003256,126.4127612,0.130059,0.220176,,,0,7,5979,72,0,0,4,85,103,,,,
41.7,4163,138.0046628,34.74005001,126.4127247,0.134475,0.059054,,,0,7,5999,70,0,0,4,85,103,,,,
41.8,4176,138.504659,34.74006708,126.4126878,0.134443,-0.089952,,,0,7,6038,66,0,-14,4,85,103,,,,
41.9,4189,139.0046552,34.7400838,126.4126505,0.131212,-0.226224,,,0,7,6077,63,0,-21,4,85,103,,,,
42,4201,139.5046514,34.7401001,126.4126128,0.123532,-0.351012,,,0,7,6081,62,0,-26,4,85,103,,,,
42.1,4214,140.003653,34.74011592,126.4125747,0.112666,-0.463059,,,0,7,6119,61,0,-26,4,85,103,,,,
42.2,4227,140.4026615,34.74013114,126.4125361,0.098619,-0.562979,,,0,7,6157,60,0,-26,4,85,103,,,,
42.3,4240,140.7026441,34.74014557,126.412497,0.082049,-0.648947,,,0,7,6193,60,0,-26,4,85,103,,,,
42.4,4252,141.0006504,34.74015928,126.4124574,0.065504,-0.727905,,,0,7,6197,60,0,-26,4,85,103,,,,
42.5,4265,141.1016638,34.74017221,126.4124174,0.051515,-0.799865,,,0,7,6236,58,0,-26,4,85,103,,,,
42.6,4278,141.3006458,34.74018434,126.412377,0.040719,-0.866083,,,0,7,6236,57,0,-26,4,85,103,,,,
42.7,4291,141.4006535,34.74019554,126.412336,0.033759,-0.925877,,,0,7,6257,57,0,-40,4,85,103,,,,
42.8,4304,141.501654,34.74020562,126.4122945,0.031873,-0.974205,,,0,7,6261,56,0,-43,4,85,103,,,,
42.9,4317,141.7006489,34.74021482,126.4122526,0.032516,-1.011705,,,0,7,6293,56,0,-43,4,85,103,,,,
43,4330,141.8006549,34.74022316,126.4122103,0.033804,-1.039021,,,0,7,6286,56,0,-43,4,85,103,,,,
43.1,4343,141.9006496,34.74023066,126.4121677,0.036359,-1.057426,,,0,7,6316,56,0,-44,4,85,103,,,,
43.2,4356,142.0016502,34.74023727,126.4121247,0.039552,-1.068172,,,0,7,6324,55,0,-42,4,85,102,,,,
43.3,4369,142.2016509,34.74024286,126.4120813,0.043389,-1.070052,,,0,7,6354,54,0,-42,4,85,102,,,,
43.4,4382,142.4006587,34.74024767,126.4120378,0.048507,-1.068752,,,0,7,6343,54,0,-43,4,85,102,,,,
43.5,4395,142.5006406,34.74025172,126.411994,0.055543,-1.064928,,,0,7,6360,53,0,-38,4,85,102,,,,
43.6,4408,142.6026486,34.74025499,126.4119499,0.065135,-1.06111,,,0,7,6397,53,0,-25,4,85,102,,,,
43.7,4421,142.9036627,34.74025742,126.4119057,0.077875,-1.057911,,,0,7,6380,54,0,-26,4,85,102,,,,
43.8,4434,143.3026455,34.74025885,126.4118612,0.089971,-1.05343,,,0,7,6379,54,0,-26,4,85,102,,,,
43.9,4447,143.6036613,34.74025949,126.4118166,0.100761,-1.047057,,,0,7,6405,55,0,-26,4,85,102,,,,
44,4460,144.0036499,34.74025934,126.4117719,0.107096,-1.040697,,,0,7,6416,56,0,-26,4,85,102,,,,
44.1,4473,144.4036529,34.74025838,126.4117271,0.109581,-1.035617,,,0,7,6445,57,0,-41,4,85,102,,,,
44.2,4486,144.8036544,34.74025656,126.4116822,0.105713,-1.032444,,,0,7,6447,56,0,-41,4,85,102,,,,
44.3,4499,145.2026371,34.74025371,126.4116373,0.097402,-1.030538,,,0,7,6456,56,0,-41,4,85,102,,,,
44.4,4513,145.5026326,34.74025006,126.4115924,0.086587,-1.029282,,,0,7,6479,56,0,-40,4,85,102,,,,
44.5,4526,145.8016463,34.74024559,126.4115476,0.077683,-1.029932,,,0,7,6472,56,0,-40,4,84,102,,,,
44.6,4539,146.0026416,34.7402403,126.4115029,0.070724,-1.031838,,,0,7,6510,56,0,-44,4,83,102,,,,
44.7,4553,146.3016425,34.74023413,126.4114583,0.068856,-1.033062,,,0,7,6532,56,0,-39,4,83,102,,,,
44.8,4566,146.5016433,34.74022693,126.4114139,0.071425,-1.029206,,,0,7,6513,60,0,-26,4,83,102,,,,
44.9,4579,146.7026273,34.74021893,126.4113696,0.075912,-1.022157,,,0,7,6523,67,0,-26,4,83,102,,,,
45,4593,147.0026356,34.74021013,126.4113255,0.082935,-1.01131,,,0,7,6512,72,0,-26,4,83,102,,,,
45.1,4606,147.3026424,34.74020055,126.4112815,0.091233,-0.999201,,,0,7,6534,75,0,-39,4,83,102,,,,
45.2,4620,147.6036453,34.74019015,126.4112377,0.100786,-0.987091,,,0,7,6547,73,0,-43,4,83,102,,,,
45.3,4633,148.00463,34.74017878,126.4111941,0.109696,-0.974989,,,0,7,6569,73,0,-39,4,83,102,,,,
45.4,4647,148.5036429,34.74016665,126.4111507,0.117338,-0.963504,,,0,7,6592,73,0,-25,4,83,102,,,,
45.5,4660,148.903646,34.74015378,126.4111075,0.124342,-0.950739,,,0,7,6594,73,0,-26,4,83,102,,,,
45.6,4674,149.3036362,34.74014017,126.4110645,0.13069,-0.936042,,,0,7,6624,73,0,-26,4,83,102,,,,
45.7,4687,149.7056396,34.74012578,126.4110217,0.134475,-0.917515,,,0,7,6617,73,0,-26,4,83,102,,,,
45.8,4701,150.304636,34.74011051,126.4109792,0.134443,-0.894559,,,0,7,6611,73,0,-26,4,83,102,,,,
45.9,4715,150.8046322,34.74009457,126.410937,0.131244,-0.870359,,,0,7,6623,75,0,-26,4,83,102,,,,
46,4729,151.3036338,34.74007799,126.4108951,0.126776,-0.848085,,,0,7,6639,77,0,-25,4,83,102,,,,
46.1,4743,151.703624,34.74006077,126.4108534,0.121703,-0.829023,,,0,7,6639,79,0,-25,4,83,102,,,,
46.2,4756,152.1026309,34.74004291,126.410812,0.119199,-0.815684,,,0,7,6649,81,0,-25,4,83,102,,,,
46.3,4770,152.4046284,34.74002428,126.4107709,0.121162,-0.806729,,,0,7,6664,80,0,-25,4,83,102,,,,
46.4,4784,152.90363,34.74000506,126.4107301,0.128217,-0.794518,,,0,7,6723,76,0,-25,4,83,102,,,,
46.5,4798,153.304626,34.73998526,126.4106896,0.139714,-0.772059,,,0,7,6743,72,0,-26,4,83,102,,,,
46.6,4812,153.8056296,34.73996491,126.4106493,0.153748,-0.734227,,,0,7,6725,72,0,-24,4,83,102,,,,
46.7,4826,154.4056334,34.739944,126.4106093,0.169024,-0.67344,,,0,7,6763,72,0,-18,4,83,102,,,,
46.8,4840,155.0066189,34.73992252,126.4105694,0.182364,-0.588567,,,0,7,6793,75,0,-15,4,83,102,,,,
46.9,4855,155.7056213,34.73990068,126.4105297,0.191242,-0.492918,,,0,7,6786,77,0,-11,4,83,102,,,,
47,4869,156.3066196,34.73987855,126.4104901,0.195639,-0.392234,,,0,7,6757,82,0,0,4,83,102,,,,
47.1,4883,157.0066166,34.73985619,126.4104504,0.193638,-0.292894,,,0,7,6834,100,0,0,4,83,102,,,,
47.2,4898,157.7056076,34.73983366,126.4104107,0.182657,-0.201955,,,0,7,6798,100,0,0,4,83,102,,,,
47.3,4912,158.3046169,34.73981102,126.4103708,0.157017,-0.130772,,,0,7,6833,100,0,0,4,83,102,,,,
47.4,4926,158.804613,34.73978834,126.4103309,0.116688,-0.079359,,,0,7,6833,100,0,0,4,83,102,,,,
47.5,4941,159.3036147,34.73976566,126.410291,0.0585,-0.048978,,,0,7,6874,100,0,0,4,83,102,,,,
47.6,4956,159.6956,34.73974301,126.4102511,-0.018833,-0.039609,,,0,7,6876,100,0,0,4,83,102,,,,
47.7,4970,159.2956098,34.73972044,126.4102113,-0.117796,-0.049316,,,0,7,6920,0,0,0,4,83,102,,,,
47.8,4984,158.889628,34.73969802,126.4101719,-0.234496,-0.073579,,,0,7,6748,0,0,0,4,83,102,,,,
47.9,4999,157.8836183,34.73967577,126.4101329,-0.358156,-0.10229,,,0,7,6648,0,82,0,4,83,102,,,,
48,5013,156.2796197,34.73965372,126.4100945,-0.483658,-0.134163,,,0,7,6558,0,100,0,4,83,102,,,,
48.1,5027,154.2776201,34.7396319,126.4100567,-0.603984,-0.166666,,,0,7,6377,0,100,0,4,83,102,,,,
48.2,5041,152.0696394,34.73961036,126.4100198,-0.711443,-0.199201,,,0,7,6422,6,100,0,3,83,102,,,,
48.3,5055,149.0696478,34.73958914,126.4099838,-0.794059,-0.234955,,,0,7,6385,51,100,0,1,83,102,,,,
48.4,5068,146.0686503,34.73956816,126.4099488,-0.853088,-0.277114,,,0,7,6559,46,100,0,0,83,102,,,,
48.5,5081,142.9666507,34.7395474,126.4099148,-0.887886,-0.328858,,,0,7,6915,0,100,0,0,83,102,,,,
48.6,5094,139.6696602,34.73952682,126.4098817,-0.897165,-0.392724,,,0,7,7254,0,100,0,0,83,102,,,,
48.7,5106,136.6656662,34.73950635,126.4098497,-0.878345,-0.469993,,,0,7,7347,0,100,0,0,83,102,,,,
48.8,5118,133.2716759,34.73948589,126.4098189,-0.825868,-0.562475,,,0,7,7195,0,100,0,0,83,102,,,,
48.9,5130,130.4746816,34.73946531,126.4097892,-0.75176,-0.661898,,,0,7,6922,0,100,-17,0,83,102,,,,
49,5142,127.9766882,34.73944452,126.4097604,-0.659858,-0.761269,,,0,7,6724,0,100,-25,0,83,102,,,,
49.1,5153,125.6816922,34.73942345,126.4097326,-0.555293,-0.855453,,,0,7,6607,0,100,-42,1,83,102,,,,
49.2,5165,123.8897001,34.73940199,126.4097059,-0.446387,-0.935526,,,0,7,6517,0,27,-45,3,83,102,,,,
49.3,5176,122.8897061,34.73937994,126.4096804,-0.345199,-0.992719,,,0,7,6633,0,0,-45,3,83,102,,,,
49.4,5187,121.89169,34.73935739,126.4096558,-0.258676,-1.033361,,,0,7,6577,2,0,-48,3,83,102,,,,
49.5,5198,121.0957008,34.73933433,126.409632,-0.187475,-1.059389,,,0,7,6585,16,0,-49,3,83,102,,,,
49.6,5209,120.6947048,34.73931075,126.4096092,-0.13415,-1.075246,,,0,7,6609,16,0,-45,3,83,102,,,,
49.7,5220,120.196709,34.73928655,126.4095873,-0.101825,-1.083487,,,0,7,6671,16,0,-51,3,83,102,,,,
49.8,5231,119.8967135,34.73926179,126.4095667,-0.087217,-1.087298,,,0,7,6664,17,0,-50,3,83,102,,,,
49.9,5242,119.5977014,34.73923666,126.4095469,-0.077734,-1.089822,,,0,7,6665,18,0,-44,3,83,102,,,,
50,5253,119.3987194,34.73921113,126.4095282,-0.075854,-1.089809,,,0,7,6660,23,0,-26,3,83,102,,,,
50.1,5263,119.2977059,34.73918509,126.4095107,-0.076988,-1.088534,,,0,7,6700,28,0,-48,3,83,102,,,,
50.2,5274,119.098711,34.73915835,126.4094952,-0.064236,-1.087253,,,0,7,6729,28,0,-69,3,83,102,,,,
50.3,5285,118.9977105,34.73913161,126.4094798,-0.050852,-1.085348,,,0,7,6704,25,0,-77,3,83,102,,,,
50.4,5296,118.7987156,34.73910486,126.4094643,-0.037474,-1.084073,,,0,7,6646,23,0,-78,3,83,102,,,,
50.5,5307,118.6995191,34.73907755,126.4094507,-0.024734,-1.082798,,,0,7,6655,25,0,-90,3,83,102,,,,
50.6,5318,118.6795182,34.73904955,126.4094392,-0.012625,-1.081524,,,0,7,6666,25,0,-91,3,83,102,,,,
50.7,5328,118.6595173,34.73902155,126.4094277,-0.000522,-1.080249,,,0,7,6670,25,0,-92,3,83,102,,,,
50.8,5339,118.6395148,34.73899355,126.4094162,0.010771,-1.078955,,,0,7,6689,26,0,-92,3,83,102,,,,
50.9,5350,118.6195139,34.738965,126.4094065,0.004353,-1.075756,,,0,7,6704,26,0,-91,3,83,102,,,,
51,5361,118.5992057,34.73893613,126.4093982,-0.006418,-1.071269,,,0,7,6711,27,0,-90,3,83,102,,,,
51.1,5372,118.5492083,34.73890706,126.409391,-0.01086,-1.06422,,,0,7,6705,26,0,-77,3,83,102,,,,
51.2,5383,118.4977127,34.7388777,126.4093848,-0.01339,-1.053297,,,0,7,6714,27,0,-76,3,83,102,,,,
51.3,5393,118.2987194,34.73884813,126.4093799,-0.013989,-1.033508,,,0,7,6731,28,0,-72,3,83,102,,,,
51.4,5404,118.2000507,34.73881854,126.4093759,-0.010771,-1.010571,,,0,7,6730,31,0,-44,3,83,102,,,,
51.5,5415,118.2333866,34.73878892,126.409373,-0.004353,-0.988296,,,0,7,6740,35,0,-45,3,83,102,,,,
51.6,5426,118.2667096,34.73875923,126.4093709,0.006514,-0.969227,,,0,7,6779,37,0,-66,3,83,102,,,,
51.7,5436,118.3007085,34.73872949,126.40937,0.020567,-0.95527,,,0,7,6795,38,0,-69,3,83,102,,,,
51.8,5447,118.4017091,34.73869967,126.4093702,0.0378,-0.947686,,,0,7,6816,39,0,-67,3,83,102,,,,
51.9,5458,118.600704,34.73866978,126.4093714,0.057576,-0.946456,,,0,7,6839,44,0,-50,3,83,102,,,,
52,5469,118.7017174,34.73863983,126.4093737,0.079277,-0.949668,,,0,7,6852,50,0,-43,3,83,102,,,,
52.1,5480,118.9037073,34.73860983,126.4093769,0.104145,-0.955385,,,0,7,6873,55,0,-41,3,83,102,,,,
52.2,5491,119.3067053,34.73857977,126.4093812,0.130275,-0.959132,,,0,7,6915,62,0,-41,3,83,102,,,,
52.3,5501,120.0067023,34.73854964,126.4093868,0.156393,-0.955225,,,0,7,6966,70,0,-40,3,82,102,,,,
52.4,5512,120.7067008,34.7385195,126.4093934,0.181242,-0.943033,,,0,7,6941,77,0,-26,3,82,102,,,,
52.5,5524,121.4066977,34.73848932,126.4094008,0.20546,-0.922575,,,0,7,6965,85,0,-26,3,82,102,,,,
52.6,5535,122.1077021,34.73845911,126.4094092,0.229685,-0.895731,,,0,7,7045,100,0,-26,3,82,102,,,,
52.7,5546,122.9077066,34.73842886,126.4094185,0.254509,-0.861233,,,0,7,7011,100,0,-25,3,82,102,,,,
52.8,5557,123.7077111,34.73839853,126.4094288,0.276082,-0.818469,,,0,7,7022,100,0,-25,3,82,102,,,,
52.9,5568,124.5106994,34.73836813,126.4094399,0.288032,-0.769337,,,0,7,7058,100,0,-25,3,82,102,,,,
53,5580,125.6106865,34.73833767,126.4094517,0.283972,-0.71447,,,0,7,7088,100,0,-19,3,82,102,,,,
53.1,5591,126.7066953,34.73830717,126.4094641,0.256242,-0.653874,,,0,7,7088,100,0,-16,3,82,102,,,,
53.2,5603,127.4116908,34.73827667,126.4094771,0.195894,-0.588204,,,0,7,7138,100,0,-19,3,82,102,,,,
53.3,5615,128.6016899,34.73824631,126.4094907,0.091698,-0.520023,,,0,7,7171,100,0,-19,3,82,102,,,,
53.4,5627,128.7966936,34.73821624,126.4095045,-0.043625,-0.45313,,,0,7,7183,5,0,-14,3,82,102,,,,
53.5,5638,128.4926829,34.73818657,126.4095184,-0.199871,-0.388811,,,0,7,7082,0,0,-13,3,82,102,,,,
53.6,5650,127.7836865,34.73815742,126.4095323,-0.366167,-0.329604,,,0,7,6888,0,0,0,3,82,102,,,,
53.7,5661,126.1727002,34.73812895,126.4095461,-0.52776,-0.276776,,,0,7,6825,0,100,0,3,82,102,,,,
53.8,5673,123.4746932,34.73810143,126.4095597,-0.660617,-0.230927,,,0,7,6618,0,100,0,3,82,102,,,,
53.9,5684,120.9686949,34.7380747,126.4095731,-0.759045,-0.188883,,,0,7,6324,0,100,0,3,82,102,,,,
54,5694,117.8637116,34.73804875,126.4095862,-0.821796,-0.148738,,,0,7,6115,0,100,0,3,82,102,,,,
54.1,5705,114.2727172,34.73802355,126.409599,-0.850163,-0.109211,,,0,7,6030,0,100,0,3,82,102,,,,
54.2,5715,111.5697244,34.73799909,126.4096114,-0.847435,-0.068416,,,0,7,5864,0,100,2,3,82,102,,,,
54.3,5725,108.5717348,34.7379754,126.4096235,-0.827022,-0.026997,,,0,7,5706,0,100,4,3,82,102,,,,
54.4,5735,105.7737347,34.73795227,126.4096352,-0.804747,0.013779,,,0,7,5574,0,100,5,2,82,102,,,,
54.5,5744,103.174752,34.73792967,126.4096465,-0.785698,0.053274,,,0,7,5631,72,100,6,1,82,102,,,,
54.6,5753,100.6727545,34.73790759,126.4096574,-0.773678,0.090857,,,0,7,6072,69,100,6,0,82,102,,,,
54.7,5762,97.97276,34.73788607,126.4096678,-0.770504,0.126547,,,0,7,6781,0,100,6,0,82,102,,,,
54.8,5771,95.27277028,34.73786518,126.4096777,-0.768528,0.162294,,,0,7,7142,0,100,6,0,82,102,,,,
54.9,5779,92.57177312,34.73784479,126.409687,-0.760135,0.20381,,,0,7,6971,0,100,8,0,82,102,,,,
55,5787,89.77078122,34.73782485,126.4096959,-0.740868,0.254266,,,0,7,6723,0,100,8,0,82,102,,,,
55.1,5795,86.87678879,34.73780532,126.4097041,-0.706924,0.315596,,,0,7,6553,0,100,8,0,82,102,,,,
55.2,5803,84.5767957,34.73778614,126.4097118,-0.656404,0.391578,,,0,7,6418,0,100,9,0,82,102,,,,
55.3,5810,82.2807986,34.73776723,126.4097186,-0.588739,0.481523,,,0,7,6225,0,100,23,0,82,102,,,,
55.4,5818,80.38280094,34.73774841,126.4097247,-0.51024,0.579709,,,0,7,6042,0,100,33,0,82,103,,,,
55.5,5825,78.68581307,34.73772962,126.4097299,-0.420958,0.681668,,,0,7,5866,0,100,74,0,82,103,,,,
55.6,5832,77.29081462,34.73771081,126.4097342,-0.325984,0.782295,,,0,7,5750,0,49,88,0,82,103,,,,
55.7,5839,76.3988154,34.73769195,126.4097374,-0.229959,0.875777,,,0,7,5692,0,27,100,1,82,103,,,,
55.8,5846,76.29581281,34.73767307,126.4097394,-0.155086,0.948891,,,0,7,5609,0,38,103,2,82,103,,,,
55.9,5853,75.89681236,34.7376543,126.4097404,-0.113418,1.00421,,,0,7,5483,0,54,112,2,82,103,,,,
56,5860,75.59881087,34.73763576,126.4097402,-0.11127,1.046841,,,0,7,5350,0,60,126,2,82,103,,,,
56.1,5867,75.49181229,34.73761755,126.409739,-0.149235,1.082556,,,0,7,5254,0,82,126,2,82,103,,,,
56.2,5873,74.69182065,34.73759986,126.4097367,-0.223241,1.120917,,,0,7,5119,0,76,131,2,82,103,,,,
56.3,5880,73.88881953,34.73758298,126.4097328,-0.304659,1.171304,,,0,7,5020,0,71,134,2,82,103,,,,
56.4,5887,72.78282315,34.73756684,126.4097278,-0.370055,1.225431,,,0,7,4962,0,0,137,2,82,103,,,,
56.5,5893,71.07982439,34.73755148,126.4097216,-0.410544,1.275002,,,0,7,4917,0,0,152,2,82,103,,,,
56.6,5900,69.0858296,34.73753689,126.4097143,-0.421079,1.310482,,,0,7,4873,0,0,152,2,82,103,,,,
56.7,5906,67.68683516,34.73752307,126.4097058,-0.401755,1.324905,,,0,7,4799,0,0,152,2,82,103,,,,
56.8,5912,66.38883647,34.73751012,126.409696,-0.362146,1.315842,,,0,7,4731,0,0,152,2,82,103,,,,
56.9,5918,65.28884292,34.7374978,126.4096854,-0.313008,1.292777,,,0,7,4689,0,0,151,2,82,103,,,,
57,5924,64.19084335,34.73748608,126.4096739,-0.25751,1.257616,,,0,7,4641,3,0,151,2,82,103,,,,
57.1,5929,63.29384712,34.73747493,126.4096616,-0.19692,1.211633,,,0,7,4640,7,0,151,2,82,103,,,,
57.2,5935,62.69485078,34.73746435,126.4096486,-0.131913,1.156135,,,0,7,4613,21,0,151,2,82,103,,,,
57.3,5941,62.19884414,34.73745442,126.4096347,-0.066925,1.095596,,,0,7,4671,47,0,150,2,82,103,,,,
57.4,5946,62.10085143,34.73744498,126.4096202,-0.003881,1.035707,,,0,7,4798,68,0,129,2,82,103,,,,
57.5,5952,62.20184717,34.73743601,126.409605,0.054058,0.977742,,,0,7,4857,79,0,111,2,82,103,,,,
57.6,5958,62.40484449,34.73742748,126.4095892,0.106248,0.923009,,,0,7,5007,92,0,100,2,82,103,,,,
57.7,5963,62.90684752,34.73741941,126.4095728,0.151409,0.875981,,,0,7,4961,100,0,74,2,82,103,,,,
57.8,5969,63.60684605,34.73741187,126.4095556,0.187685,0.842305,,,0,7,4949,100,0,74,2,82,103,,,,
57.9,5975,64.30784398,34.73740477,126.4095377,0.218869,0.818794,,,0,7,5028,100,0,74,2,82,103,,,,
58,5981,65.10983764,34.73739811,126.4095193,0.245605,0.802249,,,0,7,5163,100,0,74,2,82,103,,,,
58.1,5987,66.10883545,34.7373919,126.4095003,0.269148,0.788215,,,0,7,5241,100,0,74,2,82,103,,,,
58.2,5993,67.0098341,34.73738615,126.4094807,0.288841,0.772856,,,0,7,5293,100,0,73,2,82,103,,,,
58.3,5999,68.01083393,34.73738095,126.4094604,0.302168,0.751149,,,0,7,5376,100,0,60,2,82,103,,,,
58.4,6006,69.11182848,34.73737614,126.4094395,0.309745,0.725624,,,0,7,5471,100,0,58,2,82,103,,,,
58.5,6012,70.31183446,34.7373717,126.4094183,0.310319,0.696938,,,0,7,5553,100,0,58,2,82,103,,,,
58.6,6019,71.50982877,34.73736765,126.4093966,0.304532,0.66764,,,0,7,5631,100,0,58,2,82,103,,,,
58.7,6025,72.50982115,34.73736399,126.4093746,0.293685,0.64028,,,0,6,5717,100,0,57,2,82,103,,,,
58.8,6032,73.50981996,34.73736082,126.4093521,0.281595,0.617375,,,0,6,5806,100,0,56,2,82,103,,,,
58.9,6039,74.50781837,34.73735807,126.4093294,0.271449,0.598306,,,0,6,5886,100,0,52,2,82,103,,,,
59,6046,75.30881746,34.73735576,126.4093064,0.266414,0.584323,,,0,6,5957,100,0,49,2,82,102,,,,
59.1,6053,76.20981612,34.7373539,126.4092831,0.267765,0.574151,,,0,6,6044,100,0,48,2,82,102,,,,
59.2,6060,77.20781452,34.73735254,126.4092594,0.276758,0.566497,,,0,6,6121,100,0,48,2,82,102,,,,
59.3,6067,78.00980658,34.73735179,126.4092353,0.292716,0.558161,,,0,7,6213,100,0,49,2,82,102,,,,
59.4,6074,79.01180741,34.73735151,126.4092107,0.311167,0.544701,,,0,7,6291,100,0,49,2,82,102,,,,
59.5,6081,80.21280797,34.73735165,126.4091858,0.326386,0.523573,,,0,7,6390,100,0,48,2,82,102,,,,
59.6,6089,81.51180284,34.73735222,126.4091604,0.333906,0.492867,,,0,7,6463,100,0,35,2,82,102,,,,
59.7,6096,82.71379796,34.73735327,126.4091346,0.328718,0.450778,,,0,7,6543,100,0,33,2,82,102,,,,
59.8,6104,84.11179139,34.73735458,126.4091084,0.314672,0.406166,,,0,7,6623,100,0,30,2,82,102,,,,
59.9,6112,85.30979696,34.73735604,126.4090821,0.298082,0.361521,,,0,7,6709,100,0,26,2,82,102,,,,
60,6119,86.30678792,34.7373577,126.4090556,0.279613,0.313735,,,0,7,6817,100,0,24,2,82,102,,,,
60.1,6127,87.00978786,34.73735959,126.4090287,0.262513,0.267472,,,0,7,6884,100,0,23,2,82,102,,,,
60.2,6135,88.00878567,34.73736176,126.4090015,0.25614,0.247071,,,0,7,6944,100,0,9,2,82,102,,,,
60.3,6144,88.90878492,34.73736394,126.4089742,0.249767,0.226046,,,0,7,7014,100,0,9,2,82,102,,,,
60.4,6152,89.80778317,34.73736612,126.408947,0.243394,0.205658,,,0,7,7090,100,0,9,2,82,102,,,,
60.5,6160,90.60677381,34.73736853,126.4089194,0.237027,0.18592,,,0,7,7163,100,0,9,2,82,102,,,,
60.6,6168,91.30677716,34.73737122,126.4088913,0.231291,0.168069,,,0,7,7254,59,0,8,1,82,102,,,,
60.7,6177,92.00677569,34.73737392,126.4088633,0.225555,0.149593,,,0,7,7456,0,0,8,0,82,102,,,,
60.8,6185,92.70677261,34.73737661,126.4088352,0.219806,0.131639,,,0,7,7151,1,0,8,0,82,102,,,,
60.9,6194,93.40777053,34.73737952,126.4088068,0.212815,0.102979,,,0,7,6466,100,0,7,0,82,102,,,,
61,6202,94.20677405,34.73738255,126.4087781,0.207767,0.0763,,,0,7,5349,100,0,6,0,82,102,,,,
61.1,6211,94.90776714,34.73738564,126.4087492,0.207793,0.058506,,,0,7,5125,100,0,4,0,82,102,,,,
61.2,6220,95.70877107,34.73738885,126.4087201,0.210361,0.045747,,,0,7,5281,100,0,2,0,82,102,,,,
61.3,6228,96.60775805,34.73739215,126.4086908,0.21481,0.031694,,,0,7,5352,100,0,0,0,82,103,,,,
61.4,6237,97.40676156,34.73739541,126.4086612,0.217996,0.014467,,,0,7,5370,100,0,0,0,82,103,,,,
61.5,6246,98.10675848,34.73739864,126.4086315,0.221177,-0.004684,,,0,7,5393,100,0,0,1,82,103,,,,
61.6,6255,98.80775641,34.73740185,126.4086015,0.22372,-0.02699,,,0,7,5449,100,0,0,3,82,103,,,,
61.7,6264,99.6087555,34.737405,126.4085712,0.225619,-0.04929,,,0,7,5496,100,0,0,3,82,103,,,,
61.8,6273,100.5077537,34.73740807,126.4085407,0.226237,-0.070934,,,0,7,5548,100,0,0,3,82,103,,,,
61.9,6283,101.3077518,34.73741105,126.4085099,0.224937,-0.090034,,,0,7,5576,100,0,0,3,82,103,,,,
62,6292,102.1077499,34.73741395,126.4084789,0.221094,-0.107217,,,0,7,5620,100,0,0,3,82,103,,,,
62.1,6301,102.906747,34.73741675,126.4084476,0.215332,-0.121856,,,0,7,5669,100,0,0,3,82,103,,,,
62.2,6311,103.6067391,34.73741942,126.4084161,0.207034,-0.134615,,,0,7,5711,100,0,0,3,82,103,,,,
62.3,6320,104.3067489,34.73742193,126.4083843,0.197468,-0.148649,,,0,7,5770,100,0,0,3,82,103,,,,
62.4,6330,105.0057512,34.73742428,126.4083523,0.187284,-0.16397,,,0,7,5814,100,0,0,3,82,103,,,,
62.5,6339,105.6057421,34.73742644,126.40832,0.178368,-0.181847,,,0,7,5855,100,0,-13,3,82,103,,,,
62.6,6349,106.2067405,34.73742838,126.4082875,0.170108,-0.20293,,,0,7,5886,100,0,-13,3,82,103,,,,
62.7,6359,106.904737,34.73743007,126.4082548,0.164385,-0.229111,,,0,7,5939,100,0,-13,3,82,103,,,,
62.8,6369,107.405739,34.73743139,126.4082218,0.159949,-0.260372,,,0,7,5995,100,0,-14,3,82,103,,,,
62.9,6379,108.0047354,34.73743239,126.4081886,0.158063,-0.294806,,,0,7,6029,100,0,-17,3,82,103,,,,
63,6388,108.505739,34.73743305,126.4081552,0.158732,-0.33114,,,0,7,6082,100,0,-19,3,82,103,,,,
63.1,6398,109.1057299,34.73743333,126.4081216,0.162619,-0.368092,,,0,7,6123,100,0,-19,3,82,103,,,,
63.2,6408,109.7047263,34.73743319,126.4080878,0.172893,-0.40375,,,0,7,6167,100,0,-20,3,82,103,,,,
63.3,6418,110.2057428,34.7374325,126.4080537,0.190795,-0.436209,,,0,7,6209,100,0,-21,3,82,103,,,,
63.4,6428,110.8087287,34.73743134,126.4080192,0.214376,-0.464181,,,0,7,6243,100,0,-20,3,82,103,,,,
63.5,6439,111.708728,34.73742968,126.4079843,0.237925,-0.48513,,,0,7,6300,100,0,-19,3,82,103,,,,
63.6,6449,112.6077326,34.73742754,126.4079492,0.258231,-0.497793,,,0,7,6340,100,0,-19,3,82,103,,,,
63.7,6459,113.4117138,34.73742487,126.4079137,0.269581,-0.502191,,,0,7,6405,100,0,-19,3,82,103,,,,
63.8,6470,114.6097065,34.73742161,126.4078779,0.268867,-0.500253,,,0,7,6423,100,0,-19,3,82,103,,,,
63.9,6480,115.6087172,34.73741793,126.4078419,0.260525,-0.495792,,,0,7,6461,100,0,-19,3,82,103,,,,
64,6491,116.509711,34.73741386,126.4078058,0.246472,-0.49135,,,0,7,6510,100,0,-19,3,82,103,,,,
64.1,6502,117.5067084,34.73740941,126.4077697,0.229264,-0.488845,,,0,7,6564,100,0,-19,3,82,103,,,,
64.2,6512,118.2057237,34.73740457,126.4077336,0.212088,-0.490821,,,0,7,6611,95,0,-19,3,82,103,,,,
64.3,6523,118.8067092,34.73739925,126.4076975,0.198112,-0.499151,,,0,7,6629,88,0,-19,3,82,103,,,,
64.4,6534,119.5057115,34.7373935,126.4076613,0.18859,-0.511942,,,0,7,6670,83,0,-19,3,82,103,,,,
64.5,6545,120.1057024,34.73738731,126.4076251,0.18288,-0.529169,,,0,7,6699,77,0,-19,3,82,103,,,,
64.6,6556,120.7067008,34.73738066,126.4075888,0.1797,-0.548301,,,0,7,6752,67,0,-20,3,82,103,,,,
64.7,6567,121.4066977,34.73737349,126.4075524,0.177131,-0.568683,,,0,7,6775,59,0,-22,3,82,103,,,,
64.8,6578,122.1057017,34.73736569,126.4075158,0.172632,-0.58779,,,0,7,6806,54,0,-22,3,82,103,,,,
64.9,6589,122.7057038,34.73735741,126.4074793,0.164327,-0.605641,,,0,7,6852,47,0,-22,3,82,103,,,,
65,6601,123.3057076,34.73734864,126.4074428,0.154117,-0.624143,,,0,7,6889,43,0,-22,3,82,103,,,,
65.1,6612,123.9036965,34.73733937,126.4074063,0.142652,-0.644575,,,0,7,6891,35,0,-25,3,82,103,,,,
65.2,6623,124.3026922,34.73732955,126.4073699,0.131837,-0.668832,,,0,7,6935,34,0,-26,3,82,103,,,,
65.3,6635,124.6036951,34.73731903,126.4073336,0.122933,-0.696893,,,0,7,6967,33,0,-26,3,82,103,,,,
65.4,6646,125.0036965,34.73730789,126.4072976,0.115916,-0.72686,,,0,7,6986,33,0,-26,3,82,103,,,,
65.5,6657,125.4046942,34.73729612,126.4072617,0.10823,-0.758076,,,0,7,7002,28,0,-26,3,82,103,,,,
65.6,6669,125.9016938,34.73728371,126.407226,0.096695,-0.788011,,,0,7,7024,28,0,-26,3,82,103,,,,
65.7,6680,126.1046911,34.73727058,126.4071906,0.078748,-0.816034,,,0,7,7037,28,0,-26,3,82,103,,,,
65.8,6692,126.6016923,34.73725663,126.4071556,0.050623,-0.842158,,,0,7,7052,28,0,-26,3,82,103,,,,
65.9,6704,126.7986964,34.73724205,126.407121,0.014251,-0.867644,,,0,7,7065,26,0,-26,3,82,103,,,,
66,6715,126.6987017,34.73722688,126.4070869,-0.026557,-0.892513,,,0,7,7039,0,0,-26,3,82,103,,,,
66.1,6727,126.5966937,34.73721113,126.4070533,-0.069232,-0.918656,,,0,7,6858,0,0,-26,3,82,103,,,,
66.2,6738,126.2936904,34.73719478,126.4070203,-0.109307,-0.946061,,,0,7,6817,0,0,-26,3,82,103,,,,
66.3,6750,125.6936882,34.73717774,126.4069881,-0.141728,-0.97344,,,0,7,6860,0,0,-26,3,82,103,,,,
66.4,6761,125.0936844,34.73716017,126.4069566,-0.165869,-0.99827,,,0,7,6801,0,0,-26,3,82,103,,,,
66.5,6772,124.4926989,34.73714206,126.4069258,-0.182376,-1.020532,,,0,7,6775,0,0,-27,3,82,103,,,,
66.6,6784,123.792702,34.73712342,126.4068957,-0.192516,-1.038339,,,0,7,6739,0,0,-39,3,82,103,,,,
66.7,6795,123.0936867,34.7371042,126.4068664,-0.196939,-1.05229,,,0,7,6709,0,0,-43,3,82,103,,,,
66.8,6806,122.4927013,34.73708432,126.4068382,-0.197544,-1.05923,,,0,7,6669,0,0,-42,3,82,103,,,,
66.9,6817,121.7927027,34.73706394,126.4068108,-0.19497,-1.059166,,,0,7,6611,0,0,-39,3,82,103,,,,
67,6828,121.0927058,34.73704307,126.4067842,-0.189858,-1.052717,,,0,7,6593,0,0,-39,3,82,103,,,,
67.1,6839,120.3927073,34.73702174,126.4067585,-0.183472,-1.038619,,,0,7,6568,0,0,-42,3,82,103,,,,
67.2,6850,119.6937049,34.73699993,126.4067336,-0.175831,-1.016905,,,0,7,6531,0,0,-42,3,82,103,,,,
67.3,6861,119.0937011,34.73697778,126.40671,-0.168839,-0.990782,,,0,7,6499,0,0,-39,3,82,103,,,,
67.4,6872,118.4947177,34.73695515,126.406687,-0.163766,-0.96534,,,0,7,6470,0,0,-26,3,82,103,,,,
67.5,6882,117.9947086,34.73693211,126.4066648,-0.161255,-0.945015,,,0,7,6436,0,0,-26,3,82,103,,,,
67.6,6893,117.493705,34.73690873,126.4066434,-0.162555,-0.931746,,,0,7,6403,0,0,-26,3,82,103,,,,
67.7,6904,116.8927195,34.736885,126.4066229,-0.166392,-0.929956,,,0,7,6355,0,0,-26,3,82,103,,,,
67.8,6914,116.1937171,34.73686089,126.4066035,-0.171484,-0.940223,,,0,7,6338,0,0,-26,3,82,104,,,,
67.9,6925,115.5937133,34.73683648,126.406585,-0.175946,-0.957482,,,0,7,6306,0,0,-40,3,82,105,,,,
68,6935,114.994717,34.73681177,126.4065674,-0.180388,-0.979813,,,0,7,6277,0,0,-42,3,83,104,,,,
68.1,6946,114.4927188,34.73678678,126.4065508,-0.182924,-1.004675,,,0,7,6247,9,0,-42,3,83,104,,,,
68.2,6956,113.7927219,34.73676151,126.4065354,-0.184154,-1.030143,,,0,7,6217,11,0,-45,3,83,105,,,,
68.3,6966,113.092725,34.73673592,126.4065212,-0.180942,-1.053048,,,0,7,6250,10,0,-48,3,83,104,,,,
68.4,6977,112.3947284,34.7367101,126.4065081,-0.175174,-1.072142,,,0,7,6202,10,0,-52,3,82,103,,,,
68.5,6987,111.8937248,34.73668406,126.406496,-0.166226,-1.088668,,,0,7,6167,10,0,-51,3,82,104,,,,
68.6,6997,111.2947285,34.7366578,126.406485,-0.154729,-1.100733,,,0,7,6152,10,0,-51,3,82,105,,,,
68.7,7007,110.7937248,34.73663134,126.4064752,-0.140682,-1.108317,,,0,7,6138,10,0,-52,3,82,105,,,,
68.8,7017,110.1957359,34.73660464,126.4064666,-0.124112,-1.109527,,,0,7,6128,10,0,-52,3,82,105,,,,
68.9,7027,109.7967403,34.7365778,126.4064591,-0.107574,-1.104359,,,0,7,6102,10,0,-51,3,82,105,,,,
69,7037,109.4977265,34.73655083,126.4064526,-0.094241,-1.092192,,,0,7,6070,10,0,-49,3,82,105,,,,
69.1,7047,109.2967441,34.73652372,126.4064471,-0.086007,-1.074309,,,0,7,6051,10,0,-45,3,83,105,,,,
69.2,7057,108.9967358,34.73649641,126.4064426,-0.082884,-1.052666,,,0,7,6039,10,0,-44,3,83,105,,,,
69.3,7067,108.6967403,34.73646925,126.4064394,-0.086109,-1.033591,,,0,7,6022,11,0,-41,3,83,105,,,,
69.4,7077,108.3957374,34.73644211,126.4064372,-0.093157,-1.019021,,,0,7,5999,11,0,-41,3,82,105,,,,
69.5,7087,107.995736,34.73641513,126.4064359,-0.10403,-1.013387,,,0,7,5984,10,0,-41,3,82,105,,,,
69.6,7096,107.5947399,34.73638829,126.4064356,-0.118727,-1.017976,,,0,7,5972,4,0,-41,3,82,105,,,,
69.7,7106,107.0967442,34.73636128,126.4064363,-0.137222,-1.035254,,,0,7,5923,0,0,-44,3,82,105,,,,
69.8,7116,106.7937408,34.73633466,126.4064383,-0.157017,-1.059485,,,0,7,5823,0,0,-52,3,82,105,,,,
69.9,7126,106.193737,34.73630846,126.4064412,-0.180674,-1.084972,,,0,7,5813,0,0,-52,3,82,105,,,,
70,7135,105.5917328,34.7362826,126.4064452,-0.211916,-1.109782,,,0,7,5792,0,0,-52,3,82,105,,,,
70.1,7145,104.792747,34.73625719,126.4064504,-0.244043,-1.130049,,,0,7,5742,0,0,-52,3,82,105,,,,
70.2,7154,104.0917314,34.73623273,126.4064577,-0.238945,-1.137697,,,0,7,5707,0,0,-52,3,82,105,,,,
70.3,7164,103.2917397,34.73620828,126.406465,-0.23384,-1.145345,,,0,7,5647,0,0,-64,3,82,105,,,,
70.4,7173,102.4917465,34.73618383,126.4064724,-0.228078,-1.152987,,,0,7,5574,0,0,-64,3,82,105,,,,
70.5,7182,101.6907538,34.73616018,126.4064814,-0.219749,-1.159984,,,0,7,5520,0,0,-52,3,82,105,,,,
70.6,7192,100.7907562,34.73613756,126.4064925,-0.207009,-1.165714,,,0,7,5488,0,0,-52,3,82,105,,,,
70.7,7201,99.89075693,34.73611494,126.4065037,-0.194893,-1.170819,,,0,7,5440,0,0,-66,3,82,105,,,,
70.8,7210,98.99275969,34.73609231,126.4065148,-0.182331,-1.176555,,,0,7,5395,0,0,-74,3,82,105,,,,
70.9,7219,98.29276278,34.73607057,126.4065277,-0.188061,-1.18224,,,0,7,5346,0,0,-77,3,82,105,,,,
71,7228,97.59275781,34.73604958,126.4065419,-0.193032,-1.182807,,,0,7,5313,0,0,-77,3,82,105,,,,
71.1,7236,96.89376834,34.73602916,126.406557,-0.18534,-1.176363,,,0,7,5265,0,0,-77,3,82,105,,,,
71.2,7245,96.29676597,34.7360093,126.406573,-0.173256,-1.162935,,,0,7,5212,0,0,-77,3,82,105,,,,
71.3,7254,95.99575823,34.73599013,126.4065902,-0.163703,-1.145141,,,0,7,5167,0,0,-77,3,82,105,,,,
71.4,7263,95.59276662,34.73597179,126.406608,-0.154748,-1.132478,,,0,7,5129,0,0,-78,3,82,105,,,,
71.5,7271,94.8927681,34.73595424,126.4066266,-0.142575,-1.128093,,,0,7,5080,0,0,-90,3,82,105,,,,
71.6,7280,94.1957726,34.73593745,126.4066459,-0.124004,-1.131292,,,0,7,5030,1,0,-91,3,82,105,,,,
71.7,7288,93.79677215,34.73592151,126.4066661,-0.096535,-1.135671,,,0,7,5039,19,0,-93,3,82,105,,,,
71.8,7297,93.49777126,34.73590651,126.4066872,-0.062757,-1.131757,,,0,7,5047,30,0,-95,3,82,105,,,,
71.9,7305,93.30077195,34.73589223,126.406709,-0.029024,-1.118903,,,0,7,5183,35,0,-95,3,82,105,,,,
72,7314,93.40077312,34.73587864,126.4067315,0.00023,-1.09522,,,0,7,5246,37,0,-94,3,82,105,,,,
72.1,7322,93.50126997,34.73586574,126.4067547,0.023078,-1.061365,,,0,7,5269,48,0,-93,3,82,105,,,,
72.2,7331,93.6512685,34.73585357,126.4067786,0.036359,-1.019933,,,0,7,5267,58,0,-76,3,82,105,,,,
72.3,7339,93.80177559,34.73584222,126.4068031,0.039527,-0.977927,,,0,7,5242,63,0,-75,3,82,105,,,,
72.4,7348,94.00043735,34.73583157,126.4068281,0.040821,-0.94165,,,0,7,5263,62,0,-74,3,82,105,,,,
72.5,7357,94.06710908,34.7358216,126.4068537,0.044071,-0.910466,,,0,7,5304,60,0,-77,3,82,105,,,,
72.6,7365,94.13377438,34.73581231,126.4068798,0.053714,-0.883743,,,0,7,5336,61,0,-77,3,82,105,,,,
72.7,7374,94.20177705,34.73580372,126.4069065,0.071629,-0.861431,,,0,7,5362,62,0,-77,3,82,105,,,,
72.8,7382,94.40377336,34.73579591,126.4069338,0.096484,-0.838474,,,0,7,5405,62,0,-76,3,82,105,,,,
72.9,7391,94.80577039,34.73578867,126.4069616,0.121302,-0.81425,,,0,7,5450,64,0,-64,3,82,105,,,,
73,7400,95.40676876,34.73578196,126.4069899,0.142276,-0.789407,,,0,7,5467,70,0,-51,3,82,105,,,,
73.1,7408,96.10475883,34.73577578,126.4070186,0.15747,-0.76589,,,0,7,5494,81,0,-50,3,82,105,,,,
73.2,7417,96.60575603,34.73577016,126.4070476,0.162486,-0.748848,,,0,7,5503,88,0,-45,3,82,105,,,,
73.3,7426,97.20476525,34.73576524,126.4070771,0.159267,-0.748357,,,0,7,5548,100,0,-39,3,82,105,,,,
73.4,7435,97.70476144,34.73576098,126.4071069,0.152881,-0.762518,,,0,7,5550,100,0,-39,3,82,105,,,,
73.5,7444,98.20475763,34.73575743,126.4071369,0.14524,-0.790656,,,0,7,5594,100,0,-39,3,82,105,,,,
73.6,7453,98.70476025,34.73575465,126.4071673,0.138261,-0.828322,,,0,7,5616,100,0,-39,3,82,105,,,,
73.7,7462,99.20475644,34.73575279,126.407198,0.134488,-0.872278,,,0,7,5660,100,0,-39,3,82,105,,,,
73.8,7471,99.70475907,34.73575207,126.407229,0.135782,-0.914265,,,0,7,5703,100,0,-38,3,82,105,,,,
73.9,7480,100.2047553,34.73575226,126.4072603,0.138975,-0.948591,,,0,7,5748,100,0,-38,3,82,105,,,,
74,7489,100.7057525,34.73575337,126.4072919,0.142799,-0.973982,,,0,7,5780,100,0,-38,3,82,105,,,,
74.1,7499,101.3047488,34.73575537,126.4073236,0.14661,-0.989163,,,0,7,5861,100,0,-42,3,82,105,,,,
74.2,7508,101.804753,34.7357583,126.4073554,0.149166,-0.992904,,,0,7,5874,100,0,-49,3,81,105,,,,
74.3,7517,102.3047492,34.73576225,126.4073874,0.152378,-0.988379,,,0,7,5930,100,0,-48,3,81,105,,,,
74.4,7527,102.8057464,34.73576699,126.4074194,0.158145,-0.977481,,,0,7,5965,100,0,-40,3,81,105,,,,
74.5,7536,103.405755,34.7357725,126.4074515,0.167106,-0.960216,,,0,7,6005,100,0,-37,3,81,105,,,,
74.6,7546,104.0067405,34.73577873,126.4074836,0.179897,-0.937183,,,0,7,6056,100,0,-26,3,81,105,,,,
74.7,7555,104.7047499,34.7357857,126.4075157,0.197156,-0.905215,,,0,7,6094,100,0,-25,3,81,105,,,,
74.8,7565,105.207754,34.73579346,126.4075478,0.219481,-0.863056,,,0,7,6097,100,0,-24,3,81,105,,,,
74.9,7574,106.0087402,34.73580177,126.40758,0.243687,-0.81135,,,0,7,6118,100,0,-22,3,81,105,,,,
75,7584,106.9107399,34.73581061,126.4076122,0.266592,-0.751391,,,0,7,6161,100,0,-21,3,81,105,,,,
75.1,7594,108.0107398,34.73581993,126.4076445,0.285655,-0.686364,,,0,7,6303,100,0,-20,3,81,105,,,,
75.2,7604,109.1097211,34.7358297,126.4076769,0.298962,-0.619522,,,0,7,6145,100,0,-18,3,81,105,,,,
75.3,7614,110.1107322,34.73583996,126.4077093,0.304653,-0.560353,,,0,7,6237,100,0,-18,3,81,105,,,,
75.4,7624,111.2097263,34.7358506,126.4077418,0.305883,-0.511394,,,0,7,6293,100,0,-17,3,81,104,,,,
75.5,7634,112.2117207,34.73586163,126.4077744,0.302671,-0.473894,,,0,7,6362,100,0,-17,3,81,103,,,,
75.6,7645,113.4097134,34.73587304,126.4078071,0.296922,-0.446565,,,0,7,6364,100,0,-16,3,81,103,,,,
75.7,7655,114.4097187,34.73588484,126.4078399,0.289912,-0.426802,,,0,7,6425,100,0,-16,3,81,103,,,,
75.8,7666,115.4097111,34.73589709,126.4078728,0.282908,-0.40637,,,0,7,6519,100,0,-15,3,81,103,,,,
75.9,7676,116.4087105,34.73590967,126.4079057,0.276534,-0.382087,,,0,7,6531,100,0,-13,3,81,103,,,,
76,7687,117.3097156,34.73592255,126.4079387,0.270155,-0.351439,,,0,7,6516,100,0,0,3,81,103,,,,
76.1,7698,118.3087134,34.73593569,126.4079717,0.263151,-0.315054,,,0,7,6609,100,0,0,3,81,103,,,,
76.2,7708,119.2087126,34.73594906,126.4080048,0.256771,-0.272946,,,0,7,6649,100,0,0,3,81,103,,,,
76.3,7719,120.108699,34.73596263,126.4080381,0.249761,-0.226415,,,0,7,6704,100,0,0,3,81,103,,,,
76.4,7730,121.0077021,34.7359763,126.4080714,0.242756,-0.179266,,,0,7,6684,100,0,0,3,81,103,,,,
76.5,7742,121.8077066,34.73599006,126.4081049,0.236396,-0.133404,,,0,7,6739,100,0,0,3,81,103,,,,
76.6,7753,122.6076983,34.73600387,126.4081386,0.231304,-0.090136,,,0,7,6793,100,0,0,3,81,103,,,,
76.7,7764,123.4077028,34.73601773,126.4081724,0.226855,-0.053892,,,0,7,6833,100,0,0,3,81,103,,,,
76.8,7775,124.2077073,34.73603164,126.4082065,0.223669,-0.02592,,,0,7,6907,100,0,0,3,81,103,,,,
76.9,7787,125.007699,34.73604558,126.4082408,0.220488,-0.004945,,,0,7,6883,100,0,0,3,81,103,,,,
77,7798,125.8077035,34.73605957,126.4082754,0.217933,0.010306,,,0,7,6948,100,0,0,3,81,103,,,,
77.1,7810,126.6066893,34.7360736,126.4083101,0.21474,0.021115,,,0,7,6972,100,0,0,3,81,103,,,,
77.2,7821,127.3066862,34.73608767,126.4083451,0.210897,0.0294,,,0,7,7009,100,0,1,3,81,103,,,,
77.3,7833,128.0066847,34.7361018,126.4083804,0.205148,0.037691,,,0,7,7063,100,0,2,3,81,103,,,,
77.4,7845,128.7066816,34.73611597,126.4084158,0.198118,0.046614,,,0,7,7112,100,0,3,3,81,103,,,,
77.5,7856,129.4066914,34.73613016,126.4084514,0.18917,0.05553,,,0,7,7120,100,0,3,3,81,103,,,,
77.6,7868,130.1056938,34.73614436,126.4084872,0.177686,0.063815,,,0,7,7165,100,0,3,3,81,103,,,,
77.7,7880,130.7056847,34.73615857,126.4085232,0.164933,0.072062,,,0,7,7183,100,0,3,3,81,103,,,,
77.8,7892,131.3046811,34.73617278,126.4085594,0.151562,0.076485,,,0,7,7224,100,0,3,3,81,103,,,,
77.9,7904,131.8046788,34.73618696,126.4085957,0.139485,0.077072,,,0,7,7271,100,0,3,3,81,103,,,,
78,7916,132.3036805,34.73620113,126.4086322,0.1306,0.072566,,,0,7,7275,100,0,3,2,81,103,,,,
78.1,7928,132.7036707,34.73621528,126.4086688,0.125559,0.063586,,,0,7,7369,0,0,3,1,81,103,,,,
78.2,7940,133.103685,34.73622942,126.4087056,0.126247,0.048896,,,0,7,7317,1,0,3,0,81,103,,,,
78.3,7953,133.5046681,34.73624358,126.4087425,0.132002,0.031051,,,0,7,7060,100,0,3,0,81,103,,,,
78.4,7965,134.0046659,34.73625778,126.4087796,0.139663,0.013212,,,0,7,6355,100,0,2,0,81,103,,,,
78.5,7977,134.5056696,34.73627203,126.4088168,0.148573,-0.003958,,,0,7,5680,100,0,0,0,81,103,,,,
78.6,7989,135.1046772,34.73628635,126.4088541,0.156208,-0.01729,,,0,7,5904,100,0,0,0,81,103,,,,
78.7,8002,135.6066754,34.73630076,126.4088916,0.162549,-0.025512,,,0,7,5832,100,0,0,0,81,103,,,,
78.8,8014,136.3056665,34.73631527,126.4089292,0.16571,-0.027366,,,0,7,5901,100,0,0,0,81,103,,,,
78.9,8027,136.9056815,34.73632986,126.408967,0.166322,-0.023511,,,0,7,5906,100,0,0,2,81,103,,,,
79,8039,137.5046537,34.7363445,126.4090049,0.164404,-0.016468,,,0,7,5947,100,0,2,4,81,103,,,,
79.1,8052,138.0056686,34.7363592,126.409043,0.161848,-0.006277,,,0,7,5967,100,0,2,4,81,103,,,,
79.2,8064,138.604665,34.73637394,126.4090812,0.158668,0.003257,,,0,7,5989,100,0,2,4,81,103,,,,
79.3,8077,139.1056686,34.73638871,126.4091197,0.156125,0.010242,,,0,7,6023,100,0,2,4,81,103,,,,
79.4,8090,139.7046521,34.7364035,126.4091582,0.154219,0.014671,,,0,7,6041,100,0,2,4,81,103,,,,
79.5,8103,140.2056557,34.73641834,126.409197,0.152945,0.01594,,,0,7,6060,100,0,1,4,81,103,,,,
79.6,8115,140.8046521,34.73643321,126.4092359,0.151683,0.016571,,,0,7,6088,100,0,1,4,81,103,,,,
79.7,8128,141.3046483,34.73644814,126.4092749,0.151677,0.016583,,,0,7,6102,100,0,1,4,81,103,,,,
79.8,8141,141.8056648,34.73646314,126.4093141,0.151046,0.017852,,,0,7,6117,100,0,1,4,81,103,,,,
79.9,8154,142.4046611,34.7364782,126.4093535,0.151046,0.018495,,,0,7,6140,100,0,1,4,81,103,,,,
80,8167,142.9046573,34.73649331,126.409393,0.151039,0.019757,,,0,7,6182,100,0,1,4,81,103,,,,
80.1,8180,143.405661,34.73650849,126.4094327,0.150415,0.019757,,,0,7,6194,100,0,1,4,81,103,,,,
80.2,8193,144.0046444,34.73652376,126.4094726,0.151046,0.019751,,,0,7,6209,100,0,1,4,81,103,,,,
80.3,8207,144.5046422,34.73653904,126.4095126,0.151046,0.01912,,,0,7,6247,100,0,1,4,81,103,,,,
80.4,8220,145.0056443,34.73655431,126.4095526,0.151046,0.019113,,,0,7,6250,100,0,2,4,81,103,,,,
80.5,8233,145.6046406,34.73656966,126.4095929,0.151046,0.01847,,,0,7,6290,100,0,2,4,81,103,,,,
80.6,8246,146.1046497,34.73658511,126.4096334,0.151046,0.017195,,,0,7,6291,100,0,2,4,81,103,,,,
80.7,8260,146.6056533,34.73660057,126.409674,0.151052,0.01592,,,0,7,6348,100,0,2,4,81,103,,,,
80.8,8273,147.2046368,34.73661602,126.4097145,0.151683,0.01462,,,0,7,6329,100,0,2,4,81,103,,,,
80.9,8287,147.7046346,34.73663155,126.4097554,0.151683,0.010771,,,0,7,6391,100,0,2,4,81,103,,,,
81,8300,148.2056366,34.73664714,126.4097964,0.151689,0.004398,,,0,7,6382,100,0,2,4,81,103,,,,
81.1,8314,148.8046329,34.73666278,126.4098376,0.152308,-0.002007,,,0,7,6420,100,0,1,4,81,103,,,,
81.2,8327,149.3056366,34.73667847,126.4098789,0.150867,-0.011637,,,0,7,6429,100,0,0,4,81,103,,,,
81.3,8341,149.9036384,34.73669422,126.4099205,0.132837,-0.028265,,,0,7,6470,100,0,0,4,81,103,,,,
81.4,8355,150.302634,34.73671005,126.4099621,0.096357,-0.050597,,,0,7,6470,100,0,0,4,81,103,,,,
81.5,8368,150.6026294,34.73672596,126.4100037,0.044594,-0.075452,,,0,7,6498,100,0,0,4,81,103,,,,
81.6,8382,150.8966462,34.73674193,126.4100452,-0.021172,-0.100302,,,0,7,6517,0,0,0,4,81,102,,,,
81.7,8396,150.5956304,34.73675797,126.4100865,-0.099008,-0.12452,,,0,7,6422,0,0,0,4,81,102,,,,
81.8,8410,150.1916265,34.73677404,126.4101274,-0.185053,-0.148732,,,0,7,6296,0,0,0,4,81,102,,,,
81.9,8423,149.3876437,34.73679012,126.410168,-0.271697,-0.172313,,,0,7,6382,0,32,0,4,81,102,,,,
82,8437,148.1846283,34.73680618,126.4102081,-0.355103,-0.1959,,,0,7,6288,0,27,0,3,81,102,,,,
82.1,8450,146.6836323,34.73682221,126.4102477,-0.430173,-0.220137,,,0,7,6175,42,100,0,1,81,102,,,,
82.2,8463,145.078652,34.73683819,126.4102866,-0.49179,-0.246325,,,0,7,6303,29,100,0,0,81,102,,,,
82.3,8476,142.98066,34.73685414,126.4103248,-0.533025,-0.278261,,,0,7,6567,0,100,0,0,81,102,,,,
82.4,8489,141.0786664,34.73687009,126.4103622,-0.555101,-0.317227,,,0,7,7212,0,100,0,0,81,102,,,,
82.5,8502,138.9776553,34.73688611,126.410399,-0.554247,-0.365128,,,0,7,7415,0,100,0,0,81,102,,,,
82.6,8514,136.7836726,34.73690226,126.4104351,-0.531699,-0.423233,,,0,7,7394,0,100,0,0,81,102,,,,
82.7,8527,135.1826562,34.73691865,126.4104706,-0.484983,-0.492153,,,0,7,7169,0,100,0,0,81,102,,,,
82.8,8539,133.4866693,34.73693547,126.4105052,-0.419269,-0.569926,,,0,7,7110,0,100,-19,0,81,102,,,,
82.9,8551,132.1896764,34.73695275,126.4105392,-0.346614,-0.649534,,,0,7,7086,0,5,-26,0,81,102,,,,
83,8563,131.192679,34.73697055,126.4105727,-0.274017,-0.723355,,,0,7,7094,0,0,-25,0,81,102,,,,
83.1,8575,130.4926821,34.73698891,126.4106056,-0.207219,-0.786297,,,0,7,7048,0,0,-23,1,81,102,,,,
83.2,8587,129.798688,34.7370079,126.4106378,-0.152581,-0.833905,,,0,7,7048,10,0,-23,3,81,102,,,,
83.3,8598,129.69668,34.73702761,126.4106693,-0.115088,-0.862457,,,0,7,7063,19,0,-26,3,81,102,,,,
83.4,8610,129.39569,34.73704786,126.4107003,-0.088422,-0.878288,,,0,7,7087,31,0,-25,3,81,102,,,,
83.5,8622,128.9966831,34.73706864,126.4107306,-0.071922,-0.883954,,,0,7,7101,33,0,-25,3,81,102,,,,
83.6,8634,128.6966876,34.73708992,126.4107603,-0.062413,-0.882653,,,0,7,7084,32,0,-25,3,81,102,,,,
83.7,8645,128.3976868,34.73711173,126.4107893,-0.05799,-0.878874,,,0,7,7057,31,0,-25,3,81,102,,,,
83.8,8657,128.1976844,34.73713416,126.4108176,-0.057384,-0.879582,,,0,7,7056,31,0,-25,3,81,102,,,,
83.9,8669,127.9976837,34.73715709,126.4108452,-0.059953,-0.887306,,,0,7,7048,31,0,-26,3,81,102,,,,
84,8680,127.7986904,34.73718051,126.4108721,-0.064433,-0.902659,,,0,7,7037,31,0,-26,3,81,102,,,,
84.1,8692,127.6966937,34.73720442,126.4108983,-0.070819,-0.923716,,,0,7,7023,31,0,-26,3,81,102,,,,
84.2,8704,127.3966982,34.73722886,126.4109237,-0.078461,-0.947284,,,0,7,7010,31,0,-26,3,81,102,,,,
84.3,8715,127.0966915,34.73725387,126.410948,-0.085465,-0.969552,,,0,7,7000,31,0,-47,3,81,102,,,,
84.4,8727,126.796696,34.73727931,126.4109715,-0.091813,-0.98799,,,0,7,6992,30,0,-46,3,81,102,,,,
84.5,8738,126.4956802,34.73730516,126.4109941,-0.095611,-1.00196,,,0,7,6978,28,0,-39,3,81,102,,,,
84.6,8750,126.0966975,34.7373314,126.4110158,-0.096854,-1.010838,,,0,7,6964,29,0,-39,3,81,102,,,,
84.7,8761,125.7956962,34.73735804,126.4110365,-0.09491,-1.015236,,,0,7,6953,29,0,-39,3,81,102,,,,
84.8,8773,125.3967006,34.73738514,126.4110561,-0.089799,-1.013279,,,0,7,6936,30,0,-43,3,81,102,,,,
84.9,8784,125.0966922,34.73741258,126.4110747,-0.083419,-1.006874,,,0,7,6918,31,0,-45,3,81,102,,,,
85,8795,124.7976913,34.73744036,126.4110925,-0.076408,-0.997282,,,0,7,6901,32,0,-40,3,81,102,,,,
85.1,8807,124.596696,34.73746847,126.4111093,-0.069404,-0.984517,,,0,7,6881,33,0,-42,3,81,102,,,,
85.2,8818,124.2976952,34.73749693,126.4111252,-0.06305,-0.969858,,,0,7,6937,33,0,-46,3,81,102,,,,
85.3,8829,124.0976944,34.73752576,126.4111401,-0.058614,-0.955213,,,0,7,6888,32,0,-45,3,81,102,,,,
85.4,8841,123.8976937,34.73755485,126.4111541,-0.056722,-0.941848,,,0,7,6885,33,0,-45,3,81,102,,,,
85.5,8852,123.6977042,34.73758419,126.4111672,-0.056753,-0.930408,,,0,6,6933,33,0,-43,3,81,102,,,,
85.6,8863,123.4976906,34.73761374,126.4111795,-0.059991,-0.922155,,,0,6,6839,32,0,-43,3,81,102,,,,
85.7,8874,123.2977028,34.73764348,126.4111907,-0.068346,-0.917082,,,0,6,6845,33,0,-50,3,81,102,,,,
85.8,8886,123.0956872,34.73767339,126.4112009,-0.083719,-0.914551,,,0,6,6857,33,0,-45,3,81,102,,,,
85.9,8897,122.6967044,34.7377034,126.4112101,-0.106745,-0.913921,,,0,6,6873,32,0,-39,3,81,102,,,,
86,8908,122.396709,34.73773345,126.4112184,-0.138069,-0.913908,,,0,6,6872,30,0,-37,3,81,102,,,,
86.1,8919,122.0916924,34.73776351,126.4112257,-0.178947,-0.912601,,,0,7,6871,0,0,-26,3,81,102,,,,
86.2,8930,121.28971,34.73779351,126.4112321,-0.228697,-0.908038,,,0,7,6672,0,0,-39,3,81,102,,,,
86.3,8941,120.2897176,34.73782335,126.4112373,-0.282219,-0.893265,,,0,7,6594,0,0,-27,3,81,102,,,,
86.4,8952,119.2867045,34.73785296,126.4112417,-0.334448,-0.866994,,,0,7,6537,0,98,-37,3,81,102,,,,
86.5,8963,117.9847017,34.73788229,126.4112452,-0.383471,-0.82669,,,0,7,6417,0,100,-26,3,81,102,,,,
86.6,8973,116.4837186,34.7379113,126.411248,-0.427388,-0.771026,,,0,7,6337,0,100,-19,3,81,102,,,,
86.7,8984,114.8817204,34.73793986,126.4112501,-0.465558,-0.693687,,,0,7,6213,0,100,-17,3,81,102,,,,
86.8,8994,113.0807289,34.73796784,126.4112515,-0.496742,-0.594087,,,0,7,6131,0,98,-12,2,81,102,,,,
86.9,9004,111.1807373,34.73799529,126.4112526,-0.523458,-0.476653,,,0,7,6072,21,87,0,1,81,102,,,,
87,9014,109.2797382,34.73802219,126.4112534,-0.545076,-0.342669,,,0,7,6032,69,100,0,0,81,102,,,,
87.1,9024,107.2807464,34.73804854,126.4112542,-0.561596,-0.194058,,,0,7,6545,64,100,0,0,81,102,,,,
87.2,9034,105.3767395,34.73807429,126.4112551,-0.572998,-0.034039,,,0,7,7277,0,100,7,0,81,102,,,,
87.3,9043,103.0787468,34.73809932,126.4112564,-0.577414,0.130995,,,0,7,7275,0,100,23,0,81,102,,,,
87.4,9052,100.98075,34.73812379,126.4112581,-0.577414,0.292773,,,0,7,7363,0,100,49,0,81,102,,,,
87.5,9061,99.08075197,34.73814769,126.4112605,-0.577452,0.444297,,,0,7,7283,0,100,60,0,81,102,,,,
87.6,9070,97.17976576,34.73817098,126.4112635,-0.581378,0.579824,,,0,7,7175,0,100,78,0,81,102,,,,
87.7,9079,95.18377056,34.73819356,126.4112674,-0.59552,0.692999,,,0,7,7022,0,100,105,0,81,102,,,,
87.8,9087,93.57876452,34.73821524,126.4112723,-0.621663,0.779497,,,0,7,6784,0,100,126,0,81,102,,,,
87.9,9096,91.47377516,34.73823612,126.411278,-0.648973,0.848181,,,0,7,6476,0,100,131,1,81,102,,,,
88,9104,88.87278399,34.73825619,126.4112846,-0.66662,0.902251,,,0,7,6177,0,100,134,2,81,102,,,,
88.1,9112,86.17779288,34.73827544,126.411292,-0.664421,0.946118,,,0,7,5990,0,100,151,2,81,102,,,,
88.2,9119,83.97379692,34.73829383,126.4113003,-0.63353,0.979132,,,0,7,5805,0,100,151,2,81,102,,,,
88.3,9127,81.37979834,34.73831133,126.4113095,-0.572857,0.999449,,,0,7,5659,0,100,157,2,81,102,,,,
88.4,9134,79.38481058,34.73832823,126.4113195,-0.499514,1.012139,,,0,7,5478,0,100,157,2,81,102,,,,
88.5,9141,77.88581498,34.73834457,126.4113301,-0.421136,1.01913,,,0,7,5564,0,5,161,2,81,102,,,,
88.6,9148,76.48880969,34.73836037,126.4113415,-0.344122,1.024254,,,0,7,5501,0,0,163,2,81,102,,,,
88.7,9155,75.39581516,34.73837563,126.4113536,-0.27735,1.031991,,,0,7,5463,0,0,163,2,81,102,,,,
88.8,9162,74.99381652,34.73839021,126.4113667,-0.22516,1.048619,,,0,7,5508,0,0,162,2,81,102,,,,
88.9,9168,74.39281976,34.73840418,126.4113805,-0.179922,1.070938,,,0,7,5431,0,0,157,2,81,102,,,,
89,9175,73.69282123,34.73841748,126.4113951,-0.135915,1.094487,,,0,7,5358,7,0,151,2,81,102,,,,
89.1,9182,72.99782132,34.7384301,126.4114105,-0.088702,1.114786,,,0,7,5393,10,0,125,2,81,102,,,,
89.2,9188,72.80082201,34.73844197,126.4114268,-0.036429,1.125461,,,0,7,5435,21,0,107,2,81,102,,,,
89.3,9195,72.90082317,34.73845297,126.4114441,0.017061,1.120241,,,0,7,5542,68,0,105,2,81,102,,,,
89.4,9202,73.00282475,34.73846333,126.4114622,0.066071,1.102951,,,0,7,5793,80,0,109,2,81,102,,,,
89.5,9208,73.30482223,34.73847306,126.411481,0.108689,1.077413,,,0,7,5852,75,0,112,2,81,102,,,,
89.6,9215,73.80581943,34.73848217,126.4115006,0.143034,1.047453,,,0,7,5842,70,0,112,2,81,102,,,,
89.7,9222,74.4078172,34.73849062,126.411521,0.170414,1.016842,,,0,7,5907,69,0,107,2,81,102,,,,
89.8,9229,75.20782172,34.73849831,126.4115421,0.195238,0.984307,,,0,7,6040,69,0,99,2,81,102,,,,
89.9,9236,76.00681236,34.73850547,126.4115637,0.216856,0.948521,,,0,7,6209,69,0,50,2,81,102,,,,
90,9243,76.70681732,34.73851208,126.4115858,0.233388,0.903207,,,0,7,6195,67,0,23,2,81,102,,,,
90.1,9250,77.40981083,34.73851799,126.4116086,0.246185,0.851826,,,0,7,6185,65,0,49,2,81,103,,,,
90.2,9257,78.40980965,34.73852288,126.4116324,0.264024,0.824415,,,0,7,6223,65,0,59,2,81,103,,,,
90.3,9264,79.40980846,34.73852776,126.4116562,0.281238,0.796373,,,0,7,6278,68,0,60,2,81,103,,,,
90.4,9271,80.41080185,34.73853265,126.41168,0.299026,0.768318,,,0,7,6360,72,0,59,2,81,103,,,,
90.5,9279,81.51080183,34.73853674,126.4117046,0.311065,0.738982,,,0,7,6453,79,0,58,2,81,103,,,,
90.6,9286,82.61079538,34.73853983,126.4117302,0.31617,0.707753,,,0,7,6523,83,0,54,2,81,103,,,,
90.7,9294,83.7108018,34.73854292,126.4117557,0.321899,0.676525,,,0,7,6614,86,0,52,2,81,102,,,,
90.8,9302,84.81079534,34.73854601,126.4117813,0.326819,0.644964,,,0,7,6754,89,0,48,2,81,102,,,,
90.9,9310,85.90979432,34.73854835,126.4118076,0.314015,0.580493,,,0,7,6858,93,0,47,2,81,102,,,,
91,9318,86.9107877,34.73855021,126.4118344,0.295559,0.50599,,,0,7,6899,100,0,25,2,81,102,,,,
91.1,9326,88.00878567,34.7385518,126.4118616,0.279613,0.437803,,,0,7,6981,100,0,23,2,81,102,,,,
91.2,9334,88.90978593,34.738553,126.4118891,0.262386,0.370265,,,0,7,7077,100,0,23,2,81,102,,,,
91.3,9342,89.9087773,34.73855391,126.411917,0.243298,0.304742,,,0,7,7183,100,0,23,2,81,102,,,,
91.4,9350,90.80577996,34.73855485,126.411945,0.22741,0.251335,,,0,7,7230,100,0,23,2,81,102,,,,
91.5,9358,91.40577732,34.73855576,126.4119731,0.215995,0.210661,,,0,7,7243,100,0,23,2,81,102,,,,
91.6,9367,92.0077767,34.73855661,126.4120013,0.21031,0.181446,,,0,7,7370,0,0,22,1,81,102,,,,
91.7,9375,92.80777478,34.73855743,126.4120297,0.209718,0.162352,,,0,7,7345,0,0,11,0,81,102,,,,
91.8,9384,93.60676542,34.73855818,126.4120583,0.213554,0.145756,,,0,7,7060,1,0,11,0,81,102,,,,
91.9,9392,94.30776979,34.73855887,126.4120871,0.218653,0.126611,,,0,7,6256,100,0,23,0,81,102,,,,
92,9401,95.10776144,34.73855954,126.4121161,0.223745,0.104891,,,0,7,5396,100,0,23,0,81,102,,,,
92.1,9410,95.90776596,34.73856019,126.4121454,0.228194,0.078091,,,0,7,5258,100,0,22,0,81,102,,,,
92.2,9419,96.70876505,34.73856085,126.4121749,0.231348,0.048131,,,0,7,5365,100,0,4,0,81,102,,,,
92.3,9428,97.60775686,34.73856152,126.4122047,0.231342,0.01759,,,0,7,5386,100,0,0,0,81,102,,,,
92.4,9437,98.40776139,34.73856223,126.4122348,0.230698,-0.007852,,,0,7,5393,100,0,0,0,81,102,,,,
92.5,9446,99.20775947,34.73856299,126.4122651,0.229424,-0.02817,,,0,7,5430,100,0,0,1,81,102,,,,
92.6,9455,100.0077511,34.73856378,126.4122957,0.228155,-0.040839,,,0,7,5520,100,0,0,3,81,102,,,,
92.7,9464,100.8077556,34.73856462,126.4123265,0.227518,-0.045881,,,0,7,5555,100,0,0,3,81,103,,,,
92.8,9473,101.6077473,34.73856549,126.4123576,0.226881,-0.045224,,,0,7,5582,100,0,0,3,81,103,,,,
92.9,9482,102.4077518,34.73856638,126.412389,0.226243,-0.042681,,,0,7,5635,100,0,0,3,81,103,,,,
93,9492,103.2077563,34.73856728,126.4124205,0.225619,-0.040782,,,0,7,5674,100,0,0,3,81,103,,,,
93.1,9501,104.007748,34.73856819,126.4124523,0.226256,-0.040177,,,0,7,5719,100,0,0,3,81,103,,,,
93.2,9511,104.8077525,34.73856914,126.4124844,0.2269,-0.042758,,,0,6,5772,100,0,0,3,81,103,,,,
93.3,9520,105.6077442,34.73857014,126.4125167,0.228174,-0.048513,,,0,6,5815,100,0,0,3,81,103,,,,
93.4,9530,106.4077487,34.73857122,126.4125492,0.229449,-0.056161,,,0,6,5852,100,0,0,3,81,103,,,,
93.5,9540,107.2087462,34.73857236,126.412582,0.230717,-0.063802,,,0,6,5920,100,0,0,3,81,103,,,,
93.6,9550,108.107738,34.73857359,126.412615,0.231355,-0.070794,,,0,6,5939,100,0,0,3,81,103,,,,
93.7,9560,108.9077425,34.73857491,126.4126482,0.231979,-0.075867,,,0,6,5980,100,0,0,3,81,103,,,,
93.8,9570,109.7077341,34.73857634,126.4126818,0.231342,-0.078384,,,0,6,6041,100,0,0,3,81,103,,,,
93.9,9580,110.5077387,34.73857783,126.4127156,0.230705,-0.077715,,,0,6,6079,100,0,0,3,81,103,,,,
94,9590,111.3077303,34.73857939,126.4127496,0.230074,-0.073866,,,0,6,6125,100,0,0,3,81,103,,,,
94.1,9600,112.1087182,34.738581,126.4127839,0.230074,-0.06746,,,0,6,6166,100,0,0,3,81,103,,,,
94.2,9610,113.0077212,34.73858266,126.4128184,0.23008,-0.057862,,,0,6,6223,100,0,0,3,81,103,,,,
94.3,9621,113.8077257,34.73858436,126.4128531,0.230717,-0.044459,,,0,6,6253,100,0,0,3,81,103,,,,
94.4,9631,114.6077174,34.73858609,126.4128882,0.231355,-0.029151,,,0,6,6300,100,0,0,3,81,103,,,,
94.5,9642,115.4077219,34.73858783,126.4129234,0.231986,-0.012581,,,0,6,6344,100,0,0,3,81,103,,,,
94.6,9652,116.2077264,34.73858958,126.4129589,0.231973,0.003977,,,0,6,6393,100,0,1,3,81,103,,,,
94.7,9663,117.0087127,34.73859133,126.4129946,0.230685,0.019241,,,0,6,6444,100,0,3,3,81,103,,,,
94.8,9674,117.9077173,34.73859305,126.4130306,0.228123,0.031305,,,0,7,6480,100,0,3,3,81,103,,,,
94.9,9685,118.7077219,34.73859475,126.4130668,0.224293,0.038902,,,0,7,6495,100,0,3,3,81,103,,,,
95,9696,119.5077135,34.73859642,126.4131033,0.219825,0.041394,,,0,7,6583,100,0,2,3,81,103,,,,
95.1,9706,120.3067106,34.73859806,126.4131399,0.214733,0.038144,,,0,7,6597,100,0,2,3,81,103,,,,
95.2,9717,121.0066962,34.73859967,126.4131768,0.210278,0.02852,,,0,7,6620,100,0,2,3,81,103,,,,
95.3,9729,121.706706,34.73860129,126.4132139,0.206461,0.012568,,,0,7,6712,100,0,1,3,81,103,,,,
95.4,9740,122.4077104,34.73860292,126.4132513,0.203293,-0.005283,,,0,7,6698,100,0,0,3,81,103,,,,
95.5,9751,123.2066946,34.73860458,126.4132888,0.202031,-0.023746,,,0,7,6782,100,0,0,3,81,103,,,,
95.6,9762,123.9056986,34.73860629,126.4133265,0.202031,-0.040285,,,0,7,6828,100,0,0,3,81,103,,,,
95.7,9774,124.5077028,34.73860806,126.4133645,0.202006,-0.053599,,,0,7,6848,100,0,0,3,81,103,,,,
